prefix,0,0,0.321417,false
scroll_clone,0,0,0.000137,false
prefix,0,500,0.992709,false
prefix,0,1000,2.069125,false
prefix,0,1500,3.665834,false
prefix,0,2000,5.400875,false
prefix,0,2500,0.189459,true
prefix,0,3000,0.179041,true
prefix,0,3500,0.178042,true
prefix,0,4000,0.177750,true
prefix,0,4500,0.178125,true
prefix,0,5000,0.169750,true
prefix,0,5500,0.181417,true
prefix,0,6000,0.180375,true
prefix,0,6500,0.181125,true
prefix,0,7000,0.188583,true
prefix,0,7500,0.185584,true
prefix,0,8000,0.187333,true
prefix,0,8500,0.186166,true
prefix,0,9000,0.194167,true
prefix,0,9500,0.181625,true
prefix,0,10000,0.188209,true
prefix,0,10500,0.194875,true
prefix,0,11000,0.203958,true
prefix,0,11500,0.194417,true
prefix,0,12000,0.196625,true
prefix,0,12500,0.202250,true
prefix,0,13000,0.199541,true
prefix,0,13500,0.194500,true
prefix,0,14000,0.204541,true
prefix,0,14500,0.205708,true
prefix,0,15000,0.205250,true
prefix,0,15500,0.204625,true
prefix,0,16000,0.209125,true
prefix,0,16500,0.204333,true
prefix,0,17000,0.210791,true
prefix,0,17500,0.220250,true
prefix,0,18000,0.211000,true
prefix,0,18500,0.228042,true
prefix,0,19000,0.209208,true
prefix,0,19500,0.203375,true
prefix,0,20000,0.218125,true
prefix,0,20500,0.221167,true
prefix,0,21000,0.213500,true
prefix,0,21500,0.211875,true
prefix,0,22000,0.228583,true
prefix,0,22500,0.221791,true
prefix,0,23000,0.223541,true
prefix,0,23500,0.227375,true
prefix,0,24000,0.249458,true
prefix,0,24500,0.223792,true
prefix,0,25000,0.221958,true
prefix,0,25500,0.235458,true
prefix,0,26000,0.231166,true
prefix,0,26500,0.222666,true
prefix,0,27000,0.239541,true
prefix,0,27500,0.234208,true
prefix,0,28000,0.225875,true
prefix,0,28500,0.232125,true
prefix,0,29000,0.242167,true
prefix,0,29500,0.240458,true
prefix,0,30000,0.240041,true
prefix,0,30500,0.241667,true
prefix,0,31000,0.241542,true
prefix,0,31500,0.242375,true
prefix,0,32000,0.247750,true
prefix,0,32500,0.344666,true
prefix,0,33000,0.276250,true
prefix,0,33500,0.261333,true
prefix,0,34000,0.267375,true
prefix,0,34500,0.263875,true
prefix,0,35000,0.267583,true
prefix,0,35500,0.266125,true
prefix,0,36000,0.275791,true
prefix,0,36500,0.275250,true
prefix,0,37000,0.276125,true
prefix,0,37500,0.277000,true
prefix,0,38000,0.277125,true
prefix,0,38500,0.279208,true
prefix,0,39000,0.287791,true
prefix,0,39500,0.276875,true
prefix,0,40000,0.294583,true
prefix,0,40500,0.283125,true
prefix,0,41000,0.288292,true
prefix,0,41500,0.290583,true
prefix,0,42000,0.287834,true
prefix,0,42500,0.286875,true
prefix,0,43000,0.296792,true
prefix,0,43500,0.285041,true
prefix,0,44000,0.291292,true
prefix,0,44500,0.295250,true
prefix,0,45000,0.288291,true
prefix,0,45500,0.297709,true
prefix,0,46000,0.301458,true
prefix,0,46500,0.300583,true
prefix,0,47000,0.302666,true
prefix,0,47500,0.293875,true
prefix,0,48000,0.299583,true
prefix,0,48500,0.306375,true
prefix,0,49000,0.330667,true
prefix,0,49500,0.310167,true
prefix,0,50000,0.311834,true
prefix,0,50500,0.300417,true
prefix,0,51000,0.311208,true
prefix,0,51500,0.315625,true
prefix,0,52000,0.320958,true
prefix,0,52500,0.320500,true
prefix,0,53000,0.316042,true
prefix,0,53500,0.317209,true
prefix,0,54000,0.316167,true
prefix,0,54500,0.318625,true
prefix,0,55000,0.321917,true
prefix,0,55500,0.319125,true
prefix,0,56000,0.317916,true
prefix,0,56500,0.315834,true
prefix,0,57000,0.316334,true
prefix,0,57500,0.319500,true
prefix,0,58000,0.323708,true
prefix,0,58500,0.319459,true
prefix,0,59000,0.346667,true
prefix,0,59500,0.331292,true
prefix,0,60000,0.327625,true
prefix,0,60500,0.331958,true
prefix,0,61000,0.328292,true
prefix,0,61500,0.325166,true
prefix,0,62000,0.333208,true
prefix,0,62500,0.332083,true
prefix,0,63000,0.338208,true
prefix,0,63500,0.332500,true
prefix,0,64000,0.341333,true
prefix,0,64500,0.334458,true
prefix,0,65000,0.340292,true
prefix,0,65500,0.356083,true
prefix,0,66000,0.486417,true
prefix,0,66500,0.473042,true
prefix,0,67000,0.485583,true
prefix,0,67500,0.483750,true
prefix,0,68000,0.500292,true
prefix,0,68500,0.508042,true
prefix,0,69000,0.513958,true
prefix,0,69500,0.493750,true
prefix,0,70000,0.518250,true
prefix,0,70500,0.487083,true
prefix,0,71000,0.488584,true
prefix,0,71500,0.505125,true
prefix,0,72000,0.491458,true
prefix,0,72500,0.537834,true
prefix,0,73000,0.514000,true
prefix,0,73500,0.527458,true
prefix,0,74000,0.501667,true
prefix,0,74500,0.511708,true
prefix,0,75000,0.567542,true
prefix,0,75500,0.522542,true
prefix,0,76000,0.508250,true
prefix,0,76500,0.519875,true
prefix,0,77000,0.516583,true
prefix,0,77500,0.519625,true
prefix,0,78000,0.513041,true
prefix,0,78500,0.540625,true
prefix,0,79000,0.528167,true
prefix,0,79500,0.535417,true
prefix,0,80000,0.522625,true
prefix,0,80500,0.584375,true
prefix,0,81000,0.571042,true
prefix,0,81500,0.554125,true
prefix,0,82000,0.562500,true
prefix,0,82500,0.539666,true
prefix,0,83000,0.564875,true
prefix,0,83500,0.545209,true
prefix,0,84000,0.540000,true
prefix,0,84500,0.525625,true
prefix,0,85000,0.557083,true
prefix,0,85500,0.597666,true
prefix,0,86000,0.571291,true
prefix,0,86500,0.553292,true
prefix,0,87000,0.570708,true
prefix,0,87500,0.603958,true
prefix,0,88000,0.607084,true
prefix,0,88500,0.624042,true
prefix,0,89000,0.583000,true
prefix,0,89500,0.583250,true
prefix,0,90000,0.568042,true
prefix,0,90500,0.593250,true
prefix,0,91000,0.577125,true
prefix,0,91500,0.603167,true
prefix,0,92000,0.632375,true
prefix,0,92500,0.663958,true
prefix,0,93000,0.607500,true
prefix,0,93500,0.596500,true
prefix,0,94000,0.596625,true
prefix,0,94500,0.594000,true
prefix,0,95000,0.602417,true
prefix,0,95500,0.589167,true
prefix,0,96000,0.609458,true
prefix,0,96500,0.660125,true
prefix,0,97000,0.626500,true
prefix,0,97500,0.609750,true
prefix,0,98000,0.642500,true
prefix,0,98500,0.665917,true
prefix,0,99000,0.656042,true
prefix,0,99500,0.659958,true
incremental,0,0,0.307750,false
scroll_clone,0,0,0.000122,false
incremental,0,500,0.702500,false
incremental,0,1000,1.133709,false
incremental,0,1500,1.600417,false
incremental,0,2000,1.987666,false
incremental,0,2500,0.013125,true
incremental,0,3000,0.002000,true
incremental,0,3500,0.001625,true
incremental,0,4000,0.001500,true
incremental,0,4500,0.001583,true
incremental,0,5000,0.001542,true
incremental,0,5500,0.001792,true
incremental,0,6000,0.001750,true
incremental,0,6500,0.001708,true
incremental,0,7000,0.001791,true
incremental,0,7500,0.001708,true
incremental,0,8000,0.001708,true
incremental,0,8500,0.006833,true
incremental,0,9000,0.001875,true
incremental,0,9500,0.001750,true
incremental,0,10000,0.001708,true
incremental,0,10500,0.001750,true
incremental,0,11000,0.001708,true
incremental,0,11500,0.001750,true
incremental,0,12000,0.001750,true
incremental,0,12500,0.001792,true
incremental,0,13000,0.001791,true
incremental,0,13500,0.001666,true
incremental,0,14000,0.001625,true
incremental,0,14500,0.001666,true
incremental,0,15000,0.001792,true
incremental,0,15500,0.001792,true
incremental,0,16000,0.001708,true
incremental,0,16500,0.001791,true
incremental,0,17000,0.001625,true
incremental,0,17500,0.002833,true
incremental,0,18000,0.001750,true
incremental,0,18500,0.001666,true
incremental,0,19000,0.001625,true
incremental,0,19500,0.001666,true
incremental,0,20000,0.001625,true
incremental,0,20500,0.001625,true
incremental,0,21000,0.001791,true
incremental,0,21500,0.001667,true
incremental,0,22000,0.001708,true
incremental,0,22500,0.001667,true
incremental,0,23000,0.001708,true
incremental,0,23500,0.001750,true
incremental,0,24000,0.001958,true
incremental,0,24500,0.001667,true
incremental,0,25000,0.001708,true
incremental,0,25500,0.001750,true
incremental,0,26000,0.001625,true
incremental,0,26500,0.001750,true
incremental,0,27000,0.001667,true
incremental,0,27500,0.001667,true
incremental,0,28000,0.001750,true
incremental,0,28500,0.001709,true
incremental,0,29000,0.001625,true
incremental,0,29500,0.001667,true
incremental,0,30000,0.001792,true
incremental,0,30500,0.001750,true
incremental,0,31000,0.001625,true
incremental,0,31500,0.001625,true
incremental,0,32000,0.001750,true
incremental,0,32500,0.001666,true
incremental,0,33000,0.001708,true
incremental,0,33500,0.001625,true
incremental,0,34000,0.001625,true
incremental,0,34500,0.001750,true
incremental,0,35000,0.001625,true
incremental,0,35500,0.001625,true
incremental,0,36000,0.001792,true
incremental,0,36500,0.001625,true
incremental,0,37000,0.001625,true
incremental,0,37500,0.001625,true
incremental,0,38000,0.001625,true
incremental,0,38500,0.001708,true
incremental,0,39000,0.001708,true
incremental,0,39500,0.001708,true
incremental,0,40000,0.001709,true
incremental,0,40500,0.001709,true
incremental,0,41000,0.001792,true
incremental,0,41500,0.001791,true
incremental,0,42000,0.001708,true
incremental,0,42500,0.001792,true
incremental,0,43000,0.001667,true
incremental,0,43500,0.001750,true
incremental,0,44000,0.001833,true
incremental,0,44500,0.001583,true
incremental,0,45000,0.001625,true
incremental,0,45500,0.001708,true
incremental,0,46000,0.001750,true
incremental,0,46500,0.001584,true
incremental,0,47000,0.001625,true
incremental,0,47500,0.001583,true
incremental,0,48000,0.001750,true
incremental,0,48500,0.001708,true
incremental,0,49000,0.001667,true
incremental,0,49500,0.001708,true
incremental,0,50000,0.001708,true
incremental,0,50500,0.001709,true
incremental,0,51000,0.001709,true
incremental,0,51500,0.001667,true
incremental,0,52000,0.001750,true
incremental,0,52500,0.001625,true
incremental,0,53000,0.001667,true
incremental,0,53500,0.001708,true
incremental,0,54000,0.001708,true
incremental,0,54500,0.001667,true
incremental,0,55000,0.001708,true
incremental,0,55500,0.001625,true
incremental,0,56000,0.001666,true
incremental,0,56500,0.001625,true
incremental,0,57000,0.001625,true
incremental,0,57500,0.001709,true
incremental,0,58000,0.001750,true
incremental,0,58500,0.001667,true
incremental,0,59000,0.001792,true
incremental,0,59500,0.001709,true
incremental,0,60000,0.001750,true
incremental,0,60500,0.001666,true
incremental,0,61000,0.001625,true
incremental,0,61500,0.001750,true
incremental,0,62000,0.001667,true
incremental,0,62500,0.001667,true
incremental,0,63000,0.001708,true
incremental,0,63500,0.001625,true
incremental,0,64000,0.001750,true
incremental,0,64500,0.001583,true
incremental,0,65000,0.001625,true
incremental,0,65500,0.001708,true
incremental,0,66000,0.001625,true
incremental,0,66500,0.001583,true
incremental,0,67000,0.001625,true
incremental,0,67500,0.001583,true
incremental,0,68000,0.001875,true
incremental,0,68500,0.001541,true
incremental,0,69000,0.001833,true
incremental,0,69500,0.001750,true
incremental,0,70000,0.001666,true
incremental,0,70500,0.001666,true
incremental,0,71000,0.001667,true
incremental,0,71500,0.001625,true
incremental,0,72000,0.001584,true
incremental,0,72500,0.001667,true
incremental,0,73000,0.001667,true
incremental,0,73500,0.001750,true
incremental,0,74000,0.001625,true
incremental,0,74500,0.001750,true
incremental,0,75000,0.001625,true
incremental,0,75500,0.001667,true
incremental,0,76000,0.001750,true
incremental,0,76500,0.001666,true
incremental,0,77000,0.001625,true
incremental,0,77500,0.001667,true
incremental,0,78000,0.001750,true
incremental,0,78500,0.001625,true
incremental,0,79000,0.001708,true
incremental,0,79500,0.001625,true
incremental,0,80000,0.001625,true
incremental,0,80500,0.001667,true
incremental,0,81000,0.001625,true
incremental,0,81500,0.001583,true
incremental,0,82000,0.001750,true
incremental,0,82500,0.001792,true
incremental,0,83000,0.001750,true
incremental,0,83500,0.001750,true
incremental,0,84000,0.001792,true
incremental,0,84500,0.001667,true
incremental,0,85000,0.001666,true
incremental,0,85500,0.001583,true
incremental,0,86000,0.001625,true
incremental,0,86500,0.001708,true
incremental,0,87000,0.001708,true
incremental,0,87500,0.001625,true
incremental,0,88000,0.001625,true
incremental,0,88500,0.001667,true
incremental,0,89000,0.001667,true
incremental,0,89500,0.001750,true
incremental,0,90000,0.001708,true
incremental,0,90500,0.001708,true
incremental,0,91000,0.001750,true
incremental,0,91500,0.001833,true
incremental,0,92000,0.001625,true
incremental,0,92500,0.001666,true
incremental,0,93000,0.001583,true
incremental,0,93500,0.001667,true
incremental,0,94000,0.001709,true
incremental,0,94500,0.001708,true
incremental,0,95000,0.001709,true
incremental,0,95500,0.001625,true
incremental,0,96000,0.001708,true
incremental,0,96500,0.001625,true
incremental,0,97000,0.001667,true
incremental,0,97500,0.001750,true
incremental,0,98000,0.001791,true
incremental,0,98500,0.001625,true
incremental,0,99000,0.001625,true
incremental,0,99500,0.001625,true
prefix,1,0,0.289375,false
prefix,1,500,0.936625,false
prefix,1,1000,2.039958,false
prefix,1,1500,3.554625,false
prefix,1,2000,5.514583,false
prefix,1,2500,0.181333,true
prefix,1,3000,0.174250,true
prefix,1,3500,0.180333,true
prefix,1,4000,0.183042,true
prefix,1,4500,0.180542,true
prefix,1,5000,0.172834,true
prefix,1,5500,0.187500,true
prefix,1,6000,0.187625,true
prefix,1,6500,0.185708,true
prefix,1,7000,0.183250,true
prefix,1,7500,0.184625,true
prefix,1,8000,0.182500,true
prefix,1,8500,0.185458,true
prefix,1,9000,0.183334,true
prefix,1,9500,0.187416,true
prefix,1,10000,0.190958,true
prefix,1,10500,0.189334,true
prefix,1,11000,0.190916,true
prefix,1,11500,0.199000,true
prefix,1,12000,0.192167,true
prefix,1,12500,0.197084,true
prefix,1,13000,0.199167,true
prefix,1,13500,0.196667,true
prefix,1,14000,0.197291,true
prefix,1,14500,0.199250,true
prefix,1,15000,0.203334,true
prefix,1,15500,0.197375,true
prefix,1,16000,0.201750,true
prefix,1,16500,0.197458,true
prefix,1,17000,0.202792,true
prefix,1,17500,0.203959,true
prefix,1,18000,0.201250,true
prefix,1,18500,0.202792,true
prefix,1,19000,0.206833,true
prefix,1,19500,0.217292,true
prefix,1,20000,0.214000,true
prefix,1,20500,0.214542,true
prefix,1,21000,0.216583,true
prefix,1,21500,0.217208,true
prefix,1,22000,0.212000,true
prefix,1,22500,0.220208,true
prefix,1,23000,0.226375,true
prefix,1,23500,0.230834,true
prefix,1,24000,0.227250,true
prefix,1,24500,0.226208,true
prefix,1,25000,0.226166,true
prefix,1,25500,0.221583,true
prefix,1,26000,0.225583,true
prefix,1,26500,0.221625,true
prefix,1,27000,0.241750,true
prefix,1,27500,0.234584,true
prefix,1,28000,0.234166,true
prefix,1,28500,0.229917,true
prefix,1,29000,0.237542,true
prefix,1,29500,0.233750,true
prefix,1,30000,0.248500,true
prefix,1,30500,0.246875,true
prefix,1,31000,0.237959,true
prefix,1,31500,0.250958,true
prefix,1,32000,0.237625,true
prefix,1,32500,0.361125,true
prefix,1,33000,0.272750,true
prefix,1,33500,0.262500,true
prefix,1,34000,0.264500,true
prefix,1,34500,0.282459,true
prefix,1,35000,0.285125,true
prefix,1,35500,0.280167,true
prefix,1,36000,0.269583,true
prefix,1,36500,0.281667,true
prefix,1,37000,0.278958,true
prefix,1,37500,0.275792,true
prefix,1,38000,0.287416,true
prefix,1,38500,0.275583,true
prefix,1,39000,0.278583,true
prefix,1,39500,0.276250,true
prefix,1,40000,0.278541,true
prefix,1,40500,0.291000,true
prefix,1,41000,0.287625,true
prefix,1,41500,0.277209,true
prefix,1,42000,0.289583,true
prefix,1,42500,0.299708,true
prefix,1,43000,0.294042,true
prefix,1,43500,0.293583,true
prefix,1,44000,0.295292,true
prefix,1,44500,0.296833,true
prefix,1,45000,0.297208,true
prefix,1,45500,0.297750,true
prefix,1,46000,0.307958,true
prefix,1,46500,0.302334,true
prefix,1,47000,0.298250,true
prefix,1,47500,0.304458,true
prefix,1,48000,0.301458,true
prefix,1,48500,0.305334,true
prefix,1,49000,0.301542,true
prefix,1,49500,0.301584,true
prefix,1,50000,0.306000,true
prefix,1,50500,0.325667,true
prefix,1,51000,0.303958,true
prefix,1,51500,0.329666,true
prefix,1,52000,0.315500,true
prefix,1,52500,0.329125,true
prefix,1,53000,0.313084,true
prefix,1,53500,0.321042,true
prefix,1,54000,0.319834,true
prefix,1,54500,0.325416,true
prefix,1,55000,0.319583,true
prefix,1,55500,0.322167,true
prefix,1,56000,0.319458,true
prefix,1,56500,0.324250,true
prefix,1,57000,0.324750,true
prefix,1,57500,0.325416,true
prefix,1,58000,0.330000,true
prefix,1,58500,0.335542,true
prefix,1,59000,0.336208,true
prefix,1,59500,0.304083,true
prefix,1,60000,0.291417,true
prefix,1,60500,0.291041,true
prefix,1,61000,0.290750,true
prefix,1,61500,0.302875,true
prefix,1,62000,0.313291,true
prefix,1,62500,0.319834,true
prefix,1,63000,0.326125,true
prefix,1,63500,0.318625,true
prefix,1,64000,0.335292,true
prefix,1,64500,0.323375,true
prefix,1,65000,0.351625,true
prefix,1,65500,0.347416,true
prefix,1,66000,0.462833,true
prefix,1,66500,0.444959,true
prefix,1,67000,0.461417,true
prefix,1,67500,0.460834,true
prefix,1,68000,0.466666,true
prefix,1,68500,0.510541,true
prefix,1,69000,0.529583,true
prefix,1,69500,0.529000,true
prefix,1,70000,0.503042,true
prefix,1,70500,0.622167,true
prefix,1,71000,0.491125,true
prefix,1,71500,0.510042,true
prefix,1,72000,0.505000,true
prefix,1,72500,0.546167,true
prefix,1,73000,0.497667,true
prefix,1,73500,0.518458,true
prefix,1,74000,0.450834,true
prefix,1,74500,0.453834,true
prefix,1,75000,0.476708,true
prefix,1,75500,0.443750,true
prefix,1,76000,0.565250,true
prefix,1,76500,0.538417,true
prefix,1,77000,0.560291,true
prefix,1,77500,0.583167,true
prefix,1,78000,0.538875,true
prefix,1,78500,0.519250,true
prefix,1,79000,0.514750,true
prefix,1,79500,0.559334,true
prefix,1,80000,0.543792,true
prefix,1,80500,0.539250,true
prefix,1,81000,0.628625,true
prefix,1,81500,0.535625,true
prefix,1,82000,0.564792,true
prefix,1,82500,0.546167,true
prefix,1,83000,0.554375,true
prefix,1,83500,0.564250,true
prefix,1,84000,0.555750,true
prefix,1,84500,0.538792,true
prefix,1,85000,0.591125,true
prefix,1,85500,0.553041,true
prefix,1,86000,0.506666,true
prefix,1,86500,0.513292,true
prefix,1,87000,0.515084,true
prefix,1,87500,0.500000,true
prefix,1,88000,0.502959,true
prefix,1,88500,0.532416,true
prefix,1,89000,0.518250,true
prefix,1,89500,0.534125,true
prefix,1,90000,0.545041,true
prefix,1,90500,0.524292,true
prefix,1,91000,0.537750,true
prefix,1,91500,0.550833,true
prefix,1,92000,0.659042,true
prefix,1,92500,0.621667,true
prefix,1,93000,0.592292,true
prefix,1,93500,0.602000,true
prefix,1,94000,0.603292,true
prefix,1,94500,0.609459,true
prefix,1,95000,0.660042,true
prefix,1,95500,0.637458,true
prefix,1,96000,0.663792,true
prefix,1,96500,0.645000,true
prefix,1,97000,0.630666,true
prefix,1,97500,0.676667,true
prefix,1,98000,0.650416,true
prefix,1,98500,0.646000,true
prefix,1,99000,0.633125,true
prefix,1,99500,0.592125,true
incremental,1,0,0.292791,false
incremental,1,500,0.698625,false
incremental,1,1000,1.095000,false
incremental,1,1500,1.576958,false
incremental,1,2000,1.930042,false
incremental,1,2500,0.010417,true
incremental,1,3000,0.002000,true
incremental,1,3500,0.001833,true
incremental,1,4000,0.001708,true
incremental,1,4500,0.001625,true
incremental,1,5000,0.001709,true
incremental,1,5500,0.001625,true
incremental,1,6000,0.001667,true
incremental,1,6500,0.001708,true
incremental,1,7000,0.001667,true
incremental,1,7500,0.001709,true
incremental,1,8000,0.001708,true
incremental,1,8500,0.001708,true
incremental,1,9000,0.001708,true
incremental,1,9500,0.001625,true
incremental,1,10000,0.001625,true
incremental,1,10500,0.001625,true
incremental,1,11000,0.001625,true
incremental,1,11500,0.001667,true
incremental,1,12000,0.001709,true
incremental,1,12500,0.001583,true
incremental,1,13000,0.001625,true
incremental,1,13500,0.001709,true
incremental,1,14000,0.001583,true
incremental,1,14500,0.001708,true
incremental,1,15000,0.001625,true
incremental,1,15500,0.001708,true
incremental,1,16000,0.001792,true
incremental,1,16500,0.001625,true
incremental,1,17000,0.001625,true
incremental,1,17500,0.001666,true
incremental,1,18000,0.001625,true
incremental,1,18500,0.002083,true
incremental,1,19000,0.002083,true
incremental,1,19500,0.002167,true
incremental,1,20000,0.001666,true
incremental,1,20500,0.001750,true
incremental,1,21000,0.001625,true
incremental,1,21500,0.001709,true
incremental,1,22000,0.001625,true
incremental,1,22500,0.001625,true
incremental,1,23000,0.001709,true
incremental,1,23500,0.001708,true
incremental,1,24000,0.001625,true
incremental,1,24500,0.001708,true
incremental,1,25000,0.001666,true
incremental,1,25500,0.001583,true
incremental,1,26000,0.001667,true
incremental,1,26500,0.001750,true
incremental,1,27000,0.001709,true
incremental,1,27500,0.001833,true
incremental,1,28000,0.001708,true
incremental,1,28500,0.001667,true
incremental,1,29000,0.001667,true
incremental,1,29500,0.001667,true
incremental,1,30000,0.001708,true
incremental,1,30500,0.001708,true
incremental,1,31000,0.001666,true
incremental,1,31500,0.001625,true
incremental,1,32000,0.001625,true
incremental,1,32500,0.001666,true
incremental,1,33000,0.001667,true
incremental,1,33500,0.001750,true
incremental,1,34000,0.001709,true
incremental,1,34500,0.001750,true
incremental,1,35000,0.001667,true
incremental,1,35500,0.001750,true
incremental,1,36000,0.001625,true
incremental,1,36500,0.001708,true
incremental,1,37000,0.001625,true
incremental,1,37500,0.001625,true
incremental,1,38000,0.001708,true
incremental,1,38500,0.001625,true
incremental,1,39000,0.001750,true
incremental,1,39500,0.001625,true
incremental,1,40000,0.001667,true
incremental,1,40500,0.001750,true
incremental,1,41000,0.001708,true
incremental,1,41500,0.001708,true
incremental,1,42000,0.001708,true
incremental,1,42500,0.001667,true
incremental,1,43000,0.001625,true
incremental,1,43500,0.001584,true
incremental,1,44000,0.001750,true
incremental,1,44500,0.001709,true
incremental,1,45000,0.001625,true
incremental,1,45500,0.001666,true
incremental,1,46000,0.001625,true
incremental,1,46500,0.001666,true
incremental,1,47000,0.001708,true
incremental,1,47500,0.001666,true
incremental,1,48000,0.001709,true
incremental,1,48500,0.001625,true
incremental,1,49000,0.001750,true
incremental,1,49500,0.001708,true
incremental,1,50000,0.001709,true
incremental,1,50500,0.001625,true
incremental,1,51000,0.001666,true
incremental,1,51500,0.001625,true
incremental,1,52000,0.001667,true
incremental,1,52500,0.001625,true
incremental,1,53000,0.001625,true
incremental,1,53500,0.001750,true
incremental,1,54000,0.001709,true
incremental,1,54500,0.001750,true
incremental,1,55000,0.001666,true
incremental,1,55500,0.001625,true
incremental,1,56000,0.001625,true
incremental,1,56500,0.001791,true
incremental,1,57000,0.001584,true
incremental,1,57500,0.001708,true
incremental,1,58000,0.001625,true
incremental,1,58500,0.001750,true
incremental,1,59000,0.001625,true
incremental,1,59500,0.001625,true
incremental,1,60000,0.001708,true
incremental,1,60500,0.001625,true
incremental,1,61000,0.001708,true
incremental,1,61500,0.001750,true
incremental,1,62000,0.001667,true
incremental,1,62500,0.001666,true
incremental,1,63000,0.001708,true
incremental,1,63500,0.001625,true
incremental,1,64000,0.001625,true
incremental,1,64500,0.001625,true
incremental,1,65000,0.001667,true
incremental,1,65500,0.001750,true
incremental,1,66000,0.001750,true
incremental,1,66500,0.001625,true
incremental,1,67000,0.001708,true
incremental,1,67500,0.004000,true
incremental,1,68000,0.001792,true
incremental,1,68500,0.001708,true
incremental,1,69000,0.001750,true
incremental,1,69500,0.001667,true
incremental,1,70000,0.001625,true
incremental,1,70500,0.001667,true
incremental,1,71000,0.001667,true
incremental,1,71500,0.001667,true
incremental,1,72000,0.001667,true
incremental,1,72500,0.001834,true
incremental,1,73000,0.001667,true
incremental,1,73500,0.001708,true
incremental,1,74000,0.001792,true
incremental,1,74500,0.001667,true
incremental,1,75000,0.001750,true
incremental,1,75500,0.001583,true
incremental,1,76000,0.001750,true
incremental,1,76500,0.001625,true
incremental,1,77000,0.001625,true
incremental,1,77500,0.001833,true
incremental,1,78000,0.001708,true
incremental,1,78500,0.001625,true
incremental,1,79000,0.001709,true
incremental,1,79500,0.001625,true
incremental,1,80000,0.001791,true
incremental,1,80500,0.001625,true
incremental,1,81000,0.001667,true
incremental,1,81500,0.001667,true
incremental,1,82000,0.001708,true
incremental,1,82500,0.001709,true
incremental,1,83000,0.001625,true
incremental,1,83500,0.001625,true
incremental,1,84000,0.001667,true
incremental,1,84500,0.001750,true
incremental,1,85000,0.001708,true
incremental,1,85500,0.001625,true
incremental,1,86000,0.001708,true
incremental,1,86500,0.001625,true
incremental,1,87000,0.001709,true
incremental,1,87500,0.001709,true
incremental,1,88000,0.001708,true
incremental,1,88500,0.001708,true
incremental,1,89000,0.001667,true
incremental,1,89500,0.001750,true
incremental,1,90000,0.001583,true
incremental,1,90500,0.001709,true
incremental,1,91000,0.001750,true
incremental,1,91500,0.001708,true
incremental,1,92000,0.001625,true
incremental,1,92500,0.001792,true
incremental,1,93000,0.001750,true
incremental,1,93500,0.001750,true
incremental,1,94000,0.001666,true
incremental,1,94500,0.001667,true
incremental,1,95000,0.001708,true
incremental,1,95500,0.001667,true
incremental,1,96000,0.001750,true
incremental,1,96500,0.001666,true
incremental,1,97000,0.001708,true
incremental,1,97500,0.001625,true
incremental,1,98000,0.001709,true
incremental,1,98500,0.001709,true
incremental,1,99000,0.001667,true
incremental,1,99500,0.001625,true
prefix,2,0,0.289209,false
prefix,2,500,0.971125,false
prefix,2,1000,2.063208,false
prefix,2,1500,3.393625,false
prefix,2,2000,5.350583,false
prefix,2,2500,0.173375,true
prefix,2,3000,0.175250,true
prefix,2,3500,0.171000,true
prefix,2,4000,0.180541,true
prefix,2,4500,0.175750,true
prefix,2,5000,0.172625,true
prefix,2,5500,0.182333,true
prefix,2,6000,0.182208,true
prefix,2,6500,0.187042,true
prefix,2,7000,0.182958,true
prefix,2,7500,0.184166,true
prefix,2,8000,0.183250,true
prefix,2,8500,0.188584,true
prefix,2,9000,0.188416,true
prefix,2,9500,0.188375,true
prefix,2,10000,0.190125,true
prefix,2,10500,0.193709,true
prefix,2,11000,0.190833,true
prefix,2,11500,0.193541,true
prefix,2,12000,0.199084,true
prefix,2,12500,0.191958,true
prefix,2,13000,0.197666,true
prefix,2,13500,0.190500,true
prefix,2,14000,0.200541,true
prefix,2,14500,0.197833,true
prefix,2,15000,0.213417,true
prefix,2,15500,0.208833,true
prefix,2,16000,0.208959,true
prefix,2,16500,0.213458,true
prefix,2,17000,0.205167,true
prefix,2,17500,0.205750,true
prefix,2,18000,0.210000,true
prefix,2,18500,0.204042,true
prefix,2,19000,0.213250,true
prefix,2,19500,0.195542,true
prefix,2,20000,0.193333,true
prefix,2,20500,0.190542,true
prefix,2,21000,0.187542,true
prefix,2,21500,0.205708,true
prefix,2,22000,0.203333,true
prefix,2,22500,0.205875,true
prefix,2,23000,0.214625,true
prefix,2,23500,0.203959,true
prefix,2,24000,0.208833,true
prefix,2,24500,0.210375,true
prefix,2,25000,0.202750,true
prefix,2,25500,0.216708,true
prefix,2,26000,0.209042,true
prefix,2,26500,0.218791,true
prefix,2,27000,0.216167,true
prefix,2,27500,0.230166,true
prefix,2,28000,0.212792,true
prefix,2,28500,0.237625,true
prefix,2,29000,0.220209,true
prefix,2,29500,0.237667,true
prefix,2,30000,0.230958,true
prefix,2,30500,0.222459,true
prefix,2,31000,0.229791,true
prefix,2,31500,0.228166,true
prefix,2,32000,0.233709,true
prefix,2,32500,0.329833,true
prefix,2,33000,0.255625,true
prefix,2,33500,0.255459,true
prefix,2,34000,0.260792,true
prefix,2,34500,0.261875,true
prefix,2,35000,0.267000,true
prefix,2,35500,0.255541,true
prefix,2,36000,0.270416,true
prefix,2,36500,0.275458,true
prefix,2,37000,0.264583,true
prefix,2,37500,0.293416,true
prefix,2,38000,0.277541,true
prefix,2,38500,0.278416,true
prefix,2,39000,0.285584,true
prefix,2,39500,0.290167,true
prefix,2,40000,0.286083,true
prefix,2,40500,0.303042,true
prefix,2,41000,0.295334,true
prefix,2,41500,0.295208,true
prefix,2,42000,0.291542,true
prefix,2,42500,0.292875,true
prefix,2,43000,0.297875,true
prefix,2,43500,0.295667,true
prefix,2,44000,0.301166,true
prefix,2,44500,0.296541,true
prefix,2,45000,0.306083,true
prefix,2,45500,0.300875,true
prefix,2,46000,0.300875,true
prefix,2,46500,0.275333,true
prefix,2,47000,0.264666,true
prefix,2,47500,0.266125,true
prefix,2,48000,0.291083,true
prefix,2,48500,0.271375,true
prefix,2,49000,0.282917,true
prefix,2,49500,0.288792,true
prefix,2,50000,0.289500,true
prefix,2,50500,0.283792,true
prefix,2,51000,0.344417,true
prefix,2,51500,0.316792,true
prefix,2,52000,0.312625,true
prefix,2,52500,0.317958,true
prefix,2,53000,0.323334,true
prefix,2,53500,0.314958,true
prefix,2,54000,0.324500,true
prefix,2,54500,0.329083,true
prefix,2,55000,0.315084,true
prefix,2,55500,0.315250,true
prefix,2,56000,0.321792,true
prefix,2,56500,0.329666,true
prefix,2,57000,0.325583,true
prefix,2,57500,0.321333,true
prefix,2,58000,0.326708,true
prefix,2,58500,0.325416,true
prefix,2,59000,0.332708,true
prefix,2,59500,0.327584,true
prefix,2,60000,0.343083,true
prefix,2,60500,0.346333,true
prefix,2,61000,0.335791,true
prefix,2,61500,0.336500,true
prefix,2,62000,0.335375,true
prefix,2,62500,0.340042,true
prefix,2,63000,0.336834,true
prefix,2,63500,0.342833,true
prefix,2,64000,0.378000,true
prefix,2,64500,0.305333,true
prefix,2,65000,0.301917,true
prefix,2,65500,0.312125,true
prefix,2,66000,0.449833,true
prefix,2,66500,0.452292,true
prefix,2,67000,0.449667,true
prefix,2,67500,0.454709,true
prefix,2,68000,0.467375,true
prefix,2,68500,0.438250,true
prefix,2,69000,0.465666,true
prefix,2,69500,0.539708,true
prefix,2,70000,0.470792,true
prefix,2,70500,0.471750,true
prefix,2,71000,0.469000,true
prefix,2,71500,0.509375,true
prefix,2,72000,0.475084,true
prefix,2,72500,0.528708,true
prefix,2,73000,0.570792,true
prefix,2,73500,0.508375,true
prefix,2,74000,0.544042,true
prefix,2,74500,0.603542,true
prefix,2,75000,0.545417,true
prefix,2,75500,0.528708,true
prefix,2,76000,0.524666,true
prefix,2,76500,0.531375,true
prefix,2,77000,0.582625,true
prefix,2,77500,0.524292,true
prefix,2,78000,0.525167,true
prefix,2,78500,0.527583,true
prefix,2,79000,0.532292,true
prefix,2,79500,0.948209,true
prefix,2,80000,0.561292,true
prefix,2,80500,0.552417,true
prefix,2,81000,0.459292,true
prefix,2,81500,0.487417,true
prefix,2,82000,0.511875,true
prefix,2,82500,0.490916,true
prefix,2,83000,0.502167,true
prefix,2,83500,0.495417,true
prefix,2,84000,0.526833,true
prefix,2,84500,0.525833,true
prefix,2,85000,0.511417,true
prefix,2,85500,0.530792,true
prefix,2,86000,0.520667,true
prefix,2,86500,0.607375,true
prefix,2,87000,0.589584,true
prefix,2,87500,0.613708,true
prefix,2,88000,0.589084,true
prefix,2,88500,0.607041,true
prefix,2,89000,0.610417,true
prefix,2,89500,0.554375,true
prefix,2,90000,0.560083,true
prefix,2,90500,0.671083,true
prefix,2,91000,0.577500,true
prefix,2,91500,0.595875,true
prefix,2,92000,0.567250,true
prefix,2,92500,0.585208,true
prefix,2,93000,0.580583,true
prefix,2,93500,0.588708,true
prefix,2,94000,0.584875,true
prefix,2,94500,0.609583,true
prefix,2,95000,0.604541,true
prefix,2,95500,0.645667,true
prefix,2,96000,0.607875,true
prefix,2,96500,0.614916,true
prefix,2,97000,0.602292,true
prefix,2,97500,0.612083,true
prefix,2,98000,0.638000,true
prefix,2,98500,0.603541,true
prefix,2,99000,0.639042,true
prefix,2,99500,0.692667,true
incremental,2,0,0.282958,false
incremental,2,500,0.683041,false
incremental,2,1000,1.102875,false
incremental,2,1500,1.566750,false
incremental,2,2000,1.910000,false
incremental,2,2500,0.012708,true
incremental,2,3000,0.002750,true
incremental,2,3500,0.002458,true
incremental,2,4000,0.002209,true
incremental,2,4500,0.002042,true
incremental,2,5000,0.002208,true
incremental,2,5500,0.001875,true
incremental,2,6000,0.001709,true
incremental,2,6500,0.001708,true
incremental,2,7000,0.001708,true
incremental,2,7500,0.001708,true
incremental,2,8000,0.001833,true
incremental,2,8500,0.001708,true
incremental,2,9000,0.001666,true
incremental,2,9500,0.001666,true
incremental,2,10000,0.001708,true
incremental,2,10500,0.001625,true
incremental,2,11000,0.001792,true
incremental,2,11500,0.001708,true
incremental,2,12000,0.001625,true
incremental,2,12500,0.001750,true
incremental,2,13000,0.001667,true
incremental,2,13500,0.001750,true
incremental,2,14000,0.002125,true
incremental,2,14500,0.002125,true
incremental,2,15000,0.002125,true
incremental,2,15500,0.002042,true
incremental,2,16000,0.002000,true
incremental,2,16500,0.002041,true
incremental,2,17000,0.001667,true
incremental,2,17500,0.001708,true
incremental,2,18000,0.001708,true
incremental,2,18500,0.001625,true
incremental,2,19000,0.001625,true
incremental,2,19500,0.001625,true
incremental,2,20000,0.002125,true
incremental,2,20500,0.002042,true
incremental,2,21000,0.002084,true
incremental,2,21500,0.002291,true
incremental,2,22000,0.002167,true
incremental,2,22500,0.002042,true
incremental,2,23000,0.002083,true
incremental,2,23500,0.001958,true
incremental,2,24000,0.002125,true
incremental,2,24500,0.002125,true
incremental,2,25000,0.002042,true
incremental,2,25500,0.002125,true
incremental,2,26000,0.001834,true
incremental,2,26500,0.001750,true
incremental,2,27000,0.001625,true
incremental,2,27500,0.001750,true
incremental,2,28000,0.001667,true
incremental,2,28500,0.001708,true
incremental,2,29000,0.001666,true
incremental,2,29500,0.001709,true
incremental,2,30000,0.001750,true
incremental,2,30500,0.001709,true
incremental,2,31000,0.001709,true
incremental,2,31500,0.001667,true
incremental,2,32000,0.001792,true
incremental,2,32500,0.001834,true
incremental,2,33000,0.001750,true
incremental,2,33500,0.001708,true
incremental,2,34000,0.001666,true
incremental,2,34500,0.001625,true
incremental,2,35000,0.001667,true
incremental,2,35500,0.001708,true
incremental,2,36000,0.001625,true
incremental,2,36500,0.001625,true
incremental,2,37000,0.001750,true
incremental,2,37500,0.001792,true
incremental,2,38000,0.001625,true
incremental,2,38500,0.001667,true
incremental,2,39000,0.001708,true
incremental,2,39500,0.001625,true
incremental,2,40000,0.001792,true
incremental,2,40500,0.001708,true
incremental,2,41000,0.001708,true
incremental,2,41500,0.001667,true
incremental,2,42000,0.001625,true
incremental,2,42500,0.001625,true
incremental,2,43000,0.001750,true
incremental,2,43500,0.001625,true
incremental,2,44000,0.001750,true
incremental,2,44500,0.001667,true
incremental,2,45000,0.001750,true
incremental,2,45500,0.001666,true
incremental,2,46000,0.001625,true
incremental,2,46500,0.001625,true
incremental,2,47000,0.001750,true
incremental,2,47500,0.001625,true
incremental,2,48000,0.001750,true
incremental,2,48500,0.001709,true
incremental,2,49000,0.001584,true
incremental,2,49500,0.001708,true
incremental,2,50000,0.001625,true
incremental,2,50500,0.001666,true
incremental,2,51000,0.001667,true
incremental,2,51500,0.001750,true
incremental,2,52000,0.001625,true
incremental,2,52500,0.001709,true
incremental,2,53000,0.001709,true
incremental,2,53500,0.001750,true
incremental,2,54000,0.001625,true
incremental,2,54500,0.001666,true
incremental,2,55000,0.001625,true
incremental,2,55500,0.001792,true
incremental,2,56000,0.001625,true
incremental,2,56500,0.001625,true
incremental,2,57000,0.001625,true
incremental,2,57500,0.001625,true
incremental,2,58000,0.001791,true
incremental,2,58500,0.001625,true
incremental,2,59000,0.001625,true
incremental,2,59500,0.001625,true
incremental,2,60000,0.001667,true
incremental,2,60500,0.001708,true
incremental,2,61000,0.001584,true
incremental,2,61500,0.001750,true
incremental,2,62000,0.001625,true
incremental,2,62500,0.001750,true
incremental,2,63000,0.001666,true
incremental,2,63500,0.001709,true
incremental,2,64000,0.001625,true
incremental,2,64500,0.001667,true
incremental,2,65000,0.001625,true
incremental,2,65500,0.001583,true
incremental,2,66000,0.002125,true
incremental,2,66500,0.002000,true
incremental,2,67000,0.002125,true
incremental,2,67500,0.002166,true
incremental,2,68000,0.002166,true
incremental,2,68500,0.002209,true
incremental,2,69000,0.002167,true
incremental,2,69500,0.002084,true
incremental,2,70000,0.002000,true
incremental,2,70500,0.002000,true
incremental,2,71000,0.002167,true
incremental,2,71500,0.002000,true
incremental,2,72000,0.002084,true
incremental,2,72500,0.002041,true
incremental,2,73000,0.002083,true
incremental,2,73500,0.002083,true
incremental,2,74000,0.002083,true
incremental,2,74500,0.002083,true
incremental,2,75000,0.001791,true
incremental,2,75500,0.001583,true
incremental,2,76000,0.001667,true
incremental,2,76500,0.001709,true
incremental,2,77000,0.001625,true
incremental,2,77500,0.001667,true
incremental,2,78000,0.001750,true
incremental,2,78500,0.001667,true
incremental,2,79000,0.001750,true
incremental,2,79500,0.001708,true
incremental,2,80000,0.001709,true
incremental,2,80500,0.001667,true
incremental,2,81000,0.001750,true
incremental,2,81500,0.001625,true
incremental,2,82000,0.001667,true
incremental,2,82500,0.001625,true
incremental,2,83000,0.001791,true
incremental,2,83500,0.001667,true
incremental,2,84000,0.001750,true
incremental,2,84500,0.001625,true
incremental,2,85000,0.001750,true
incremental,2,85500,0.001666,true
incremental,2,86000,0.001583,true
incremental,2,86500,0.001583,true
incremental,2,87000,0.001584,true
incremental,2,87500,0.001625,true
incremental,2,88000,0.001625,true
incremental,2,88500,0.001625,true
incremental,2,89000,0.001625,true
incremental,2,89500,0.001625,true
incremental,2,90000,0.001625,true
incremental,2,90500,0.001708,true
incremental,2,91000,0.001625,true
incremental,2,91500,0.001667,true
incremental,2,92000,0.001583,true
incremental,2,92500,0.001709,true
incremental,2,93000,0.001625,true
incremental,2,93500,0.001708,true
incremental,2,94000,0.001625,true
incremental,2,94500,0.001667,true
incremental,2,95000,0.001792,true
incremental,2,95500,0.001750,true
incremental,2,96000,0.001709,true
incremental,2,96500,0.001625,true
incremental,2,97000,0.001666,true
incremental,2,97500,0.001625,true
incremental,2,98000,0.001709,true
incremental,2,98500,0.001709,true
incremental,2,99000,0.001584,true
incremental,2,99500,0.001625,true
prefix,3,0,0.277208,false
prefix,3,500,0.965917,false
prefix,3,1000,2.077083,false
prefix,3,1500,3.593166,false
prefix,3,2000,5.490291,false
prefix,3,2500,0.200541,true
prefix,3,3000,0.172917,true
prefix,3,3500,0.171917,true
prefix,3,4000,0.179792,true
prefix,3,4500,0.174041,true
prefix,3,5000,0.180750,true
prefix,3,5500,0.183500,true
prefix,3,6000,0.175541,true
prefix,3,6500,0.174250,true
prefix,3,7000,0.176875,true
prefix,3,7500,0.183250,true
prefix,3,8000,0.187458,true
prefix,3,8500,0.184333,true
prefix,3,9000,0.183375,true
prefix,3,9500,0.185500,true
prefix,3,10000,0.203500,true
prefix,3,10500,0.188792,true
prefix,3,11000,0.194000,true
prefix,3,11500,0.194541,true
prefix,3,12000,0.193292,true
prefix,3,12500,0.196917,true
prefix,3,13000,0.197459,true
prefix,3,13500,0.194750,true
prefix,3,14000,0.199542,true
prefix,3,14500,0.194959,true
prefix,3,15000,0.197250,true
prefix,3,15500,0.201500,true
prefix,3,16000,0.201750,true
prefix,3,16500,0.212334,true
prefix,3,17000,0.201375,true
prefix,3,17500,0.210833,true
prefix,3,18000,0.229000,true
prefix,3,18500,0.218542,true
prefix,3,19000,0.216959,true
prefix,3,19500,0.218834,true
prefix,3,20000,0.212833,true
prefix,3,20500,0.216625,true
prefix,3,21000,0.216000,true
prefix,3,21500,0.215875,true
prefix,3,22000,0.221125,true
prefix,3,22500,0.221750,true
prefix,3,23000,0.224459,true
prefix,3,23500,0.214791,true
prefix,3,24000,0.230541,true
prefix,3,24500,0.232167,true
prefix,3,25000,0.226958,true
prefix,3,25500,0.237625,true
prefix,3,26000,0.225625,true
prefix,3,26500,0.239667,true
prefix,3,27000,0.225584,true
prefix,3,27500,0.236791,true
prefix,3,28000,0.231584,true
prefix,3,28500,0.244792,true
prefix,3,29000,0.237625,true
prefix,3,29500,0.239875,true
prefix,3,30000,0.234959,true
prefix,3,30500,0.251166,true
prefix,3,31000,0.241875,true
prefix,3,31500,0.269125,true
prefix,3,32000,0.241917,true
prefix,3,32500,0.339833,true
prefix,3,33000,0.271084,true
prefix,3,33500,0.272125,true
prefix,3,34000,0.267125,true
prefix,3,34500,0.272792,true
prefix,3,35000,0.269000,true
prefix,3,35500,0.273417,true
prefix,3,36000,0.263458,true
prefix,3,36500,0.256333,true
prefix,3,37000,0.264458,true
prefix,3,37500,0.273459,true
prefix,3,38000,0.259000,true
prefix,3,38500,0.271791,true
prefix,3,39000,0.270625,true
prefix,3,39500,0.267459,true
prefix,3,40000,0.282291,true
prefix,3,40500,0.281084,true
prefix,3,41000,0.279042,true
prefix,3,41500,0.277584,true
prefix,3,42000,0.273792,true
prefix,3,42500,0.278666,true
prefix,3,43000,0.282875,true
prefix,3,43500,0.283750,true
prefix,3,44000,0.290291,true
prefix,3,44500,0.299166,true
prefix,3,45000,0.300167,true
prefix,3,45500,0.297791,true
prefix,3,46000,0.309791,true
prefix,3,46500,0.300500,true
prefix,3,47000,0.296750,true
prefix,3,47500,0.308708,true
prefix,3,48000,0.306083,true
prefix,3,48500,0.306625,true
prefix,3,49000,0.301834,true
prefix,3,49500,0.310000,true
prefix,3,50000,0.309208,true
prefix,3,50500,0.312208,true
prefix,3,51000,0.304209,true
prefix,3,51500,0.312667,true
prefix,3,52000,0.307209,true
prefix,3,52500,0.310250,true
prefix,3,53000,0.386917,true
prefix,3,53500,0.286042,true
prefix,3,54000,0.296041,true
prefix,3,54500,0.302208,true
prefix,3,55000,0.295542,true
prefix,3,55500,0.308084,true
prefix,3,56000,0.307834,true
prefix,3,56500,0.317250,true
prefix,3,57000,0.320375,true
prefix,3,57500,0.321041,true
prefix,3,58000,0.347125,true
prefix,3,58500,0.328833,true
prefix,3,59000,0.331208,true
prefix,3,59500,0.325416,true
prefix,3,60000,0.330625,true
prefix,3,60500,0.330750,true
prefix,3,61000,0.359292,true
prefix,3,61500,0.331250,true
prefix,3,62000,0.331958,true
prefix,3,62500,0.353833,true
prefix,3,63000,0.338875,true
prefix,3,63500,0.338791,true
prefix,3,64000,0.334542,true
prefix,3,64500,0.354125,true
prefix,3,65000,0.354042,true
prefix,3,65500,0.360875,true
prefix,3,66000,0.502375,true
prefix,3,66500,0.483750,true
prefix,3,67000,0.494208,true
prefix,3,67500,0.500542,true
prefix,3,68000,0.521250,true
prefix,3,68500,0.485458,true
prefix,3,69000,0.489584,true
prefix,3,69500,0.478708,true
prefix,3,70000,0.588000,true
prefix,3,70500,0.494542,true
prefix,3,71000,0.491167,true
prefix,3,71500,0.478708,true
prefix,3,72000,0.486417,true
prefix,3,72500,0.488833,true
prefix,3,73000,0.495083,true
prefix,3,73500,0.548458,true
prefix,3,74000,0.504041,true
prefix,3,74500,0.491583,true
prefix,3,75000,0.495667,true
prefix,3,75500,0.500334,true
prefix,3,76000,0.494875,true
prefix,3,76500,0.502584,true
prefix,3,77000,0.502375,true
prefix,3,77500,0.577875,true
prefix,3,78000,0.543542,true
prefix,3,78500,0.535750,true
prefix,3,79000,0.529458,true
prefix,3,79500,0.521166,true
prefix,3,80000,0.563750,true
prefix,3,80500,0.560750,true
prefix,3,81000,0.536042,true
prefix,3,81500,0.630416,true
prefix,3,82000,0.581083,true
prefix,3,82500,0.536667,true
prefix,3,83000,0.520791,true
prefix,3,83500,0.543917,true
prefix,3,84000,0.525375,true
prefix,3,84500,0.525584,true
prefix,3,85000,0.550125,true
prefix,3,85500,0.526208,true
prefix,3,86000,0.540125,true
prefix,3,86500,0.572750,true
prefix,3,87000,0.532750,true
prefix,3,87500,0.538500,true
prefix,3,88000,0.559541,true
prefix,3,88500,0.577667,true
prefix,3,89000,0.591542,true
prefix,3,89500,0.588042,true
prefix,3,90000,0.572292,true
prefix,3,90500,0.581917,true
prefix,3,91000,0.626333,true
prefix,3,91500,0.593208,true
prefix,3,92000,0.619667,true
prefix,3,92500,0.514542,true
prefix,3,93000,0.532917,true
prefix,3,93500,0.537583,true
prefix,3,94000,0.563417,true
prefix,3,94500,0.575708,true
prefix,3,95000,0.614625,true
prefix,3,95500,0.620625,true
prefix,3,96000,0.573541,true
prefix,3,96500,0.575833,true
prefix,3,97000,0.601000,true
prefix,3,97500,0.591750,true
prefix,3,98000,0.599875,true
prefix,3,98500,0.702750,true
prefix,3,99000,0.699875,true
prefix,3,99500,0.671166,true
incremental,3,0,0.292000,false
incremental,3,500,0.695042,false
incremental,3,1000,1.092209,false
incremental,3,1500,1.537000,false
incremental,3,2000,1.861250,false
incremental,3,2500,0.011583,true
incremental,3,3000,0.002000,true
incremental,3,3500,0.001833,true
incremental,3,4000,0.001667,true
incremental,3,4500,0.001667,true
incremental,3,5000,0.001709,true
incremental,3,5500,0.001708,true
incremental,3,6000,0.001750,true
incremental,3,6500,0.001709,true
incremental,3,7000,0.001667,true
incremental,3,7500,0.001791,true
incremental,3,8000,0.001708,true
incremental,3,8500,0.001625,true
incremental,3,9000,0.001875,true
incremental,3,9500,0.001750,true
incremental,3,10000,0.001708,true
incremental,3,10500,0.001709,true
incremental,3,11000,0.001708,true
incremental,3,11500,0.001834,true
incremental,3,12000,0.001584,true
incremental,3,12500,0.001709,true
incremental,3,13000,0.001750,true
incremental,3,13500,0.001583,true
incremental,3,14000,0.001667,true
incremental,3,14500,0.001750,true
incremental,3,15000,0.001750,true
incremental,3,15500,0.001666,true
incremental,3,16000,0.001750,true
incremental,3,16500,0.001833,true
incremental,3,17000,0.001667,true
incremental,3,17500,0.001792,true
incremental,3,18000,0.001791,true
incremental,3,18500,0.001709,true
incremental,3,19000,0.001750,true
incremental,3,19500,0.001750,true
incremental,3,20000,0.001750,true
incremental,3,20500,0.001708,true
incremental,3,21000,0.001583,true
incremental,3,21500,0.001708,true
incremental,3,22000,0.001666,true
incremental,3,22500,0.001708,true
incremental,3,23000,0.001708,true
incremental,3,23500,0.001625,true
incremental,3,24000,0.001667,true
incremental,3,24500,0.001584,true
incremental,3,25000,0.001750,true
incremental,3,25500,0.001708,true
incremental,3,26000,0.001667,true
incremental,3,26500,0.001792,true
incremental,3,27000,0.001583,true
incremental,3,27500,0.001666,true
incremental,3,28000,0.001667,true
incremental,3,28500,0.001750,true
incremental,3,29000,0.001625,true
incremental,3,29500,0.001625,true
incremental,3,30000,0.001709,true
incremental,3,30500,0.001709,true
incremental,3,31000,0.001625,true
incremental,3,31500,0.001583,true
incremental,3,32000,0.001750,true
incremental,3,32500,0.001750,true
incremental,3,33000,0.001750,true
incremental,3,33500,0.001792,true
incremental,3,34000,0.001625,true
incremental,3,34500,0.001709,true
incremental,3,35000,0.001709,true
incremental,3,35500,0.001625,true
incremental,3,36000,0.001750,true
incremental,3,36500,0.001708,true
incremental,3,37000,0.001792,true
incremental,3,37500,0.001750,true
incremental,3,38000,0.001708,true
incremental,3,38500,0.001708,true
incremental,3,39000,0.001708,true
incremental,3,39500,0.001708,true
incremental,3,40000,0.001709,true
incremental,3,40500,0.001750,true
incremental,3,41000,0.001709,true
incremental,3,41500,0.001667,true
incremental,3,42000,0.001833,true
incremental,3,42500,0.001708,true
incremental,3,43000,0.001583,true
incremental,3,43500,0.001625,true
incremental,3,44000,0.001583,true
incremental,3,44500,0.001708,true
incremental,3,45000,0.001792,true
incremental,3,45500,0.001708,true
incremental,3,46000,0.001583,true
incremental,3,46500,0.001667,true
incremental,3,47000,0.001583,true
incremental,3,47500,0.001666,true
incremental,3,48000,0.001667,true
incremental,3,48500,0.001708,true
incremental,3,49000,0.001666,true
incremental,3,49500,0.001666,true
incremental,3,50000,0.001833,true
incremental,3,50500,0.001708,true
incremental,3,51000,0.001625,true
incremental,3,51500,0.001666,true
incremental,3,52000,0.001792,true
incremental,3,52500,0.001750,true
incremental,3,53000,0.001625,true
incremental,3,53500,0.001667,true
incremental,3,54000,0.001583,true
incremental,3,54500,0.001625,true
incremental,3,55000,0.001667,true
incremental,3,55500,0.001625,true
incremental,3,56000,0.001708,true
incremental,3,56500,0.001583,true
incremental,3,57000,0.001667,true
incremental,3,57500,0.001667,true
incremental,3,58000,0.001667,true
incremental,3,58500,0.001667,true
incremental,3,59000,0.001708,true
incremental,3,59500,0.001666,true
incremental,3,60000,0.001709,true
incremental,3,60500,0.001625,true
incremental,3,61000,0.001625,true
incremental,3,61500,0.001583,true
incremental,3,62000,0.001667,true
incremental,3,62500,0.001625,true
incremental,3,63000,0.001708,true
incremental,3,63500,0.001708,true
incremental,3,64000,0.001708,true
incremental,3,64500,0.001625,true
incremental,3,65000,0.001625,true
incremental,3,65500,0.001625,true
incremental,3,66000,0.001666,true
incremental,3,66500,0.001833,true
incremental,3,67000,0.001750,true
incremental,3,67500,0.001708,true
incremental,3,68000,0.001708,true
incremental,3,68500,0.001625,true
incremental,3,69000,0.001667,true
incremental,3,69500,0.001667,true
incremental,3,70000,0.001709,true
incremental,3,70500,0.001667,true
incremental,3,71000,0.001667,true
incremental,3,71500,0.001709,true
incremental,3,72000,0.001625,true
incremental,3,72500,0.001667,true
incremental,3,73000,0.001792,true
incremental,3,73500,0.001708,true
incremental,3,74000,0.001667,true
incremental,3,74500,0.001625,true
incremental,3,75000,0.001667,true
incremental,3,75500,0.001833,true
incremental,3,76000,0.001750,true
incremental,3,76500,0.001833,true
incremental,3,77000,0.001750,true
incremental,3,77500,0.001750,true
incremental,3,78000,0.001708,true
incremental,3,78500,0.001667,true
incremental,3,79000,0.001792,true
incremental,3,79500,0.001708,true
incremental,3,80000,0.001833,true
incremental,3,80500,0.001750,true
incremental,3,81000,0.001792,true
incremental,3,81500,0.001916,true
incremental,3,82000,0.001625,true
incremental,3,82500,0.001709,true
incremental,3,83000,0.001666,true
incremental,3,83500,0.001833,true
incremental,3,84000,0.001708,true
incremental,3,84500,0.001625,true
incremental,3,85000,0.001708,true
incremental,3,85500,0.001666,true
incremental,3,86000,0.001750,true
incremental,3,86500,0.001708,true
incremental,3,87000,0.001625,true
incremental,3,87500,0.001667,true
incremental,3,88000,0.001542,true
incremental,3,88500,0.001667,true
incremental,3,89000,0.001666,true
incremental,3,89500,0.001666,true
incremental,3,90000,0.001708,true
incremental,3,90500,0.001667,true
incremental,3,91000,0.001625,true
incremental,3,91500,0.001625,true
incremental,3,92000,0.001667,true
incremental,3,92500,0.001625,true
incremental,3,93000,0.001667,true
incremental,3,93500,0.001666,true
incremental,3,94000,0.001625,true
incremental,3,94500,0.001583,true
incremental,3,95000,0.005792,true
incremental,3,95500,0.002375,true
incremental,3,96000,0.002167,true
incremental,3,96500,0.002125,true
incremental,3,97000,0.002041,true
incremental,3,97500,0.001667,true
incremental,3,98000,0.001750,true
incremental,3,98500,0.002167,true
incremental,3,99000,0.002000,true
incremental,3,99500,0.002125,true
prefix,4,0,0.264834,false
prefix,4,500,0.947709,false
prefix,4,1000,2.032708,false
prefix,4,1500,3.720709,false
prefix,4,2000,5.470833,false
prefix,4,2500,0.173084,true
prefix,4,3000,0.180750,true
prefix,4,3500,0.167417,true
prefix,4,4000,0.174500,true
prefix,4,4500,0.172625,true
prefix,4,5000,0.181500,true
prefix,4,5500,0.176584,true
prefix,4,6000,0.180875,true
prefix,4,6500,0.179833,true
prefix,4,7000,0.179250,true
prefix,4,7500,0.180042,true
prefix,4,8000,0.182625,true
prefix,4,8500,0.186625,true
prefix,4,9000,0.199750,true
prefix,4,9500,0.192250,true
prefix,4,10000,0.200792,true
prefix,4,10500,0.173750,true
prefix,4,11000,0.166125,true
prefix,4,11500,0.169916,true
prefix,4,12000,0.188666,true
prefix,4,12500,0.167917,true
prefix,4,13000,0.174792,true
prefix,4,13500,0.186208,true
prefix,4,14000,0.191375,true
prefix,4,14500,0.183500,true
prefix,4,15000,0.190333,true
prefix,4,15500,0.179416,true
prefix,4,16000,0.201209,true
prefix,4,16500,0.193292,true
prefix,4,17000,0.199416,true
prefix,4,17500,0.189875,true
prefix,4,18000,0.199041,true
prefix,4,18500,0.202792,true
prefix,4,19000,0.194500,true
prefix,4,19500,0.218958,true
prefix,4,20000,0.221625,true
prefix,4,20500,0.208917,true
prefix,4,21000,0.218167,true
prefix,4,21500,0.211541,true
prefix,4,22000,0.222166,true
prefix,4,22500,0.226791,true
prefix,4,23000,0.225084,true
prefix,4,23500,0.231042,true
prefix,4,24000,0.220333,true
prefix,4,24500,0.229417,true
prefix,4,25000,0.221042,true
prefix,4,25500,0.232458,true
prefix,4,26000,0.226958,true
prefix,4,26500,0.238583,true
prefix,4,27000,0.242042,true
prefix,4,27500,0.226917,true
prefix,4,28000,0.236458,true
prefix,4,28500,0.234125,true
prefix,4,29000,0.244042,true
prefix,4,29500,0.238417,true
prefix,4,30000,0.240250,true
prefix,4,30500,0.240750,true
prefix,4,31000,0.251458,true
prefix,4,31500,0.251875,true
prefix,4,32000,0.256084,true
prefix,4,32500,0.351917,true
prefix,4,33000,0.265333,true
prefix,4,33500,0.276541,true
prefix,4,34000,0.262541,true
prefix,4,34500,0.274459,true
prefix,4,35000,0.276292,true
prefix,4,35500,0.268625,true
prefix,4,36000,0.293417,true
prefix,4,36500,0.278208,true
prefix,4,37000,0.266584,true
prefix,4,37500,0.285667,true
prefix,4,38000,0.274333,true
prefix,4,38500,0.280083,true
prefix,4,39000,0.289917,true
prefix,4,39500,0.285459,true
prefix,4,40000,0.313000,true
prefix,4,40500,0.295125,true
prefix,4,41000,0.271667,true
prefix,4,41500,0.307042,true
prefix,4,42000,0.285875,true
prefix,4,42500,0.295167,true
prefix,4,43000,0.281834,true
prefix,4,43500,0.282083,true
prefix,4,44000,0.281417,true
prefix,4,44500,0.284917,true
prefix,4,45000,0.294583,true
prefix,4,45500,0.285291,true
prefix,4,46000,0.292083,true
prefix,4,46500,0.298792,true
prefix,4,47000,0.301167,true
prefix,4,47500,0.297792,true
prefix,4,48000,0.301333,true
prefix,4,48500,0.295916,true
prefix,4,49000,0.304000,true
prefix,4,49500,0.301791,true
prefix,4,50000,0.298833,true
prefix,4,50500,0.302542,true
prefix,4,51000,0.303417,true
prefix,4,51500,0.305083,true
prefix,4,52000,0.306666,true
prefix,4,52500,0.302292,true
prefix,4,53000,0.329750,true
prefix,4,53500,0.332167,true
prefix,4,54000,0.341833,true
prefix,4,54500,0.313667,true
prefix,4,55000,0.323792,true
prefix,4,55500,0.326250,true
prefix,4,56000,0.320375,true
prefix,4,56500,0.324500,true
prefix,4,57000,0.325500,true
prefix,4,57500,0.322875,true
prefix,4,58000,0.330791,true
prefix,4,58500,0.329000,true
prefix,4,59000,0.330125,true
prefix,4,59500,0.330042,true
prefix,4,60000,0.343958,true
prefix,4,60500,0.349416,true
prefix,4,61000,0.344000,true
prefix,4,61500,0.329583,true
prefix,4,62000,0.340250,true
prefix,4,62500,0.333000,true
prefix,4,63000,0.335250,true
prefix,4,63500,0.335625,true
prefix,4,64000,0.331042,true
prefix,4,64500,0.344875,true
prefix,4,65000,0.335584,true
prefix,4,65500,0.363458,true
prefix,4,66000,0.498291,true
prefix,4,66500,0.492000,true
prefix,4,67000,0.494375,true
prefix,4,67500,0.471375,true
prefix,4,68000,0.478541,true
prefix,4,68500,0.464417,true
prefix,4,69000,0.529125,true
prefix,4,69500,0.490458,true
prefix,4,70000,0.505083,true
prefix,4,70500,0.493584,true
prefix,4,71000,0.491042,true
prefix,4,71500,0.482250,true
prefix,4,72000,0.495709,true
prefix,4,72500,0.477417,true
prefix,4,73000,0.501167,true
prefix,4,73500,0.507792,true
prefix,4,74000,0.526000,true
prefix,4,74500,0.690334,true
prefix,4,75000,0.565291,true
prefix,4,75500,0.566125,true
prefix,4,76000,0.538042,true
prefix,4,76500,0.503250,true
prefix,4,77000,0.519167,true
prefix,4,77500,0.517375,true
prefix,4,78000,0.548333,true
prefix,4,78500,0.540167,true
prefix,4,79000,0.559166,true
prefix,4,79500,0.534333,true
prefix,4,80000,0.570042,true
prefix,4,80500,0.531667,true
prefix,4,81000,0.623708,true
prefix,4,81500,0.560500,true
prefix,4,82000,0.548792,true
prefix,4,82500,0.541833,true
prefix,4,83000,0.532250,true
prefix,4,83500,0.538333,true
prefix,4,84000,0.545833,true
prefix,4,84500,0.571042,true
prefix,4,85000,0.649333,true
prefix,4,85500,0.568208,true
prefix,4,86000,0.534750,true
prefix,4,86500,0.630000,true
prefix,4,87000,0.576250,true
prefix,4,87500,0.571167,true
prefix,4,88000,0.569583,true
prefix,4,88500,0.566750,true
prefix,4,89000,0.575083,true
prefix,4,89500,0.588292,true
prefix,4,90000,0.676875,true
prefix,4,90500,0.580042,true
prefix,4,91000,0.608375,true
prefix,4,91500,0.577916,true
prefix,4,92000,0.583125,true
prefix,4,92500,0.649000,true
prefix,4,93000,0.624458,true
prefix,4,93500,0.591250,true
prefix,4,94000,0.609083,true
prefix,4,94500,0.576708,true
prefix,4,95000,0.645166,true
prefix,4,95500,0.586292,true
prefix,4,96000,0.748708,true
prefix,4,96500,0.625916,true
prefix,4,97000,0.607375,true
prefix,4,97500,0.615916,true
prefix,4,98000,0.598250,true
prefix,4,98500,0.617250,true
prefix,4,99000,0.655000,true
prefix,4,99500,0.689084,true
incremental,4,0,0.285084,false
incremental,4,500,0.689291,false
incremental,4,1000,1.070292,false
incremental,4,1500,1.561917,false
incremental,4,2000,1.930250,false
incremental,4,2500,0.011292,true
incremental,4,3000,0.002500,true
incremental,4,3500,0.002250,true
incremental,4,4000,0.002250,true
incremental,4,4500,0.002125,true
incremental,4,5000,0.001709,true
incremental,4,5500,0.001667,true
incremental,4,6000,0.002166,true
incremental,4,6500,0.002083,true
incremental,4,7000,0.002125,true
incremental,4,7500,0.002000,true
incremental,4,8000,0.002084,true
incremental,4,8500,0.002084,true
incremental,4,9000,0.001708,true
incremental,4,9500,0.001750,true
incremental,4,10000,0.001708,true
incremental,4,10500,0.001667,true
incremental,4,11000,0.001667,true
incremental,4,11500,0.001709,true
incremental,4,12000,0.001708,true
incremental,4,12500,0.001584,true
incremental,4,13000,0.001708,true
incremental,4,13500,0.001625,true
incremental,4,14000,0.001792,true
incremental,4,14500,0.001750,true
incremental,4,15000,0.001666,true
incremental,4,15500,0.001750,true
incremental,4,16000,0.001791,true
incremental,4,16500,0.001625,true
incremental,4,17000,0.001625,true
incremental,4,17500,0.001708,true
incremental,4,18000,0.001625,true
incremental,4,18500,0.001667,true
incremental,4,19000,0.002166,true
incremental,4,19500,0.002166,true
incremental,4,20000,0.002209,true
incremental,4,20500,0.002042,true
incremental,4,21000,0.002042,true
incremental,4,21500,0.002042,true
incremental,4,22000,0.001750,true
incremental,4,22500,0.001666,true
incremental,4,23000,0.001666,true
incremental,4,23500,0.001709,true
incremental,4,24000,0.001791,true
incremental,4,24500,0.001666,true
incremental,4,25000,0.001625,true
incremental,4,25500,0.001666,true
incremental,4,26000,0.001625,true
incremental,4,26500,0.001583,true
incremental,4,27000,0.002083,true
incremental,4,27500,0.002084,true
incremental,4,28000,0.002041,true
incremental,4,28500,0.002167,true
incremental,4,29000,0.002083,true
incremental,4,29500,0.002042,true
incremental,4,30000,0.002125,true
incremental,4,30500,0.002125,true
incremental,4,31000,0.001959,true
incremental,4,31500,0.002125,true
incremental,4,32000,0.002208,true
incremental,4,32500,0.002166,true
incremental,4,33000,0.001708,true
incremental,4,33500,0.001708,true
incremental,4,34000,0.001667,true
incremental,4,34500,0.001667,true
incremental,4,35000,0.001709,true
incremental,4,35500,0.001708,true
incremental,4,36000,0.001583,true
incremental,4,36500,0.001625,true
incremental,4,37000,0.001625,true
incremental,4,37500,0.001708,true
incremental,4,38000,0.001667,true
incremental,4,38500,0.001708,true
incremental,4,39000,0.002042,true
incremental,4,39500,0.002083,true
incremental,4,40000,0.002000,true
incremental,4,40500,0.002166,true
incremental,4,41000,0.002125,true
incremental,4,41500,0.002041,true
incremental,4,42000,0.001667,true
incremental,4,42500,0.001709,true
incremental,4,43000,0.001750,true
incremental,4,43500,0.001625,true
incremental,4,44000,0.001792,true
incremental,4,44500,0.001709,true
incremental,4,45000,0.001750,true
incremental,4,45500,0.001625,true
incremental,4,46000,0.001625,true
incremental,4,46500,0.001625,true
incremental,4,47000,0.001666,true
incremental,4,47500,0.001667,true
incremental,4,48000,0.001584,true
incremental,4,48500,0.001625,true
incremental,4,49000,0.001625,true
incremental,4,49500,0.001708,true
incremental,4,50000,0.001708,true
incremental,4,50500,0.001625,true
incremental,4,51000,0.001667,true
incremental,4,51500,0.001667,true
incremental,4,52000,0.001625,true
incremental,4,52500,0.001625,true
incremental,4,53000,0.001625,true
incremental,4,53500,0.001583,true
incremental,4,54000,0.001750,true
incremental,4,54500,0.001625,true
incremental,4,55000,0.001750,true
incremental,4,55500,0.001667,true
incremental,4,56000,0.001625,true
incremental,4,56500,0.001625,true
incremental,4,57000,0.001708,true
incremental,4,57500,0.001625,true
incremental,4,58000,0.001584,true
incremental,4,58500,0.001625,true
incremental,4,59000,0.001625,true
incremental,4,59500,0.001667,true
incremental,4,60000,0.001667,true
incremental,4,60500,0.001708,true
incremental,4,61000,0.001583,true
incremental,4,61500,0.001625,true
incremental,4,62000,0.001791,true
incremental,4,62500,0.001625,true
incremental,4,63000,0.001625,true
incremental,4,63500,0.001666,true
incremental,4,64000,0.001667,true
incremental,4,64500,0.001750,true
incremental,4,65000,0.001708,true
incremental,4,65500,0.001583,true
incremental,4,66000,0.001750,true
incremental,4,66500,0.001625,true
incremental,4,67000,0.001792,true
incremental,4,67500,0.001625,true
incremental,4,68000,0.001625,true
incremental,4,68500,0.001709,true
incremental,4,69000,0.001625,true
incremental,4,69500,0.001834,true
incremental,4,70000,0.001750,true
incremental,4,70500,0.001709,true
incremental,4,71000,0.001625,true
incremental,4,71500,0.001625,true
incremental,4,72000,0.001625,true
incremental,4,72500,0.001625,true
incremental,4,73000,0.001750,true
incremental,4,73500,0.001583,true
incremental,4,74000,0.001625,true
incremental,4,74500,0.001583,true
incremental,4,75000,0.001666,true
incremental,4,75500,0.001625,true
incremental,4,76000,0.001584,true
incremental,4,76500,0.001750,true
incremental,4,77000,0.001750,true
incremental,4,77500,0.001625,true
incremental,4,78000,0.001667,true
incremental,4,78500,0.001750,true
incremental,4,79000,0.001583,true
incremental,4,79500,0.001625,true
incremental,4,80000,0.001750,true
incremental,4,80500,0.001708,true
incremental,4,81000,0.001792,true
incremental,4,81500,0.001583,true
incremental,4,82000,0.001667,true
incremental,4,82500,0.001625,true
incremental,4,83000,0.001792,true
incremental,4,83500,0.001667,true
incremental,4,84000,0.001750,true
incremental,4,84500,0.001584,true
incremental,4,85000,0.001625,true
incremental,4,85500,0.001708,true
incremental,4,86000,0.001625,true
incremental,4,86500,0.001584,true
incremental,4,87000,0.001583,true
incremental,4,87500,0.001708,true
incremental,4,88000,0.001667,true
incremental,4,88500,0.001709,true
incremental,4,89000,0.001625,true
incremental,4,89500,0.001625,true
incremental,4,90000,0.001625,true
incremental,4,90500,0.001666,true
incremental,4,91000,0.001708,true
incremental,4,91500,0.001666,true
incremental,4,92000,0.001750,true
incremental,4,92500,0.001583,true
incremental,4,93000,0.001583,true
incremental,4,93500,0.001750,true
incremental,4,94000,0.001625,true
incremental,4,94500,0.001583,true
incremental,4,95000,0.001667,true
incremental,4,95500,0.001750,true
incremental,4,96000,0.001625,true
incremental,4,96500,0.001709,true
incremental,4,97000,0.001625,true
incremental,4,97500,0.001625,true
incremental,4,98000,0.001625,true
incremental,4,98500,0.001708,true
incremental,4,99000,0.001584,true
incremental,4,99500,0.001750,true
