prefix,0,0,0.116541,false
scroll_clone,0,0,0.000136,false
prefix,0,500,0.189375,false
prefix,0,1000,0.272750,false
prefix,0,1500,0.363541,false
prefix,0,2000,0.453417,false
prefix,0,2500,0.547500,false
prefix,0,3000,0.660834,false
prefix,0,3500,0.748917,false
prefix,0,4000,0.806500,false
prefix,0,4500,0.890250,false
prefix,0,5000,0.970542,false
prefix,0,5500,1.063917,false
prefix,0,6000,1.178292,false
prefix,0,6500,1.147708,false
prefix,0,7000,1.294375,false
prefix,0,7500,1.258792,false
prefix,0,8000,1.382083,false
prefix,0,8500,1.496500,false
prefix,0,9000,1.686042,false
prefix,0,9500,1.786375,false
prefix,0,10000,1.718834,false
prefix,0,10500,1.829375,false
prefix,0,11000,1.955792,false
prefix,0,11500,2.268500,false
prefix,0,12000,2.136208,false
prefix,0,12500,2.444791,false
prefix,0,13000,2.744834,false
prefix,0,13500,2.364459,false
prefix,0,14000,2.379667,false
prefix,0,14500,2.814375,false
prefix,0,15000,2.676041,false
prefix,0,15500,2.789666,false
prefix,0,16000,2.962125,false
prefix,0,16500,2.988209,false
prefix,0,17000,2.950917,false
prefix,0,17500,3.128667,false
prefix,0,18000,3.328500,false
prefix,0,18500,3.296125,false
prefix,0,19000,3.365333,false
prefix,0,19500,3.604125,false
prefix,0,20000,3.475250,false
prefix,0,20500,3.686541,false
prefix,0,21000,3.867250,false
prefix,0,21500,3.875792,false
prefix,0,22000,3.858792,false
prefix,0,22500,3.955416,false
prefix,0,23000,4.143625,false
prefix,0,23500,4.281958,false
prefix,0,24000,4.329708,false
prefix,0,24500,4.425250,false
prefix,0,25000,4.646834,false
prefix,0,25500,4.652084,false
prefix,0,26000,4.571791,false
prefix,0,26500,4.848333,false
prefix,0,27000,4.825500,false
prefix,0,27500,4.954000,false
prefix,0,28000,4.963000,false
prefix,0,28500,5.052334,false
prefix,0,29000,5.253291,false
prefix,0,29500,5.363084,false
prefix,0,30000,5.382666,false
prefix,0,30500,5.436333,false
prefix,0,31000,5.755083,false
prefix,0,31500,5.800375,false
prefix,0,32000,5.581125,false
prefix,0,32500,5.786333,false
prefix,0,33000,5.867875,false
prefix,0,33500,6.064959,false
prefix,0,34000,6.154375,false
prefix,0,34500,5.984125,false
prefix,0,35000,6.168000,false
prefix,0,35500,6.450916,false
prefix,0,36000,6.410917,false
prefix,0,36500,6.626291,false
prefix,0,37000,6.645083,false
prefix,0,37500,6.749167,false
prefix,0,38000,6.812375,false
prefix,0,38500,6.844500,false
prefix,0,39000,7.137667,false
prefix,0,39500,7.073167,false
prefix,0,40000,7.241708,false
prefix,0,40500,7.212667,false
prefix,0,41000,7.274291,false
prefix,0,41500,7.341333,false
prefix,0,42000,7.375166,false
prefix,0,42500,7.506958,false
prefix,0,43000,7.787833,false
prefix,0,43500,7.767416,false
prefix,0,44000,8.048666,false
prefix,0,44500,7.859333,false
prefix,0,45000,8.024375,false
prefix,0,45500,8.080166,false
prefix,0,46000,8.288292,false
prefix,0,46500,8.204167,false
prefix,0,47000,8.309709,false
prefix,0,47500,8.653792,false
prefix,0,48000,8.564375,false
prefix,0,48500,8.681792,false
prefix,0,49000,8.912209,false
prefix,0,49500,9.031792,false
prefix,0,50000,9.043500,false
prefix,0,50500,8.989958,false
prefix,0,51000,8.925000,false
prefix,0,51500,9.127917,false
prefix,0,52000,9.285958,false
prefix,0,52500,9.477125,false
prefix,0,53000,9.383959,false
prefix,0,53500,9.369667,false
prefix,0,54000,9.674000,false
prefix,0,54500,9.631542,false
prefix,0,55000,9.762958,false
prefix,0,55500,9.899875,false
prefix,0,56000,9.909375,false
prefix,0,56500,10.132875,false
prefix,0,57000,10.080417,false
prefix,0,57500,10.346250,false
prefix,0,58000,10.418334,false
prefix,0,58500,10.426958,false
prefix,0,59000,10.352792,false
prefix,0,59500,10.665375,false
prefix,0,60000,10.659083,false
prefix,0,60500,10.883875,false
prefix,0,61000,10.928667,false
prefix,0,61500,11.116000,false
prefix,0,62000,11.051583,false
prefix,0,62500,11.151166,false
prefix,0,63000,11.371292,false
prefix,0,63500,11.260625,false
prefix,0,64000,11.558125,false
prefix,0,64500,11.580292,false
prefix,0,65000,11.629208,false
prefix,0,65500,11.739500,false
prefix,0,66000,11.810375,false
prefix,0,66500,11.932208,false
prefix,0,67000,11.950584,false
prefix,0,67500,12.105000,false
prefix,0,68000,12.080459,false
prefix,0,68500,12.292542,false
prefix,0,69000,12.309458,false
prefix,0,69500,12.307709,false
prefix,0,70000,12.619334,false
prefix,0,70500,12.633542,false
prefix,0,71000,12.740042,false
prefix,0,71500,12.763083,false
prefix,0,72000,12.817125,false
prefix,0,72500,12.974542,false
prefix,0,73000,12.889042,false
prefix,0,73500,12.904959,false
prefix,0,74000,13.348375,false
prefix,0,74500,13.302166,false
prefix,0,75000,13.231209,false
prefix,0,75500,13.401833,false
prefix,0,76000,13.557875,false
prefix,0,76500,13.678917,false
prefix,0,77000,13.488042,false
prefix,0,77500,14.122833,false
prefix,0,78000,13.944458,false
prefix,0,78500,14.121292,false
prefix,0,79000,14.365833,false
prefix,0,79500,14.491416,false
prefix,0,80000,14.675458,false
prefix,0,80500,14.479750,false
prefix,0,81000,14.539166,false
prefix,0,81500,14.773209,false
prefix,0,82000,14.806375,false
prefix,0,82500,14.792833,false
prefix,0,83000,14.662208,false
prefix,0,83500,14.686292,false
prefix,0,84000,15.031875,false
prefix,0,84500,15.248417,false
prefix,0,85000,15.146167,false
prefix,0,85500,15.334500,false
prefix,0,86000,15.451333,false
prefix,0,86500,15.377250,false
prefix,0,87000,15.583000,false
prefix,0,87500,15.401292,false
prefix,0,88000,15.750667,false
prefix,0,88500,15.881167,false
prefix,0,89000,15.889417,false
prefix,0,89500,15.973583,false
prefix,0,90000,15.936625,false
prefix,0,90500,16.051625,false
prefix,0,91000,16.219125,false
prefix,0,91500,16.469833,false
prefix,0,92000,16.492458,false
prefix,0,92500,16.553042,false
prefix,0,93000,16.668208,false
prefix,0,93500,16.484291,false
prefix,0,94000,16.511125,false
prefix,0,94500,16.832709,false
prefix,0,95000,17.073000,false
prefix,0,95500,17.275791,false
prefix,0,96000,17.176458,false
prefix,0,96500,17.273625,false
prefix,0,97000,17.780333,false
prefix,0,97500,17.021667,false
prefix,0,98000,17.233958,false
prefix,0,98500,17.563000,false
prefix,0,99000,17.790333,false
prefix,0,99500,17.665708,false
incremental,0,0,0.099042,false
scroll_clone,0,0,0.000149,false
incremental,0,500,0.090666,false
incremental,0,1000,0.089250,false
incremental,0,1500,0.089709,false
incremental,0,2000,0.089250,false
incremental,0,2500,0.089167,false
incremental,0,3000,0.089375,false
incremental,0,3500,0.088875,false
incremental,0,4000,0.088167,false
incremental,0,4500,0.088167,false
incremental,0,5000,0.090292,false
incremental,0,5500,0.090292,false
incremental,0,6000,0.088084,false
incremental,0,6500,0.090333,false
incremental,0,7000,0.088042,false
incremental,0,7500,0.088750,false
incremental,0,8000,0.090625,false
incremental,0,8500,0.090167,false
incremental,0,9000,0.090458,false
incremental,0,9500,0.088125,false
incremental,0,10000,0.090834,false
incremental,0,10500,0.088208,false
incremental,0,11000,0.088166,false
incremental,0,11500,0.090167,false
incremental,0,12000,0.096250,false
incremental,0,12500,0.090125,false
incremental,0,13000,0.091125,false
incremental,0,13500,0.090500,false
incremental,0,14000,0.090375,false
incremental,0,14500,0.091709,false
incremental,0,15000,0.090625,false
incremental,0,15500,0.089959,false
incremental,0,16000,0.088167,false
incremental,0,16500,0.091459,false
incremental,0,17000,0.088209,false
incremental,0,17500,0.088041,false
incremental,0,18000,0.090042,false
incremental,0,18500,0.087875,false
incremental,0,19000,0.090250,false
incremental,0,19500,0.090583,false
incremental,0,20000,0.112375,false
incremental,0,20500,0.092208,false
incremental,0,21000,0.090459,false
incremental,0,21500,0.087916,false
incremental,0,22000,0.088084,false
incremental,0,22500,0.092584,false
incremental,0,23000,0.097792,false
incremental,0,23500,0.088125,false
incremental,0,24000,0.092459,false
incremental,0,24500,0.099833,false
incremental,0,25000,0.091750,false
incremental,0,25500,0.088709,false
incremental,0,26000,0.089250,false
incremental,0,26500,0.092833,false
incremental,0,27000,0.092583,false
incremental,0,27500,0.092250,false
incremental,0,28000,0.088333,false
incremental,0,28500,0.088458,false
incremental,0,29000,0.105042,false
incremental,0,29500,0.089083,false
incremental,0,30000,0.092459,false
incremental,0,30500,0.089333,false
incremental,0,31000,0.084875,false
incremental,0,31500,0.093000,false
incremental,0,32000,0.090750,false
incremental,0,32500,0.088875,false
incremental,0,33000,0.089708,false
incremental,0,33500,0.087083,false
incremental,0,34000,0.085667,false
incremental,0,34500,0.083125,false
incremental,0,35000,0.083083,false
incremental,0,35500,0.084375,false
incremental,0,36000,0.090709,false
incremental,0,36500,0.088417,false
incremental,0,37000,0.082875,false
incremental,0,37500,0.083375,false
incremental,0,38000,0.083041,false
incremental,0,38500,0.083958,false
incremental,0,39000,0.083125,false
incremental,0,39500,0.083041,false
incremental,0,40000,0.084167,false
incremental,0,40500,0.092166,false
incremental,0,41000,0.090917,false
incremental,0,41500,0.090584,false
incremental,0,42000,0.083292,false
incremental,0,42500,0.082667,false
incremental,0,43000,0.087083,false
incremental,0,43500,0.106792,false
incremental,0,44000,0.085625,false
incremental,0,44500,0.082708,false
incremental,0,45000,0.099750,false
incremental,0,45500,0.097166,false
incremental,0,46000,0.101625,false
incremental,0,46500,0.092125,false
incremental,0,47000,0.090292,false
incremental,0,47500,0.085792,false
incremental,0,48000,0.085917,false
incremental,0,48500,0.091667,false
incremental,0,49000,0.090750,false
incremental,0,49500,0.085500,false
incremental,0,50000,0.083416,false
incremental,0,50500,0.090291,false
incremental,0,51000,0.090834,false
incremental,0,51500,0.091208,false
incremental,0,52000,0.088667,false
incremental,0,52500,0.083333,false
incremental,0,53000,0.088417,false
incremental,0,53500,0.090583,false
incremental,0,54000,0.090958,false
incremental,0,54500,0.091291,false
incremental,0,55000,0.087042,false
incremental,0,55500,0.091083,false
incremental,0,56000,0.092459,false
incremental,0,56500,0.095084,false
incremental,0,57000,0.089042,false
incremental,0,57500,0.090000,false
incremental,0,58000,0.103542,false
incremental,0,58500,0.099584,false
incremental,0,59000,0.090000,false
incremental,0,59500,0.090167,false
incremental,0,60000,0.090833,false
incremental,0,60500,0.093791,false
incremental,0,61000,0.094459,false
incremental,0,61500,0.092042,false
incremental,0,62000,0.092166,false
incremental,0,62500,0.090709,false
incremental,0,63000,0.095208,false
incremental,0,63500,0.092500,false
incremental,0,64000,0.091875,false
incremental,0,64500,0.091875,false
incremental,0,65000,0.087542,false
incremental,0,65500,0.109250,false
incremental,0,66000,0.089833,false
incremental,0,66500,0.101459,false
incremental,0,67000,0.088541,false
incremental,0,67500,0.100000,false
incremental,0,68000,0.099500,false
incremental,0,68500,0.099750,false
incremental,0,69000,0.095458,false
incremental,0,69500,0.100542,false
incremental,0,70000,0.082916,false
incremental,0,70500,0.100875,false
incremental,0,71000,0.092750,false
incremental,0,71500,0.091167,false
incremental,0,72000,0.091333,false
incremental,0,72500,0.085708,false
incremental,0,73000,0.100084,false
incremental,0,73500,0.091917,false
incremental,0,74000,0.100416,false
incremental,0,74500,0.088708,false
incremental,0,75000,0.091083,false
incremental,0,75500,0.092250,false
incremental,0,76000,0.096500,false
incremental,0,76500,0.089084,false
incremental,0,77000,0.097709,false
incremental,0,77500,0.097541,false
incremental,0,78000,0.088875,false
incremental,0,78500,0.088833,false
incremental,0,79000,0.089083,false
incremental,0,79500,0.091167,false
incremental,0,80000,0.110292,false
incremental,0,80500,0.091375,false
incremental,0,81000,0.090750,false
incremental,0,81500,0.090917,false
incremental,0,82000,0.090250,false
incremental,0,82500,0.087041,false
incremental,0,83000,0.082250,false
incremental,0,83500,0.082416,false
incremental,0,84000,0.082458,false
incremental,0,84500,0.082292,false
incremental,0,85000,0.082875,false
incremental,0,85500,0.082958,false
incremental,0,86000,0.083416,false
incremental,0,86500,0.088875,false
incremental,0,87000,0.091459,false
incremental,0,87500,0.090542,false
incremental,0,88000,0.086625,false
incremental,0,88500,0.082583,false
incremental,0,89000,0.088083,false
incremental,0,89500,0.090125,false
incremental,0,90000,0.090958,false
incremental,0,90500,0.086583,false
incremental,0,91000,0.083291,false
incremental,0,91500,0.089208,false
incremental,0,92000,0.093333,false
incremental,0,92500,0.089959,false
incremental,0,93000,0.090250,false
incremental,0,93500,0.082583,false
incremental,0,94000,0.089834,false
incremental,0,94500,0.090000,false
incremental,0,95000,0.090333,false
incremental,0,95500,0.090042,false
incremental,0,96000,0.082292,false
incremental,0,96500,0.091750,false
incremental,0,97000,0.090291,false
incremental,0,97500,0.090458,false
incremental,0,98000,0.087750,false
incremental,0,98500,0.085292,false
incremental,0,99000,0.094667,false
incremental,0,99500,0.090625,false
prefix,1,0,0.089000,false
prefix,1,500,0.172500,false
prefix,1,1000,0.256833,false
prefix,1,1500,0.339917,false
prefix,1,2000,0.425083,false
prefix,1,2500,0.527375,false
prefix,1,3000,0.682167,false
prefix,1,3500,0.689375,false
prefix,1,4000,0.765583,false
prefix,1,4500,0.853334,false
prefix,1,5000,0.969375,false
prefix,1,5500,1.018334,false
prefix,1,6000,1.122750,false
prefix,1,6500,1.224250,false
prefix,1,7000,1.313333,false
prefix,1,7500,1.383875,false
prefix,1,8000,1.445916,false
prefix,1,8500,1.531958,false
prefix,1,9000,1.628125,false
prefix,1,9500,1.726542,false
prefix,1,10000,1.802833,false
prefix,1,10500,1.929875,false
prefix,1,11000,1.854125,false
prefix,1,11500,2.090250,false
prefix,1,12000,2.286375,false
prefix,1,12500,2.235500,false
prefix,1,13000,2.320542,false
prefix,1,13500,2.501750,false
prefix,1,14000,2.516291,false
prefix,1,14500,2.848958,false
prefix,1,15000,2.745750,false
prefix,1,15500,2.796917,false
prefix,1,16000,2.867084,false
prefix,1,16500,2.975958,false
prefix,1,17000,3.002583,false
prefix,1,17500,3.162292,false
prefix,1,18000,3.242250,false
prefix,1,18500,3.314667,false
prefix,1,19000,3.458125,false
prefix,1,19500,3.500000,false
prefix,1,20000,3.616792,false
prefix,1,20500,3.629583,false
prefix,1,21000,3.767250,false
prefix,1,21500,3.811500,false
prefix,1,22000,3.951417,false
prefix,1,22500,4.000500,false
prefix,1,23000,4.148666,false
prefix,1,23500,4.183458,false
prefix,1,24000,4.323292,false
prefix,1,24500,4.390958,false
prefix,1,25000,4.468500,false
prefix,1,25500,4.451458,false
prefix,1,26000,4.617083,false
prefix,1,26500,4.744083,false
prefix,1,27000,4.863792,false
prefix,1,27500,4.931167,false
prefix,1,28000,4.972584,false
prefix,1,28500,4.867333,false
prefix,1,29000,5.133750,false
prefix,1,29500,5.213458,false
prefix,1,30000,5.243292,false
prefix,1,30500,5.459625,false
prefix,1,31000,5.380083,false
prefix,1,31500,5.672375,false
prefix,1,32000,5.738709,false
prefix,1,32500,5.792750,false
prefix,1,33000,5.848209,false
prefix,1,33500,5.783000,false
prefix,1,34000,5.986083,false
prefix,1,34500,6.134125,false
prefix,1,35000,6.108416,false
prefix,1,35500,6.293333,false
prefix,1,36000,6.413916,false
prefix,1,36500,6.417709,false
prefix,1,37000,6.565084,false
prefix,1,37500,6.520208,false
prefix,1,38000,6.730250,false
prefix,1,38500,6.827917,false
prefix,1,39000,6.779042,false
prefix,1,39500,7.156500,false
prefix,1,40000,7.074333,false
prefix,1,40500,7.303834,false
prefix,1,41000,7.186542,false
prefix,1,41500,7.089500,false
prefix,1,42000,7.494958,false
prefix,1,42500,7.501250,false
prefix,1,43000,7.630083,false
prefix,1,43500,7.731542,false
prefix,1,44000,7.751333,false
prefix,1,44500,7.872917,false
prefix,1,45000,8.000458,false
prefix,1,45500,8.031625,false
prefix,1,46000,8.143000,false
prefix,1,46500,8.279958,false
prefix,1,47000,8.302625,false
prefix,1,47500,8.390708,false
prefix,1,48000,8.407416,false
prefix,1,48500,8.576000,false
prefix,1,49000,8.598292,false
prefix,1,49500,8.755292,false
prefix,1,50000,8.655417,false
prefix,1,50500,8.960416,false
prefix,1,51000,9.013542,false
prefix,1,51500,9.118875,false
prefix,1,52000,9.202250,false
prefix,1,52500,9.020375,false
prefix,1,53000,9.103292,false
prefix,1,53500,9.378250,false
prefix,1,54000,9.597125,false
prefix,1,54500,9.601041,false
prefix,1,55000,9.704833,false
prefix,1,55500,9.851958,false
prefix,1,56000,9.808167,false
prefix,1,56500,9.930542,false
prefix,1,57000,10.036542,false
prefix,1,57500,10.093917,false
prefix,1,58000,10.207792,false
prefix,1,58500,10.288917,false
prefix,1,59000,10.383084,false
prefix,1,59500,10.477791,false
prefix,1,60000,10.603625,false
prefix,1,60500,10.719958,false
prefix,1,61000,10.784916,false
prefix,1,61500,10.856584,false
prefix,1,62000,10.907958,false
prefix,1,62500,11.016750,false
prefix,1,63000,11.262292,false
prefix,1,63500,11.384333,false
prefix,1,64000,11.419250,false
prefix,1,64500,11.677500,false
prefix,1,65000,11.550458,false
prefix,1,65500,11.687958,false
prefix,1,66000,11.775292,false
prefix,1,66500,11.963666,false
prefix,1,67000,11.698583,false
prefix,1,67500,11.631917,false
prefix,1,68000,11.906750,false
prefix,1,68500,12.068166,false
prefix,1,69000,12.221208,false
prefix,1,69500,12.275708,false
prefix,1,70000,12.411667,false
prefix,1,70500,12.722583,false
prefix,1,71000,16.671125,false
prefix,1,71500,12.651750,false
prefix,1,72000,12.803584,false
prefix,1,72500,12.957625,false
prefix,1,73000,12.955250,false
prefix,1,73500,12.970083,false
prefix,1,74000,13.361333,false
prefix,1,74500,13.432084,false
prefix,1,75000,13.409292,false
prefix,1,75500,12.817917,false
prefix,1,76000,13.532083,false
prefix,1,76500,13.209000,false
prefix,1,77000,13.355417,false
prefix,1,77500,13.853750,false
prefix,1,78000,13.757250,false
prefix,1,78500,13.872750,false
prefix,1,79000,14.058125,false
prefix,1,79500,14.070625,false
prefix,1,80000,13.953500,false
prefix,1,80500,14.193042,false
prefix,1,81000,14.305292,false
prefix,1,81500,14.595625,false
prefix,1,82000,14.501167,false
prefix,1,82500,14.602458,false
prefix,1,83000,14.751125,false
prefix,1,83500,15.064833,false
prefix,1,84000,23.424125,false
prefix,1,84500,14.931458,false
prefix,1,85000,15.502250,false
prefix,1,85500,15.382833,false
prefix,1,86000,18.438917,false
prefix,1,86500,15.296875,false
prefix,1,87000,15.473125,false
prefix,1,87500,15.651333,false
prefix,1,88000,15.826208,false
prefix,1,88500,15.153417,false
prefix,1,89000,15.799833,false
prefix,1,89500,15.963834,false
prefix,1,90000,15.955583,false
prefix,1,90500,16.127000,false
prefix,1,91000,16.191167,false
prefix,1,91500,16.272708,false
prefix,1,92000,16.421417,false
prefix,1,92500,16.402625,false
prefix,1,93000,16.266666,false
prefix,1,93500,16.485208,false
prefix,1,94000,16.576250,false
prefix,1,94500,16.714666,false
prefix,1,95000,16.958083,false
prefix,1,95500,16.751542,false
prefix,1,96000,16.702250,false
prefix,1,96500,16.989209,false
prefix,1,97000,17.016084,false
prefix,1,97500,17.329250,false
prefix,1,98000,17.424875,false
prefix,1,98500,17.358042,false
prefix,1,99000,17.576917,false
prefix,1,99500,17.343583,false
incremental,1,0,0.115041,false
incremental,1,500,0.109041,false
incremental,1,1000,0.108042,false
incremental,1,1500,0.106291,false
incremental,1,2000,0.105542,false
incremental,1,2500,0.104208,false
incremental,1,3000,0.098417,false
incremental,1,3500,0.106000,false
incremental,1,4000,0.107208,false
incremental,1,4500,0.101167,false
incremental,1,5000,0.098792,false
incremental,1,5500,0.094291,false
incremental,1,6000,0.107958,false
incremental,1,6500,0.110750,false
incremental,1,7000,0.093250,false
incremental,1,7500,0.108625,false
incremental,1,8000,0.107666,false
incremental,1,8500,0.095833,false
incremental,1,9000,0.089541,false
incremental,1,9500,0.095125,false
incremental,1,10000,0.094334,false
incremental,1,10500,0.083250,false
incremental,1,11000,0.085875,false
incremental,1,11500,0.083417,false
incremental,1,12000,0.083375,false
incremental,1,12500,0.083458,false
incremental,1,13000,0.082833,false
incremental,1,13500,0.083000,false
incremental,1,14000,0.084000,false
incremental,1,14500,0.089334,false
incremental,1,15000,0.093875,false
incremental,1,15500,0.088625,false
incremental,1,16000,0.089958,false
incremental,1,16500,0.083083,false
incremental,1,17000,0.082958,false
incremental,1,17500,0.083291,false
incremental,1,18000,0.092666,false
incremental,1,18500,0.091125,false
incremental,1,19000,0.087000,false
incremental,1,19500,0.104375,false
incremental,1,20000,0.093042,false
incremental,1,20500,0.091500,false
incremental,1,21000,0.090875,false
incremental,1,21500,0.092625,false
incremental,1,22000,0.084375,false
incremental,1,22500,0.094541,false
incremental,1,23000,0.092667,false
incremental,1,23500,0.091042,false
incremental,1,24000,0.090208,false
incremental,1,24500,0.096000,false
incremental,1,25000,0.088666,false
incremental,1,25500,0.091042,false
incremental,1,26000,0.091208,false
incremental,1,26500,0.087667,false
incremental,1,27000,0.086166,false
incremental,1,27500,0.091125,false
incremental,1,28000,0.092291,false
incremental,1,28500,0.088792,false
incremental,1,29000,0.090083,false
incremental,1,29500,0.087375,false
incremental,1,30000,0.098709,false
incremental,1,30500,0.096042,false
incremental,1,31000,0.095500,false
incremental,1,31500,0.091834,false
incremental,1,32000,0.083625,false
incremental,1,32500,0.090416,false
incremental,1,33000,0.091709,false
incremental,1,33500,0.091333,false
incremental,1,34000,0.090917,false
incremental,1,34500,0.086166,false
incremental,1,35000,0.091250,false
incremental,1,35500,0.091083,false
incremental,1,36000,0.093958,false
incremental,1,36500,0.098042,false
incremental,1,37000,0.089750,false
incremental,1,37500,0.096500,false
incremental,1,38000,0.090834,false
incremental,1,38500,0.091084,false
incremental,1,39000,0.109542,false
incremental,1,39500,0.098250,false
incremental,1,40000,0.096750,false
incremental,1,40500,0.088375,false
incremental,1,41000,0.092083,false
incremental,1,41500,0.095083,false
incremental,1,42000,0.089875,false
incremental,1,42500,0.091791,false
incremental,1,43000,0.092500,false
incremental,1,43500,0.097125,false
incremental,1,44000,0.092250,false
incremental,1,44500,0.091875,false
incremental,1,45000,0.092167,false
incremental,1,45500,0.091875,false
incremental,1,46000,0.096417,false
incremental,1,46500,0.091750,false
incremental,1,47000,0.106958,false
incremental,1,47500,0.090750,false
incremental,1,48000,0.105792,false
incremental,1,48500,0.100125,false
incremental,1,49000,0.102584,false
incremental,1,49500,0.118042,false
incremental,1,50000,0.094125,false
incremental,1,50500,0.105791,false
incremental,1,51000,0.094583,false
incremental,1,51500,0.092417,false
incremental,1,52000,0.090875,false
incremental,1,52500,0.091125,false
incremental,1,53000,0.091250,false
incremental,1,53500,0.095084,false
incremental,1,54000,0.102333,false
incremental,1,54500,0.090916,false
incremental,1,55000,0.090750,false
incremental,1,55500,0.090959,false
incremental,1,56000,0.091333,false
incremental,1,56500,0.090791,false
incremental,1,57000,0.094291,false
incremental,1,57500,0.093625,false
incremental,1,58000,0.091000,false
incremental,1,58500,0.094833,false
incremental,1,59000,0.091000,false
incremental,1,59500,0.091417,false
incremental,1,60000,0.091000,false
incremental,1,60500,0.091375,false
incremental,1,61000,0.091042,false
incremental,1,61500,0.090958,false
incremental,1,62000,0.088833,false
incremental,1,62500,0.091166,false
incremental,1,63000,0.088917,false
incremental,1,63500,0.091166,false
incremental,1,64000,0.090750,false
incremental,1,64500,0.091416,false
incremental,1,65000,0.090875,false
incremental,1,65500,0.090709,false
incremental,1,66000,0.090875,false
incremental,1,66500,0.091042,false
incremental,1,67000,0.090625,false
incremental,1,67500,0.091208,false
incremental,1,68000,0.090625,false
incremental,1,68500,0.090750,false
incremental,1,69000,0.090791,false
incremental,1,69500,0.091208,false
incremental,1,70000,0.090625,false
incremental,1,70500,0.091333,false
incremental,1,71000,0.093625,false
incremental,1,71500,0.088625,false
incremental,1,72000,0.090916,false
incremental,1,72500,0.088917,false
incremental,1,73000,0.090583,false
incremental,1,73500,0.090875,false
incremental,1,74000,0.096917,false
incremental,1,74500,0.087292,false
incremental,1,75000,0.090875,false
incremental,1,75500,0.090959,false
incremental,1,76000,0.091000,false
incremental,1,76500,0.090958,false
incremental,1,77000,0.091000,false
incremental,1,77500,0.091125,false
incremental,1,78000,0.091291,false
incremental,1,78500,0.091292,false
incremental,1,79000,0.098917,false
incremental,1,79500,0.094000,false
incremental,1,80000,0.090917,false
incremental,1,80500,0.088584,false
incremental,1,81000,0.090917,false
incremental,1,81500,0.089000,false
incremental,1,82000,0.088875,false
incremental,1,82500,0.091708,false
incremental,1,83000,0.090917,false
incremental,1,83500,0.091042,false
incremental,1,84000,0.091166,false
incremental,1,84500,0.088834,false
incremental,1,85000,0.088875,false
incremental,1,85500,0.090875,false
incremental,1,86000,0.093166,false
incremental,1,86500,0.090500,false
incremental,1,87000,0.091167,false
incremental,1,87500,0.088834,false
incremental,1,88000,0.091000,false
incremental,1,88500,0.090875,false
incremental,1,89000,0.091250,false
incremental,1,89500,0.097958,false
incremental,1,90000,0.091042,false
incremental,1,90500,0.094042,false
incremental,1,91000,0.094417,false
incremental,1,91500,0.096750,false
incremental,1,92000,0.107458,false
incremental,1,92500,0.101083,false
incremental,1,93000,0.089375,false
incremental,1,93500,0.098917,false
incremental,1,94000,0.092041,false
incremental,1,94500,0.091959,false
incremental,1,95000,0.094625,false
incremental,1,95500,0.090625,false
incremental,1,96000,0.091125,false
incremental,1,96500,0.091084,false
incremental,1,97000,0.090500,false
incremental,1,97500,0.091000,false
incremental,1,98000,0.090916,false
incremental,1,98500,0.093375,false
incremental,1,99000,0.098083,false
incremental,1,99500,0.087542,false
prefix,2,0,0.092750,false
prefix,2,500,0.178375,false
prefix,2,1000,0.264333,false
prefix,2,1500,0.348000,false
prefix,2,2000,0.447167,false
prefix,2,2500,0.546208,false
prefix,2,3000,0.603583,false
prefix,2,3500,0.693250,false
prefix,2,4000,0.829667,false
prefix,2,4500,0.907042,false
prefix,2,5000,0.986041,false
prefix,2,5500,1.203166,false
prefix,2,6000,1.104375,false
prefix,2,6500,1.188208,false
prefix,2,7000,1.298458,false
prefix,2,7500,1.377250,false
prefix,2,8000,1.473333,false
prefix,2,8500,1.654125,false
prefix,2,9000,1.669083,false
prefix,2,9500,1.734541,false
prefix,2,10000,1.843334,false
prefix,2,10500,1.996834,false
prefix,2,11000,1.927625,false
prefix,2,11500,1.994917,false
prefix,2,12000,2.151167,false
prefix,2,12500,2.338000,false
prefix,2,13000,2.271000,false
prefix,2,13500,2.455958,false
prefix,2,14000,2.628792,false
prefix,2,14500,2.600542,false
prefix,2,15000,2.684167,false
prefix,2,15500,2.854167,false
prefix,2,16000,2.890625,false
prefix,2,16500,3.066000,false
prefix,2,17000,3.169917,false
prefix,2,17500,3.114417,false
prefix,2,18000,3.166041,false
prefix,2,18500,3.188833,false
prefix,2,19000,3.319916,false
prefix,2,19500,3.534750,false
prefix,2,20000,3.489333,false
prefix,2,20500,3.725708,false
prefix,2,21000,3.731709,false
prefix,2,21500,4.003041,false
prefix,2,22000,4.030375,false
prefix,2,22500,4.265042,false
prefix,2,23000,4.187125,false
prefix,2,23500,4.404875,false
prefix,2,24000,4.371458,false
prefix,2,24500,4.440792,false
prefix,2,25000,4.495375,false
prefix,2,25500,4.584208,false
prefix,2,26000,4.747125,false
prefix,2,26500,4.615834,false
prefix,2,27000,4.923459,false
prefix,2,27500,5.022917,false
prefix,2,28000,4.962750,false
prefix,2,28500,5.181459,false
prefix,2,29000,4.996916,false
prefix,2,29500,5.178625,false
prefix,2,30000,5.465459,false
prefix,2,30500,5.481792,false
prefix,2,31000,5.417333,false
prefix,2,31500,5.621208,false
prefix,2,32000,6.083750,false
prefix,2,32500,5.794416,false
prefix,2,33000,6.003875,false
prefix,2,33500,5.816625,false
prefix,2,34000,5.954083,false
prefix,2,34500,6.111625,false
prefix,2,35000,6.389042,false
prefix,2,35500,6.298625,false
prefix,2,36000,6.451542,false
prefix,2,36500,6.331958,false
prefix,2,37000,6.518959,false
prefix,2,37500,6.670584,false
prefix,2,38000,6.697500,false
prefix,2,38500,6.817959,false
prefix,2,39000,6.958916,false
prefix,2,39500,6.878000,false
prefix,2,40000,6.903583,false
prefix,2,40500,7.186625,false
prefix,2,41000,7.154875,false
prefix,2,41500,7.365709,false
prefix,2,42000,7.334208,false
prefix,2,42500,7.717667,false
prefix,2,43000,7.664583,false
prefix,2,43500,7.820500,false
prefix,2,44000,7.823000,false
prefix,2,44500,8.013041,false
prefix,2,45000,7.917958,false
prefix,2,45500,8.031583,false
prefix,2,46000,8.156667,false
prefix,2,46500,8.404750,false
prefix,2,47000,8.398000,false
prefix,2,47500,8.350416,false
prefix,2,48000,8.372000,false
prefix,2,48500,8.631917,false
prefix,2,49000,8.703666,false
prefix,2,49500,8.851292,false
prefix,2,50000,8.945625,false
prefix,2,50500,8.901125,false
prefix,2,51000,9.107583,false
prefix,2,51500,9.064666,false
prefix,2,52000,9.278042,false
prefix,2,52500,9.298375,false
prefix,2,53000,9.458625,false
prefix,2,53500,9.362250,false
prefix,2,54000,9.574417,false
prefix,2,54500,9.403750,false
prefix,2,55000,9.732583,false
prefix,2,55500,9.764416,false
prefix,2,56000,9.910125,false
prefix,2,56500,9.866625,false
prefix,2,57000,10.128333,false
prefix,2,57500,10.410709,false
prefix,2,58000,10.328667,false
prefix,2,58500,10.463834,false
prefix,2,59000,10.720875,false
prefix,2,59500,10.641292,false
prefix,2,60000,10.704833,false
prefix,2,60500,10.933667,false
prefix,2,61000,10.795917,false
prefix,2,61500,11.046500,false
prefix,2,62000,10.835542,false
prefix,2,62500,10.879792,false
prefix,2,63000,11.089625,false
prefix,2,63500,10.740250,false
prefix,2,64000,11.175000,false
prefix,2,64500,11.281375,false
prefix,2,65000,11.388292,false
prefix,2,65500,11.617958,false
prefix,2,66000,11.602417,false
prefix,2,66500,11.772333,false
prefix,2,67000,11.755584,false
prefix,2,67500,11.975584,false
prefix,2,68000,11.836583,false
prefix,2,68500,11.958792,false
prefix,2,69000,12.134542,false
prefix,2,69500,12.332667,false
prefix,2,70000,12.485583,false
prefix,2,70500,12.585250,false
prefix,2,71000,12.698000,false
prefix,2,71500,12.572625,false
prefix,2,72000,12.938834,false
prefix,2,72500,13.330541,false
prefix,2,73000,12.708167,false
prefix,2,73500,13.056334,false
prefix,2,74000,12.808833,false
prefix,2,74500,13.217333,false
prefix,2,75000,13.221167,false
prefix,2,75500,13.259917,false
prefix,2,76000,13.266875,false
prefix,2,76500,13.319083,false
prefix,2,77000,13.149208,false
prefix,2,77500,13.649708,false
prefix,2,78000,13.738375,false
prefix,2,78500,13.716000,false
prefix,2,79000,14.230250,false
prefix,2,79500,13.936125,false
prefix,2,80000,14.137250,false
prefix,2,80500,14.384917,false
prefix,2,81000,14.170166,false
prefix,2,81500,14.645000,false
prefix,2,82000,14.388583,false
prefix,2,82500,14.948583,false
prefix,2,83000,14.990375,false
prefix,2,83500,14.885084,false
prefix,2,84000,14.983250,false
prefix,2,84500,14.788500,false
prefix,2,85000,14.553041,false
prefix,2,85500,14.876833,false
prefix,2,86000,15.251166,false
prefix,2,86500,15.269542,false
prefix,2,87000,15.548750,false
prefix,2,87500,15.612584,false
prefix,2,88000,15.375416,false
prefix,2,88500,15.580625,false
prefix,2,89000,15.805500,false
prefix,2,89500,15.965167,false
prefix,2,90000,15.759584,false
prefix,2,90500,15.776833,false
prefix,2,91000,15.872125,false
prefix,2,91500,16.031834,false
prefix,2,92000,16.041042,false
prefix,2,92500,16.307125,false
prefix,2,93000,16.362250,false
prefix,2,93500,16.508958,false
prefix,2,94000,16.699917,false
prefix,2,94500,16.739000,false
prefix,2,95000,16.916708,false
prefix,2,95500,17.037833,false
prefix,2,96000,17.056166,false
prefix,2,96500,16.974458,false
prefix,2,97000,17.100584,false
prefix,2,97500,17.180625,false
prefix,2,98000,17.143625,false
prefix,2,98500,17.170625,false
prefix,2,99000,17.588333,false
prefix,2,99500,17.533042,false
incremental,2,0,0.095000,false
incremental,2,500,0.088084,false
incremental,2,1000,0.098125,false
incremental,2,1500,0.089791,false
incremental,2,2000,0.095292,false
incremental,2,2500,0.089625,false
incremental,2,3000,0.090250,false
incremental,2,3500,0.089458,false
incremental,2,4000,0.091958,false
incremental,2,4500,0.091875,false
incremental,2,5000,0.092042,false
incremental,2,5500,0.092000,false
incremental,2,6000,0.094416,false
incremental,2,6500,0.091875,false
incremental,2,7000,0.089750,false
incremental,2,7500,0.091667,false
incremental,2,8000,0.091916,false
incremental,2,8500,0.091792,false
incremental,2,9000,0.091667,false
incremental,2,9500,0.095833,false
incremental,2,10000,0.095291,false
incremental,2,10500,0.089542,false
incremental,2,11000,0.095917,false
incremental,2,11500,0.098916,false
incremental,2,12000,0.092042,false
incremental,2,12500,0.092667,false
incremental,2,13000,0.088875,false
incremental,2,13500,0.089042,false
incremental,2,14000,0.089042,false
incremental,2,14500,0.088708,false
incremental,2,15000,0.089084,false
incremental,2,15500,0.088459,false
incremental,2,16000,0.088583,false
incremental,2,16500,0.088958,false
incremental,2,17000,0.088875,false
incremental,2,17500,0.088750,false
incremental,2,18000,0.088625,false
incremental,2,18500,0.088625,false
incremental,2,19000,0.088708,false
incremental,2,19500,0.088958,false
incremental,2,20000,0.088458,false
incremental,2,20500,0.088792,false
incremental,2,21000,0.097542,false
incremental,2,21500,0.093708,false
incremental,2,22000,0.105084,false
incremental,2,22500,0.090875,false
incremental,2,23000,0.096583,false
incremental,2,23500,0.115917,false
incremental,2,24000,0.096792,false
incremental,2,24500,0.093959,false
incremental,2,25000,0.092625,false
incremental,2,25500,0.098333,false
incremental,2,26000,0.088625,false
incremental,2,26500,0.095250,false
incremental,2,27000,0.091458,false
incremental,2,27500,0.091083,false
incremental,2,28000,0.093625,false
incremental,2,28500,0.085750,false
incremental,2,29000,0.093750,false
incremental,2,29500,0.091250,false
incremental,2,30000,0.092709,false
incremental,2,30500,0.090750,false
incremental,2,31000,0.088834,false
incremental,2,31500,0.092458,false
incremental,2,32000,0.089917,false
incremental,2,32500,0.092500,false
incremental,2,33000,0.088500,false
incremental,2,33500,0.090209,false
incremental,2,34000,0.090750,false
incremental,2,34500,0.093958,false
incremental,2,35000,0.089584,false
incremental,2,35500,0.089500,false
incremental,2,36000,0.089500,false
incremental,2,36500,0.094084,false
incremental,2,37000,0.091959,false
incremental,2,37500,0.089666,false
incremental,2,38000,0.091667,false
incremental,2,38500,0.091750,false
incremental,2,39000,0.081667,false
incremental,2,39500,0.093625,false
incremental,2,40000,0.089084,false
incremental,2,40500,0.089709,false
incremental,2,41000,0.091625,false
incremental,2,41500,0.087667,false
incremental,2,42000,0.094125,false
incremental,2,42500,0.089500,false
incremental,2,43000,0.089750,false
incremental,2,43500,0.091458,false
incremental,2,44000,0.086708,false
incremental,2,44500,0.093542,false
incremental,2,45000,0.091708,false
incremental,2,45500,0.091500,false
incremental,2,46000,0.091500,false
incremental,2,46500,0.088208,false
incremental,2,47000,0.092083,false
incremental,2,47500,0.089333,false
incremental,2,48000,0.091625,false
incremental,2,48500,0.094125,false
incremental,2,49000,0.087000,false
incremental,2,49500,0.095458,false
incremental,2,50000,0.089208,false
incremental,2,50500,0.094333,false
incremental,2,51000,0.089083,false
incremental,2,51500,0.090542,false
incremental,2,52000,0.094917,false
incremental,2,52500,0.088500,false
incremental,2,53000,0.089125,false
incremental,2,53500,0.091417,false
incremental,2,54000,0.091833,false
incremental,2,54500,0.094000,false
incremental,2,55000,0.091458,false
incremental,2,55500,0.089416,false
incremental,2,56000,0.091875,false
incremental,2,56500,0.091792,false
incremental,2,57000,0.083708,false
incremental,2,57500,0.091458,false
incremental,2,58000,0.089750,false
incremental,2,58500,0.091792,false
incremental,2,59000,0.091875,false
incremental,2,59500,0.084375,false
incremental,2,60000,0.090166,false
incremental,2,60500,0.091875,false
incremental,2,61000,0.092584,false
incremental,2,61500,0.091625,false
incremental,2,62000,0.096791,false
incremental,2,62500,0.113958,false
incremental,2,63000,0.094584,false
incremental,2,63500,0.099291,false
incremental,2,64000,0.096125,false
incremental,2,64500,0.090334,false
incremental,2,65000,0.093209,false
incremental,2,65500,0.098708,false
incremental,2,66000,0.092458,false
incremental,2,66500,0.096417,false
incremental,2,67000,0.090083,false
incremental,2,67500,0.096541,false
incremental,2,68000,0.094958,false
incremental,2,68500,0.092750,false
incremental,2,69000,0.092709,false
incremental,2,69500,0.092834,false
incremental,2,70000,0.094916,false
incremental,2,70500,0.096250,false
incremental,2,71000,0.097209,false
incremental,2,71500,0.089000,false
incremental,2,72000,0.092000,false
incremental,2,72500,0.095292,false
incremental,2,73000,0.093833,false
incremental,2,73500,0.092750,false
incremental,2,74000,0.092000,false
incremental,2,74500,0.092875,false
incremental,2,75000,0.094416,false
incremental,2,75500,0.092917,false
incremental,2,76000,0.092958,false
incremental,2,76500,0.091875,false
incremental,2,77000,0.093458,false
incremental,2,77500,0.093666,false
incremental,2,78000,0.095625,false
incremental,2,78500,0.090791,false
incremental,2,79000,0.090792,false
incremental,2,79500,0.094125,false
incremental,2,80000,0.092542,false
incremental,2,80500,0.090334,false
incremental,2,81000,0.096291,false
incremental,2,81500,0.092667,false
incremental,2,82000,0.093875,false
incremental,2,82500,0.093417,false
incremental,2,83000,0.092625,false
incremental,2,83500,0.093208,false
incremental,2,84000,0.091500,false
incremental,2,84500,0.094459,false
incremental,2,85000,0.092542,false
incremental,2,85500,0.093000,false
incremental,2,86000,0.092750,false
incremental,2,86500,0.090458,false
incremental,2,87000,0.097083,false
incremental,2,87500,0.090708,false
incremental,2,88000,0.092666,false
incremental,2,88500,0.092500,false
incremental,2,89000,0.090584,false
incremental,2,89500,0.097000,false
incremental,2,90000,0.093000,false
incremental,2,90500,0.092667,false
incremental,2,91000,0.092916,false
incremental,2,91500,0.089709,false
incremental,2,92000,0.097708,false
incremental,2,92500,0.090291,false
incremental,2,93000,0.096167,false
incremental,2,93500,0.090292,false
incremental,2,94000,0.088583,false
incremental,2,94500,0.097292,false
incremental,2,95000,0.091000,false
incremental,2,95500,0.111625,false
incremental,2,96000,0.096333,false
incremental,2,96500,0.090209,false
incremental,2,97000,0.095083,false
incremental,2,97500,0.093875,false
incremental,2,98000,0.089917,false
incremental,2,98500,0.090000,false
incremental,2,99000,0.090458,false
incremental,2,99500,0.090625,false
prefix,3,0,0.091375,false
prefix,3,500,0.179333,false
prefix,3,1000,0.267417,false
prefix,3,1500,0.362375,false
prefix,3,2000,0.437084,false
prefix,3,2500,0.533500,false
prefix,3,3000,0.647583,false
prefix,3,3500,0.725667,false
prefix,3,4000,0.782667,false
prefix,3,4500,0.866417,false
prefix,3,5000,0.952125,false
prefix,3,5500,1.038417,false
prefix,3,6000,1.125209,false
prefix,3,6500,1.268667,false
prefix,3,7000,1.376542,false
prefix,3,7500,1.375417,false
prefix,3,8000,1.463708,false
prefix,3,8500,1.574708,false
prefix,3,9000,1.676542,false
prefix,3,9500,1.743292,false
prefix,3,10000,1.802250,false
prefix,3,10500,1.884625,false
prefix,3,11000,2.063291,false
prefix,3,11500,2.138250,false
prefix,3,12000,2.157916,false
prefix,3,12500,2.253958,false
prefix,3,13000,2.444792,false
prefix,3,13500,2.440916,false
prefix,3,14000,2.509083,false
prefix,3,14500,2.662916,false
prefix,3,15000,2.692250,false
prefix,3,15500,2.773375,false
prefix,3,16000,3.022542,false
prefix,3,16500,2.950917,false
prefix,3,17000,3.079333,false
prefix,3,17500,3.143042,false
prefix,3,18000,3.188875,false
prefix,3,18500,3.426208,false
prefix,3,19000,3.375291,false
prefix,3,19500,3.436583,false
prefix,3,20000,3.616000,false
prefix,3,20500,3.671584,false
prefix,3,21000,3.723042,false
prefix,3,21500,3.702625,false
prefix,3,22000,3.941334,false
prefix,3,22500,4.002333,false
prefix,3,23000,4.146333,false
prefix,3,23500,4.108667,false
prefix,3,24000,4.267250,false
prefix,3,24500,4.690667,false
prefix,3,25000,4.241084,false
prefix,3,25500,4.475291,false
prefix,3,26000,4.558000,false
prefix,3,26500,4.723083,false
prefix,3,27000,4.704833,false
prefix,3,27500,4.797500,false
prefix,3,28000,4.885166,false
prefix,3,28500,5.023500,false
prefix,3,29000,5.121042,false
prefix,3,29500,5.305708,false
prefix,3,30000,5.155667,false
prefix,3,30500,5.354750,false
prefix,3,31000,5.444416,false
prefix,3,31500,5.685000,false
prefix,3,32000,5.751417,false
prefix,3,32500,5.802083,false
prefix,3,33000,5.907542,false
prefix,3,33500,6.573875,false
prefix,3,34000,6.168625,false
prefix,3,34500,6.305125,false
prefix,3,35000,6.390292,false
prefix,3,35500,6.353458,false
prefix,3,36000,6.512458,false
prefix,3,36500,6.697042,false
prefix,3,37000,6.702541,false
prefix,3,37500,6.895166,false
prefix,3,38000,6.844500,false
prefix,3,38500,6.954792,false
prefix,3,39000,6.989500,false
prefix,3,39500,7.048209,false
prefix,3,40000,7.180583,false
prefix,3,40500,7.247208,false
prefix,3,41000,7.295625,false
prefix,3,41500,7.406417,false
prefix,3,42000,7.550333,false
prefix,3,42500,7.549333,false
prefix,3,43000,7.619875,false
prefix,3,43500,7.669417,false
prefix,3,44000,7.815167,false
prefix,3,44500,7.879792,false
prefix,3,45000,8.004458,false
prefix,3,45500,8.096708,false
prefix,3,46000,7.837458,false
prefix,3,46500,8.246375,false
prefix,3,47000,8.546291,false
prefix,3,47500,8.625791,false
prefix,3,48000,8.601083,false
prefix,3,48500,8.667750,false
prefix,3,49000,8.768542,false
prefix,3,49500,8.839917,false
prefix,3,50000,8.912083,false
prefix,3,50500,9.020625,false
prefix,3,51000,8.992834,false
prefix,3,51500,9.141583,false
prefix,3,52000,9.119292,false
prefix,3,52500,9.277292,false
prefix,3,53000,9.564375,false
prefix,3,53500,9.592417,false
prefix,3,54000,9.725833,false
prefix,3,54500,9.728917,false
prefix,3,55000,9.713625,false
prefix,3,55500,10.424166,false
prefix,3,56000,10.037625,false
prefix,3,56500,10.082292,false
prefix,3,57000,10.061709,false
prefix,3,57500,10.072833,false
prefix,3,58000,10.261625,false
prefix,3,58500,10.300875,false
prefix,3,59000,10.533000,false
prefix,3,59500,10.540541,false
prefix,3,60000,10.641375,false
prefix,3,60500,10.691208,false
prefix,3,61000,10.617000,false
prefix,3,61500,10.774167,false
prefix,3,62000,10.887083,false
prefix,3,62500,10.955292,false
prefix,3,63000,11.031542,false
prefix,3,63500,11.525542,false
prefix,3,64000,11.400083,false
prefix,3,64500,11.728375,false
prefix,3,65000,11.629750,false
prefix,3,65500,11.667375,false
prefix,3,66000,11.696458,false
prefix,3,66500,11.894416,false
prefix,3,67000,11.807375,false
prefix,3,67500,11.988333,false
prefix,3,68000,12.033667,false
prefix,3,68500,12.194458,false
prefix,3,69000,12.109291,false
prefix,3,69500,12.235333,false
prefix,3,70000,12.337834,false
prefix,3,70500,12.531417,false
prefix,3,71000,12.542625,false
prefix,3,71500,12.296667,false
prefix,3,72000,12.532000,false
prefix,3,72500,12.377792,false
prefix,3,73000,12.873833,false
prefix,3,73500,12.800333,false
prefix,3,74000,12.821750,false
prefix,3,74500,13.133084,false
prefix,3,75000,13.204833,false
prefix,3,75500,13.360833,false
prefix,3,76000,13.349625,false
prefix,3,76500,13.446375,false
prefix,3,77000,13.487000,false
prefix,3,77500,13.682833,false
prefix,3,78000,13.681084,false
prefix,3,78500,13.736084,false
prefix,3,79000,13.921500,false
prefix,3,79500,14.146375,false
prefix,3,80000,14.255000,false
prefix,3,80500,13.881834,false
prefix,3,81000,14.215375,false
prefix,3,81500,14.171667,false
prefix,3,82000,14.327125,false
prefix,3,82500,14.492916,false
prefix,3,83000,14.606042,false
prefix,3,83500,14.789166,false
prefix,3,84000,14.868167,false
prefix,3,84500,15.035667,false
prefix,3,85000,14.732083,false
prefix,3,85500,15.230791,false
prefix,3,86000,15.363875,false
prefix,3,86500,14.961834,false
prefix,3,87000,15.312542,false
prefix,3,87500,15.365458,false
prefix,3,88000,15.343417,false
prefix,3,88500,15.626541,false
prefix,3,89000,15.734208,false
prefix,3,89500,15.764125,false
prefix,3,90000,15.824333,false
prefix,3,90500,15.853334,false
prefix,3,91000,16.014875,false
prefix,3,91500,16.061042,false
prefix,3,92000,16.065125,false
prefix,3,92500,16.176625,false
prefix,3,93000,16.514250,false
prefix,3,93500,16.657250,false
prefix,3,94000,16.696000,false
prefix,3,94500,16.834000,false
prefix,3,95000,16.742250,false
prefix,3,95500,16.820500,false
prefix,3,96000,16.888750,false
prefix,3,96500,16.917084,false
prefix,3,97000,17.094667,false
prefix,3,97500,17.417833,false
prefix,3,98000,17.232125,false
prefix,3,98500,17.521375,false
prefix,3,99000,17.750209,false
prefix,3,99500,17.726125,false
incremental,3,0,0.088209,false
incremental,3,500,0.095834,false
incremental,3,1000,0.091458,false
incremental,3,1500,0.096541,false
incremental,3,2000,0.100875,false
incremental,3,2500,0.089042,false
incremental,3,3000,0.090792,false
incremental,3,3500,0.090916,false
incremental,3,4000,0.090834,false
incremental,3,4500,0.090875,false
incremental,3,5000,0.091000,false
incremental,3,5500,0.090708,false
incremental,3,6000,0.090666,false
incremental,3,6500,0.091125,false
incremental,3,7000,0.093291,false
incremental,3,7500,0.091167,false
incremental,3,8000,0.091375,false
incremental,3,8500,0.091292,false
incremental,3,9000,0.091125,false
incremental,3,9500,0.091291,false
incremental,3,10000,0.090875,false
incremental,3,10500,0.094583,false
incremental,3,11000,0.092083,false
incremental,3,11500,0.091833,false
incremental,3,12000,0.091667,false
incremental,3,12500,0.091042,false
incremental,3,13000,0.090917,false
incremental,3,13500,0.091042,false
incremental,3,14000,0.101708,false
incremental,3,14500,0.085084,false
incremental,3,15000,0.091584,false
incremental,3,15500,0.093958,false
incremental,3,16000,0.091666,false
incremental,3,16500,0.092000,false
incremental,3,17000,0.098292,false
incremental,3,17500,0.085333,false
incremental,3,18000,0.092000,false
incremental,3,18500,0.093542,false
incremental,3,19000,0.091625,false
incremental,3,19500,0.089417,false
incremental,3,20000,0.090875,false
incremental,3,20500,0.093000,false
incremental,3,21000,0.091708,false
incremental,3,21500,0.091667,false
incremental,3,22000,0.090459,false
incremental,3,22500,0.091250,false
incremental,3,23000,0.101542,false
incremental,3,23500,0.092917,false
incremental,3,24000,0.089709,false
incremental,3,24500,0.090792,false
incremental,3,25000,0.090959,false
incremental,3,25500,0.094083,false
incremental,3,26000,0.089833,false
incremental,3,26500,0.090125,false
incremental,3,27000,0.091958,false
incremental,3,27500,0.092459,false
incremental,3,28000,0.091000,false
incremental,3,28500,0.093917,false
incremental,3,29000,0.091875,false
incremental,3,29500,0.091750,false
incremental,3,30000,0.082792,false
incremental,3,30500,0.093917,false
incremental,3,31000,0.091834,false
incremental,3,31500,0.089750,false
incremental,3,32000,0.091875,false
incremental,3,32500,0.088042,false
incremental,3,33000,0.093625,false
incremental,3,33500,0.094292,false
incremental,3,34000,0.093083,false
incremental,3,34500,0.092000,false
incremental,3,35000,0.099291,false
incremental,3,35500,0.102125,false
incremental,3,36000,0.102916,false
incremental,3,36500,0.088417,false
incremental,3,37000,0.091709,false
incremental,3,37500,0.105417,false
incremental,3,38000,0.098250,false
incremental,3,38500,0.093000,false
incremental,3,39000,0.098250,false
incremental,3,39500,0.091125,false
incremental,3,40000,0.082416,false
incremental,3,40500,0.090792,false
incremental,3,41000,0.091125,false
incremental,3,41500,0.092208,false
incremental,3,42000,0.090958,false
incremental,3,42500,0.094166,false
incremental,3,43000,0.093291,false
incremental,3,43500,0.096000,false
incremental,3,44000,0.089916,false
incremental,3,44500,0.088541,false
incremental,3,45000,0.091041,false
incremental,3,45500,0.090709,false
incremental,3,46000,0.088750,false
incremental,3,46500,0.093459,false
incremental,3,47000,0.090875,false
incremental,3,47500,0.088916,false
incremental,3,48000,0.091000,false
incremental,3,48500,0.090750,false
incremental,3,49000,0.090959,false
incremental,3,49500,0.090792,false
incremental,3,50000,0.090500,false
incremental,3,50500,0.089041,false
incremental,3,51000,0.091541,false
incremental,3,51500,0.101625,false
incremental,3,52000,0.088500,false
incremental,3,52500,0.091917,false
incremental,3,53000,0.096708,false
incremental,3,53500,0.095750,false
incremental,3,54000,0.090791,false
incremental,3,54500,0.091250,false
incremental,3,55000,0.090500,false
incremental,3,55500,0.091083,false
incremental,3,56000,0.094792,false
incremental,3,56500,0.090750,false
incremental,3,57000,0.090958,false
incremental,3,57500,0.091083,false
incremental,3,58000,0.090792,false
incremental,3,58500,0.093709,false
incremental,3,59000,0.088834,false
incremental,3,59500,0.091167,false
incremental,3,60000,0.090958,false
incremental,3,60500,0.091125,false
incremental,3,61000,0.090541,false
incremental,3,61500,0.090666,false
incremental,3,62000,0.090541,false
incremental,3,62500,0.090750,false
incremental,3,63000,0.090459,false
incremental,3,63500,0.095417,false
incremental,3,64000,0.090458,false
incremental,3,64500,0.088875,false
incremental,3,65000,0.098959,false
incremental,3,65500,0.100666,false
incremental,3,66000,0.090708,false
incremental,3,66500,0.089291,false
incremental,3,67000,0.088333,false
incremental,3,67500,0.104417,false
incremental,3,68000,0.094333,false
incremental,3,68500,0.091875,false
incremental,3,69000,0.092084,false
incremental,3,69500,0.090083,false
incremental,3,70000,0.094875,false
incremental,3,70500,0.092042,false
incremental,3,71000,0.091916,false
incremental,3,71500,0.091917,false
incremental,3,72000,0.090000,false
incremental,3,72500,0.089833,false
incremental,3,73000,0.092125,false
incremental,3,73500,0.091875,false
incremental,3,74000,0.097250,false
incremental,3,74500,0.098458,false
incremental,3,75000,0.092375,false
incremental,3,75500,0.100750,false
incremental,3,76000,0.091041,false
incremental,3,76500,0.118542,false
incremental,3,77000,0.095791,false
incremental,3,77500,0.128208,false
incremental,3,78000,0.112083,false
incremental,3,78500,0.102667,false
incremental,3,79000,0.116208,false
incremental,3,79500,0.093750,false
incremental,3,80000,0.081166,false
incremental,3,80500,0.083542,false
incremental,3,81000,0.101000,false
incremental,3,81500,0.088458,false
incremental,3,82000,0.098167,false
incremental,3,82500,0.081500,false
incremental,3,83000,0.083500,false
incremental,3,83500,0.083541,false
incremental,3,84000,0.083792,false
incremental,3,84500,0.083667,false
incremental,3,85000,0.083375,false
incremental,3,85500,0.088708,false
incremental,3,86000,0.093416,false
incremental,3,86500,0.083542,false
incremental,3,87000,0.083792,false
incremental,3,87500,0.092709,false
incremental,3,88000,0.084708,false
incremental,3,88500,0.083333,false
incremental,3,89000,0.092875,false
incremental,3,89500,0.088708,false
incremental,3,90000,0.091291,false
incremental,3,90500,0.082750,false
incremental,3,91000,0.083375,false
incremental,3,91500,0.082667,false
incremental,3,92000,0.083458,false
incremental,3,92500,0.098375,false
incremental,3,93000,0.099375,false
incremental,3,93500,0.093959,false
incremental,3,94000,0.092542,false
incremental,3,94500,0.096334,false
incremental,3,95000,0.103916,false
incremental,3,95500,0.094208,false
incremental,3,96000,0.099125,false
incremental,3,96500,0.078625,false
incremental,3,97000,0.093833,false
incremental,3,97500,0.092417,false
incremental,3,98000,0.085334,false
incremental,3,98500,0.086083,false
incremental,3,99000,0.090792,false
incremental,3,99500,0.090959,false
prefix,4,0,0.091666,false
prefix,4,500,0.167084,false
prefix,4,1000,0.264250,false
prefix,4,1500,0.338292,false
prefix,4,2000,0.427000,false
prefix,4,2500,0.537917,false
prefix,4,3000,0.624250,false
prefix,4,3500,0.701708,false
prefix,4,4000,0.790750,false
prefix,4,4500,0.872542,false
prefix,4,5000,0.957459,false
prefix,4,5500,1.052041,false
prefix,4,6000,1.139000,false
prefix,4,6500,1.216375,false
prefix,4,7000,1.358125,false
prefix,4,7500,1.529375,false
prefix,4,8000,1.427208,false
prefix,4,8500,1.495375,false
prefix,4,9000,1.620584,false
prefix,4,9500,1.735833,false
prefix,4,10000,1.874583,false
prefix,4,10500,1.821542,false
prefix,4,11000,1.978541,false
prefix,4,11500,2.147583,false
prefix,4,12000,2.271291,false
prefix,4,12500,2.137791,false
prefix,4,13000,2.344541,false
prefix,4,13500,2.486500,false
prefix,4,14000,2.522708,false
prefix,4,14500,2.570583,false
prefix,4,15000,2.773708,false
prefix,4,15500,2.862208,false
prefix,4,16000,2.818791,false
prefix,4,16500,2.902000,false
prefix,4,17000,3.122666,false
prefix,4,17500,3.153125,false
prefix,4,18000,3.239417,false
prefix,4,18500,3.240125,false
prefix,4,19000,3.335959,false
prefix,4,19500,3.417667,false
prefix,4,20000,3.659708,false
prefix,4,20500,3.510208,false
prefix,4,21000,3.723917,false
prefix,4,21500,3.676000,false
prefix,4,22000,3.913208,false
prefix,4,22500,4.098000,false
prefix,4,23000,4.086916,false
prefix,4,23500,4.305500,false
prefix,4,24000,4.350500,false
prefix,4,24500,4.404833,false
prefix,4,25000,4.464917,false
prefix,4,25500,4.459750,false
prefix,4,26000,4.629583,false
prefix,4,26500,4.698458,false
prefix,4,27000,4.852083,false
prefix,4,27500,5.026417,false
prefix,4,28000,4.931667,false
prefix,4,28500,5.069625,false
prefix,4,29000,5.193041,false
prefix,4,29500,5.072542,false
prefix,4,30000,5.382167,false
prefix,4,30500,5.607334,false
prefix,4,31000,5.253000,false
prefix,4,31500,5.529291,false
prefix,4,32000,5.795625,false
prefix,4,32500,5.549291,false
prefix,4,33000,5.815458,false
prefix,4,33500,5.985375,false
prefix,4,34000,5.952125,false
prefix,4,34500,6.059042,false
prefix,4,35000,6.150959,false
prefix,4,35500,6.278125,false
prefix,4,36000,6.539084,false
prefix,4,36500,6.352834,false
prefix,4,37000,6.490084,false
prefix,4,37500,6.668125,false
prefix,4,38000,6.695167,false
prefix,4,38500,6.846333,false
prefix,4,39000,6.849083,false
prefix,4,39500,7.108292,false
prefix,4,40000,6.842042,false
prefix,4,40500,6.978083,false
prefix,4,41000,7.351209,false
prefix,4,41500,7.337541,false
prefix,4,42000,7.488042,false
prefix,4,42500,7.550500,false
prefix,4,43000,7.632291,false
prefix,4,43500,7.672292,false
prefix,4,44000,7.814917,false
prefix,4,44500,7.868667,false
prefix,4,45000,8.045625,false
prefix,4,45500,8.096125,false
prefix,4,46000,8.175250,false
prefix,4,46500,8.193417,false
prefix,4,47000,8.175500,false
prefix,4,47500,8.312750,false
prefix,4,48000,8.423834,false
prefix,4,48500,8.575250,false
prefix,4,49000,8.545750,false
prefix,4,49500,8.804375,false
prefix,4,50000,8.824083,false
prefix,4,50500,8.988542,false
prefix,4,51000,9.001375,false
prefix,4,51500,9.108375,false
prefix,4,52000,8.946458,false
prefix,4,52500,9.200792,false
prefix,4,53000,9.375500,false
prefix,4,53500,9.659792,false
prefix,4,54000,9.460208,false
prefix,4,54500,9.547583,false
prefix,4,55000,9.616959,false
prefix,4,55500,9.712458,false
prefix,4,56000,9.890916,false
prefix,4,56500,10.039000,false
prefix,4,57000,10.147750,false
prefix,4,57500,10.176291,false
prefix,4,58000,10.315291,false
prefix,4,58500,10.305833,false
prefix,4,59000,10.509583,false
prefix,4,59500,10.746584,false
prefix,4,60000,10.597125,false
prefix,4,60500,10.848833,false
prefix,4,61000,10.673500,false
prefix,4,61500,10.789750,false
prefix,4,62000,11.047667,false
prefix,4,62500,10.988750,false
prefix,4,63000,11.107209,false
prefix,4,63500,11.138708,false
prefix,4,64000,11.216958,false
prefix,4,64500,11.451291,false
prefix,4,65000,11.342667,false
prefix,4,65500,11.531750,false
prefix,4,66000,11.446042,false
prefix,4,66500,11.712042,false
prefix,4,67000,11.697208,false
prefix,4,67500,12.010958,false
prefix,4,68000,11.984791,false
prefix,4,68500,12.061167,false
prefix,4,69000,12.117542,false
prefix,4,69500,12.315250,false
prefix,4,70000,12.322125,false
prefix,4,70500,12.547667,false
prefix,4,71000,12.497917,false
prefix,4,71500,12.453250,false
prefix,4,72000,12.742500,false
prefix,4,72500,12.880167,false
prefix,4,73000,13.009584,false
prefix,4,73500,13.014792,false
prefix,4,74000,12.985375,false
prefix,4,74500,12.977208,false
prefix,4,75000,12.835875,false
prefix,4,75500,13.454000,false
prefix,4,76000,13.433333,false
prefix,4,76500,13.333250,false
prefix,4,77000,13.344875,false
prefix,4,77500,13.555041,false
prefix,4,78000,13.744542,false
prefix,4,78500,13.872041,false
prefix,4,79000,13.861417,false
prefix,4,79500,14.007333,false
prefix,4,80000,14.083125,false
prefix,4,80500,14.037541,false
prefix,4,81000,14.214500,false
prefix,4,81500,14.307416,false
prefix,4,82000,14.778625,false
prefix,4,82500,14.748250,false
prefix,4,83000,14.843500,false
prefix,4,83500,14.424458,false
prefix,4,84000,14.838542,false
prefix,4,84500,14.964584,false
prefix,4,85000,15.486125,false
prefix,4,85500,15.488209,false
prefix,4,86000,15.569000,false
prefix,4,86500,15.096708,false
prefix,4,87000,15.640417,false
prefix,4,87500,15.723458,false
prefix,4,88000,15.493333,false
prefix,4,88500,15.738542,false
prefix,4,89000,16.160500,false
prefix,4,89500,15.961042,false
prefix,4,90000,15.922375,false
prefix,4,90500,16.136291,false
prefix,4,91000,16.066000,false
prefix,4,91500,16.017500,false
prefix,4,92000,16.227833,false
prefix,4,92500,16.419083,false
prefix,4,93000,16.423333,false
prefix,4,93500,16.359042,false
prefix,4,94000,16.643542,false
prefix,4,94500,16.733166,false
prefix,4,95000,16.482292,false
prefix,4,95500,16.633167,false
prefix,4,96000,16.905542,false
prefix,4,96500,17.000250,false
prefix,4,97000,17.062167,false
prefix,4,97500,16.919667,false
prefix,4,98000,17.224583,false
prefix,4,98500,17.365208,false
prefix,4,99000,17.506083,false
prefix,4,99500,17.400833,false
incremental,4,0,0.092458,false
incremental,4,500,0.089167,false
incremental,4,1000,0.088833,false
incremental,4,1500,0.091750,false
incremental,4,2000,0.091792,false
incremental,4,2500,0.091541,false
incremental,4,3000,0.093167,false
incremental,4,3500,0.091208,false
incremental,4,4000,0.091584,false
incremental,4,4500,0.091584,false
incremental,4,5000,0.088917,false
incremental,4,5500,0.091708,false
incremental,4,6000,0.090583,false
incremental,4,6500,0.090542,false
incremental,4,7000,0.090084,false
incremental,4,7500,0.090458,false
incremental,4,8000,0.090584,false
incremental,4,8500,0.090708,false
incremental,4,9000,0.088417,false
incremental,4,9500,0.093125,false
incremental,4,10000,0.090791,false
incremental,4,10500,0.090750,false
incremental,4,11000,0.090459,false
incremental,4,11500,0.090750,false
incremental,4,12000,0.088375,false
incremental,4,12500,0.090458,false
incremental,4,13000,0.090417,false
incremental,4,13500,0.091583,false
incremental,4,14000,0.094083,false
incremental,4,14500,0.090625,false
incremental,4,15000,0.090875,false
incremental,4,15500,0.088292,false
incremental,4,16000,0.090459,false
incremental,4,16500,0.088583,false
incremental,4,17000,0.090584,false
incremental,4,17500,0.090958,false
incremental,4,18000,0.090667,false
incremental,4,18500,0.090625,false
incremental,4,19000,0.090542,false
incremental,4,19500,0.088791,false
incremental,4,20000,0.090458,false
incremental,4,20500,0.090375,false
incremental,4,21000,0.090750,false
incremental,4,21500,0.090875,false
incremental,4,22000,0.090541,false
incremental,4,22500,0.090667,false
incremental,4,23000,0.090417,false
incremental,4,23500,0.088417,false
incremental,4,24000,0.100042,false
incremental,4,24500,0.092625,false
incremental,4,25000,0.088583,false
incremental,4,25500,0.088958,false
incremental,4,26000,0.101542,false
incremental,4,26500,0.094333,false
incremental,4,27000,0.089583,false
incremental,4,27500,0.089417,false
incremental,4,28000,0.094167,false
incremental,4,28500,0.091292,false
incremental,4,29000,0.092417,false
incremental,4,29500,0.109417,false
incremental,4,30000,0.091500,false
incremental,4,30500,0.090250,false
incremental,4,31000,0.090000,false
incremental,4,31500,0.089833,false
incremental,4,32000,0.089834,false
incremental,4,32500,0.093208,false
incremental,4,33000,0.083833,false
incremental,4,33500,0.090875,false
incremental,4,34000,0.091833,false
incremental,4,34500,0.092584,false
incremental,4,35000,0.089792,false
incremental,4,35500,0.083959,false
incremental,4,36000,0.086625,false
incremental,4,36500,0.091875,false
incremental,4,37000,0.091500,false
incremental,4,37500,0.089417,false
incremental,4,38000,0.084250,false
incremental,4,38500,0.083333,false
incremental,4,39000,0.084042,false
incremental,4,39500,0.086292,false
incremental,4,40000,0.083834,false
incremental,4,40500,0.083917,false
incremental,4,41000,0.083833,false
incremental,4,41500,0.085333,false
incremental,4,42000,0.083667,false
incremental,4,42500,0.086000,false
incremental,4,43000,0.084542,false
incremental,4,43500,0.083708,false
incremental,4,44000,0.086917,false
incremental,4,44500,0.090042,false
incremental,4,45000,0.089666,false
incremental,4,45500,0.091333,false
incremental,4,46000,0.087125,false
incremental,4,46500,0.083625,false
incremental,4,47000,0.085083,false
incremental,4,47500,0.084291,false
incremental,4,48000,0.083917,false
incremental,4,48500,0.091458,false
incremental,4,49000,0.084167,false
incremental,4,49500,0.091209,false
incremental,4,50000,0.092041,false
incremental,4,50500,0.091459,false
incremental,4,51000,0.089375,false
incremental,4,51500,0.085792,false
incremental,4,52000,0.084125,false
incremental,4,52500,0.095875,false
incremental,4,53000,0.091750,false
incremental,4,53500,0.091709,false
incremental,4,54000,0.084667,false
incremental,4,54500,0.086875,false
incremental,4,55000,0.091666,false
incremental,4,55500,0.093291,false
incremental,4,56000,0.092292,false
incremental,4,56500,0.092750,false
incremental,4,57000,0.100417,false
incremental,4,57500,0.088750,false
incremental,4,58000,0.092416,false
incremental,4,58500,0.093292,false
incremental,4,59000,0.105792,false
incremental,4,59500,0.091708,false
incremental,4,60000,0.095667,false
incremental,4,60500,0.093917,false
incremental,4,61000,0.092834,false
incremental,4,61500,0.094791,false
incremental,4,62000,0.092333,false
incremental,4,62500,0.095875,false
incremental,4,63000,0.092417,false
incremental,4,63500,0.092500,false
incremental,4,64000,0.092708,false
incremental,4,64500,0.091375,false
incremental,4,65000,0.099958,false
incremental,4,65500,0.096916,false
incremental,4,66000,0.092459,false
incremental,4,66500,0.096833,false
incremental,4,67000,0.095708,false
incremental,4,67500,0.096333,false
incremental,4,68000,0.092250,false
incremental,4,68500,0.090000,false
incremental,4,69000,0.088916,false
incremental,4,69500,0.091708,false
incremental,4,70000,0.095791,false
incremental,4,70500,0.108791,false
incremental,4,71000,0.086625,false
incremental,4,71500,0.095500,false
incremental,4,72000,0.091792,false
incremental,4,72500,0.091542,false
incremental,4,73000,0.091834,false
incremental,4,73500,0.098750,false
incremental,4,74000,0.091916,false
incremental,4,74500,0.091125,false
incremental,4,75000,0.091875,false
incremental,4,75500,0.091625,false
incremental,4,76000,0.086541,false
incremental,4,76500,0.094041,false
incremental,4,77000,0.091375,false
incremental,4,77500,0.089250,false
incremental,4,78000,0.091792,false
incremental,4,78500,0.089625,false
incremental,4,79000,0.093125,false
incremental,4,79500,0.091875,false
incremental,4,80000,0.091458,false
incremental,4,80500,0.108958,false
incremental,4,81000,0.089209,false
incremental,4,81500,0.086583,false
incremental,4,82000,0.088666,false
incremental,4,82500,0.091500,false
incremental,4,83000,0.090792,false
incremental,4,83500,0.090125,false
incremental,4,84000,0.083000,false
incremental,4,84500,0.083000,false
incremental,4,85000,0.082708,false
incremental,4,85500,0.082875,false
incremental,4,86000,0.081209,false
incremental,4,86500,0.083084,false
incremental,4,87000,0.083250,false
incremental,4,87500,0.083042,false
incremental,4,88000,0.083084,false
incremental,4,88500,0.082875,false
incremental,4,89000,0.082875,false
incremental,4,89500,0.082500,false
incremental,4,90000,0.083250,false
incremental,4,90500,0.082333,false
incremental,4,91000,0.084208,false
incremental,4,91500,0.092541,false
incremental,4,92000,0.087541,false
incremental,4,92500,0.082750,false
incremental,4,93000,0.085667,false
incremental,4,93500,0.082583,false
incremental,4,94000,0.087625,false
incremental,4,94500,0.088375,false
incremental,4,95000,0.081458,false
incremental,4,95500,0.085542,false
incremental,4,96000,0.088541,false
incremental,4,96500,0.090875,false
incremental,4,97000,0.090291,false
incremental,4,97500,0.085917,false
incremental,4,98000,0.082750,false
incremental,4,98500,0.085333,false
incremental,4,99000,0.091083,false
incremental,4,99500,0.090791,false
