utc,elapsed_seconds,rss_kib,cpu_time_seconds,cpu_percent_interval,cpu_percent_ps,threads,numeric_fds,fd_fresh,fd_sample_elapsed_seconds,git_children,all_descendants,descendant_rss_kib,collection_ms,schedule_lag_ms,phase,background_fresh,load_1m,compiler_processes
2026-09-10T02:17:46.418015+00:00,0.0005352919979486614,165488,0.69,,0.4,14,9,True,0.0005352919979486614,1,1,4288,98.14687501057051,0.5352919979486614,startup,True,10.59375,0
2026-09-10T02:17:51.395261+00:00,5.000538499996765,165488,0.72,0.5999996150403897,0.5,14,9,False,0.0005352919979486614,1,1,4288,75.41774999117479,0.5384999967645854,startup,False,,
2026-09-10T02:17:56.400710+00:00,10.003713417012477,165520,0.75,0.5996192517269492,0.5,14,9,False,0.0005352919979486614,1,1,4288,77.68983297864906,3.7134170124772936,startup,False,,
2026-09-10T02:18:01.399995+00:00,15.002834292012267,165520,0.79,0.800140684735928,0.5,14,9,False,0.0005352919979486614,1,1,4288,77.8498750005383,2.8342920122668147,startup,False,,
2026-09-10T02:18:06.402022+00:00,20.005163166992133,165520,0.82,0.5997206651096217,0.5,14,9,False,0.0005352919979486614,1,1,4288,77.56770800915547,5.163166992133483,startup,False,,
2026-09-10T02:18:11.388906+00:00,25.005279208999127,165520,0.86,0.7999814337097757,0.5,14,9,False,0.0005352919979486614,1,1,4288,64.32104099076241,5.27920899912715,startup,False,,
2026-09-10T02:18:16.430197+00:00,30.003911417006748,165520,0.89,0.6001641799518908,0.3,14,9,True,30.003911417006748,1,1,4288,106.97733299457468,3.911417006747797,startup,True,7.935546875,0
2026-09-10T02:18:21.400401+00:00,35.00311395901372,165520,0.92,0.6000957102241409,0.5,14,9,False,30.003911417006748,1,1,4288,77.99720799084753,3.113959013717249,startup,False,,
2026-09-10T02:18:26.394407+00:00,40.005136374995345,165520,0.96,0.7996765442753434,0.5,14,9,False,30.003911417006748,1,1,4288,69.96804199297912,5.13637499534525,startup,False,,
2026-09-10T02:18:31.389089+00:00,45.00444791698828,165520,0.99,0.6000826263378007,0.5,14,9,False,30.003911417006748,1,1,4288,65.33887502155267,4.447916988283396,startup,False,,
2026-09-10T02:18:36.386181+00:00,50.00519150000764,165520,1.02,0.5999107833056815,0.5,14,9,False,30.003911417006748,1,1,4288,61.693666997598484,5.19150000764057,startup,False,,
2026-09-10T02:18:41.403139+00:00,55.001452041993616,165520,1.05,0.6004490708179773,0.4,14,9,False,30.003911417006748,1,1,4288,82.40204199682921,1.4520419936161488,startup,False,,
2026-09-10T02:18:46.447122+00:00,60.00169425000786,165520,1.09,0.799961248594902,0.5,14,9,True,60.00169425000786,1,1,4288,126.12987498869188,1.6942500078584999,startup,True,6.513671875,0
2026-09-10T02:18:51.403332+00:00,65.00515366700711,165520,1.12,0.5995851569830876,0.5,14,9,False,60.00169425000786,1,1,4288,78.8951669819653,5.153667007107288,startup,False,,
2026-09-10T02:18:56.400344+00:00,70.00104641699,165520,1.15,0.6004932752029669,0.5,14,9,False,60.00169425000786,1,1,4288,80.01233302638866,1.046416989993304,startup,False,,
2026-09-10T02:19:01.403011+00:00,75.00515479201567,165520,1.19,0.7993431996723045,0.5,14,9,False,60.00169425000786,1,1,4288,78.57137499377131,5.154792015673593,startup,False,,
2026-09-10T02:19:06.393999+00:00,80.00270012501278,165520,1.22,0.6002947047207385,0.5,14,9,False,60.00169425000786,1,1,4288,72.0082089828793,2.7001250127796084,startup,False,,
2026-09-10T02:19:11.397195+00:00,85.00471245899098,165520,1.25,0.5997586170712303,0.5,14,9,False,60.00169425000786,1,1,4288,73.20120799704455,4.71245899097994,startup,False,,
2026-09-10T02:19:16.429011+00:00,90.00223683399963,165520,1.28,0.6002972221610843,0.5,14,9,True,90.00223683399963,1,1,4288,107.48537498875521,2.2368339996319264,startup,True,7.375,0
2026-09-10T02:19:21.374164+00:00,95.0050065839896,165520,1.32,0.7995570853541732,0.4,14,9,False,90.00223683399963,1,1,4288,49.86812500283122,5.006583989597857,startup,False,,
2026-09-10T02:19:26.380975+00:00,100.00509708400932,165520,1.35,0.5999891401941962,0.5,14,9,False,90.00223683399963,1,1,4288,56.591875007143244,5.0970840093214065,startup,False,,
2026-09-10T02:19:31.395029+00:00,105.0030034169904,165520,1.38,0.6002513452889355,0.4,14,9,False,90.00223683399963,1,1,4288,72.74045801023021,3.0034169903956354,startup,False,,
2026-09-10T02:19:36.403516+00:00,110.00349745899439,165520,1.42,0.7999209610890703,0.5,14,9,False,90.00223683399963,1,1,4288,80.75054100481793,3.4974589943885803,startup,False,,
2026-09-10T02:19:41.397980+00:00,115.00526941701537,165520,1.45,0.5997874403668322,0.5,14,9,False,90.00223683399963,1,1,4288,73.43895797384903,5.2694170153699815,startup,False,,
2026-09-10T02:19:46.450170+00:00,120.00539591698907,165520,1.48,0.5999848203872002,0.5,14,9,True,120.00539591698907,1,1,4288,125.49437501002103,5.395916989073157,startup,True,6.60986328125,0
2026-09-10T02:19:51.379997+00:00,125.00675216701347,165520,1.51,0.5998372941310403,0.4,14,9,False,120.00539591698907,1,1,4288,53.96404198836535,6.752167013473809,startup,False,,
2026-09-10T02:19:56.402473+00:00,130.00476916698972,165520,1.55,0.8003174058869781,0.5,14,9,False,120.00539591698907,1,1,4288,78.42945802258328,4.7691669897176325,startup,False,,
2026-09-10T02:20:01.379245+00:00,135.00500387500506,165520,1.58,0.599971836360206,0.4,14,9,False,120.00539591698907,1,1,4288,54.96574999415316,5.003875005058944,startup,False,,
2026-09-10T02:20:06.398364+00:00,140.00443962501595,165520,1.61,0.6000677176406294,0.5,14,9,False,120.00539591698907,1,1,4288,74.6497499931138,4.439625015947968,startup,False,,
2026-09-10T02:20:11.378966+00:00,145.0021685840038,165520,1.64,0.6002726487607559,0.4,14,9,False,120.00539591698907,1,1,4288,57.52587498864159,2.168584003811702,startup,False,,
2026-09-10T02:20:16.438242+00:00,150.0012701670057,165520,1.67,0.6001078294149281,0.5,14,9,True,150.0012701670057,1,1,4288,117.70324999815784,1.270167005714029,startup,True,6.30322265625,0
2026-09-10T02:20:21.390476+00:00,155.0021538750152,165520,1.71,0.7998586317041404,0.5,14,9,False,150.0012701670057,1,1,4288,69.05483399168588,2.1538750152103603,startup,False,,
2026-09-10T02:20:26.399831+00:00,160.00243491699803,165520,1.74,0.5999662768575863,0.5,14,9,False,150.0012701670057,1,1,4288,78.1325830030255,2.4349169980268925,startup,False,,
2026-09-10T02:20:31.399377+00:00,165.0024505420006,165520,1.78,0.7999975000074034,0.6,14,9,False,150.0012701670057,1,1,4288,77.6594580092933,2.4505420005880296,startup,False,,
2026-09-10T02:20:36.402881+00:00,170.00523483401048,165520,1.81,0.5996660709100329,0.5,14,9,False,150.0012701670057,1,1,4288,78.38216598611325,5.234834010479972,startup,False,,
2026-09-10T02:20:41.405595+00:00,175.00521254198975,165520,1.84,0.6000026750544147,0.4,14,9,False,150.0012701670057,1,1,4288,81.12929202616215,5.2125419897492975,startup,False,,
2026-09-10T02:20:46.426986+00:00,180.00234287499916,165520,1.88,0.8004594103894569,0.5,14,9,True,180.00234287499916,1,1,4288,106.9341670081485,2.3428749991580844,startup,True,6.138671875,0
2026-09-10T02:20:51.400532+00:00,185.00521254198975,165520,1.91,0.59965583748749,0.4,14,9,False,180.00234287499916,1,1,4288,81.17620801203884,5.2125419897492975,startup,False,,
2026-09-10T02:20:56.391127+00:00,190.00518783400184,165520,1.94,0.6000029649732008,0.6,14,9,False,180.00234287499916,1,1,4288,74.39349999185652,5.187834001844749,startup,False,,
2026-09-10T02:21:01.399570+00:00,195.00522849999834,165520,1.97,0.5999951201201104,0.5,14,9,False,180.00234287499916,1,1,4288,84.69612500630319,5.2284999983385205,startup,False,,
2026-09-10T02:21:06.390957+00:00,200.00272041698918,165520,2.0,0.6003011210083968,0.5,14,9,False,180.00234287499916,1,1,4288,79.96587501838803,2.7204169891774654,startup,False,,
2026-09-10T02:21:11.384683+00:00,205.0017050000024,165520,2.04,0.8001624997188795,0.5,14,9,False,180.00234287499916,1,1,4288,75.70270900032483,1.7050000024028122,startup,False,,
2026-09-10T02:21:16.416711+00:00,210.000762709009,165520,2.06,0.4000753974887479,0.4,14,9,True,210.000762709009,1,1,4288,109.3992079840973,0.7627090089954436,startup,True,5.43603515625,0
2026-09-10T02:21:21.387033+00:00,215.0051807500131,165520,2.09,0.5994703031240075,0.4,14,9,False,210.000762709009,1,1,4288,75.83220899687149,5.180750013096258,startup,False,,
2026-09-10T02:21:26.379761+00:00,220.00437629199587,165520,2.12,0.6000965504962364,0.4,14,9,False,210.000762709009,1,1,4288,69.75291701382957,4.376291995868087,startup,False,,
2026-09-10T02:21:31.386809+00:00,225.00322899999446,165520,2.16,0.8001836088508189,0.4,14,9,False,210.000762709009,1,1,4288,78.25433401740156,3.228999994462356,startup,False,,
2026-09-10T02:21:36.385146+00:00,230.0020092090126,165520,2.19,0.6001464106358928,0.5,14,9,False,210.000762709009,1,1,4288,78.01800000015646,2.0092090126127005,startup,False,,
2026-09-10T02:21:41.379480+00:00,235.00516762500047,165520,2.22,0.5996212293445211,0.4,14,9,False,210.000762709009,1,1,4288,69.34733400703408,5.167625000467524,startup,False,,
2026-09-10T02:21:46.434285+00:00,240.00220295900363,165520,2.25,0.6003559709866331,0.4,14,9,True,240.00220295900363,1,1,4288,127.24075000733137,2.2029590036254376,startup,True,4.67529296875,0
2026-09-10T02:21:51.377972+00:00,245.00154741699225,165520,2.28,0.6000786753563611,0.4,14,9,False,240.00220295900363,1,1,4288,71.67900001513772,1.5474169922526926,startup,False,,
2026-09-10T02:21:56.385394+00:00,250.00264099999913,165520,2.31,0.5998687987350745,0.5,14,9,False,240.00220295900363,1,1,4288,78.09116700082086,2.6409999991301447,startup,False,,
2026-09-10T02:22:01.386797+00:00,255.00512625000556,165520,2.34,0.5997019181608031,0.4,14,9,False,240.00220295900363,1,1,4288,77.0478339982219,5.126250005559996,startup,False,,
2026-09-10T02:22:06.376117+00:00,260.0051591669908,165520,2.38,0.7999947333170382,0.5,14,9,False,240.00220295900363,1,1,4288,66.38337500044145,5.15916699077934,startup,False,,
2026-09-10T02:22:11.371238+00:00,265.0051810420118,165520,2.43,0.9999956250149364,0.5,14,9,False,240.00220295900363,1,1,4288,61.52116699377075,5.1810420118272305,startup,False,,
2026-09-10T02:22:16.433129+00:00,270.0006460000004,165520,2.46,0.6005446990880151,0.6,14,9,True,270.0006460000004,1,1,4288,127.98837499576621,0.6460000004153699,startup,True,7.17138671875,0
2026-09-10T02:22:21.364518+00:00,275.0051372089947,166944,2.62,3.1971282058092334,0.7,15,9,False,270.0006460000004,1,1,4288,54.890125000383705,5.137208994710818,pdf-cycle,False,,
2026-09-10T02:22:26.378613+00:00,280.0040358339902,166896,2.65,0.6001321941195971,0.4,14,9,False,270.0006460000004,1,1,4288,70.14054100727662,4.035833990201354,pdf-cycle,False,,
2026-09-10T02:22:31.382347+00:00,285.00251741701504,189712,2.83,3.601093592327949,0.5,15,9,False,270.0006460000004,1,1,4288,75.41312498506159,2.517417015042156,pdf-cycle,False,,
2026-09-10T02:22:36.382775+00:00,290.0051326249959,189616,2.86,0.5996863390999916,0.5,13,9,False,270.0006460000004,1,1,4288,73.24737499584444,5.13262499589473,pdf-cycle,False,,
2026-09-10T02:22:41.363360+00:00,295.0033691250137,208096,3.09,4.601622992413032,4.7,16,9,False,270.0006460000004,1,1,4288,55.62270898371935,3.369125013705343,pdf-cycle,False,,
2026-09-10T02:22:46.426325+00:00,300.00511245901,214016,3.57,9.596653965378337,4.6,16,9,True,300.00511245901,1,1,4288,116.86124998959713,5.11245900997892,pdf-cycle,True,6.8935546875,0
2026-09-10T02:22:51.368405+00:00,305.00513879201026,217312,4.07,9.999947334276822,3.6,15,9,False,300.00511245901,1,1,4288,58.937666995916516,5.138792010257021,pdf-cycle,False,,
2026-09-10T02:22:56.363584+00:00,310.00447245899704,218976,4.23,3.2004265099679943,3.3,15,9,False,300.00511245901,1,1,4240,54.797624994535,4.47245899704285,pdf-cycle,False,,
2026-09-10T02:23:01.359231+00:00,315.00103516699164,218992,4.36,2.6017886214456456,2.0,15,9,False,300.00511245901,1,1,4240,53.902292012935504,1.035166991641745,pdf-cycle,False,,
2026-09-10T02:23:06.367482+00:00,320.00506841699826,219344,4.5,2.7977432004436547,1.5,17,9,False,300.00511245901,1,1,4240,58.136875013587996,5.068416998255998,pdf-cycle,False,,
2026-09-10T02:23:11.364871+00:00,325.0031263749988,219296,4.63,2.6010102542309297,2.6,16,9,False,300.00511245901,1,1,4240,57.47908400371671,3.126374998828396,pdf-cycle,False,,
2026-09-10T02:23:16.414058+00:00,330.0038689170033,219280,4.76,2.599613935491509,1.2,15,9,True,330.0038689170033,1,1,4240,105.94079201109707,3.868917003273964,pdf-cycle,True,7.44677734375,0
2026-09-10T02:23:21.371879+00:00,335.00486354200984,219296,4.89,2.599482897861125,1.7,16,9,False,330.0038689170033,1,1,4240,62.78358298004605,4.863542009843513,pdf-cycle,False,,
2026-09-10T02:23:26.364395+00:00,340.00507058401126,219248,5.02,2.599892342617179,3.3,15,9,False,330.0038689170033,1,1,4240,55.10812500142492,5.070584011264145,pdf-cycle,False,,
2026-09-10T02:23:31.362688+00:00,345.00293120899005,219280,5.14,2.401027339583114,1.8,15,9,False,330.0038689170033,1,1,4240,55.55250000907108,2.931208990048617,pdf-cycle,False,,
2026-09-10T02:23:36.364247+00:00,350.0039249169931,219200,5.27,2.5994833745133725,3.8,15,9,False,330.0038689170033,1,1,4240,56.1370000068564,3.924916993128136,pdf-cycle,False,,
2026-09-10T02:23:41.362952+00:00,355.00306937500136,219200,5.39,2.400410730435478,1.7,15,9,False,330.0038689170033,1,1,4240,55.71904199314304,3.069375001359731,pdf-cycle,False,,
2026-09-10T02:23:46.415909+00:00,360.0051452089974,219216,5.53,2.798838015379654,3.8,15,9,True,360.0051452089974,1,1,4240,106.61820799577981,5.145208997419104,pdf-cycle,True,7.583984375,0
2026-09-10T02:23:51.367869+00:00,365.00517620900064,219232,5.65,2.3999851200907125,1.8,16,9,False,360.0051452089974,1,1,4240,58.56133298948407,5.176209000637755,pdf-cycle,False,,
2026-09-10T02:23:56.361978+00:00,370.00425479200203,219200,5.79,2.800516088625781,3.6,15,9,False,360.0051452089974,1,1,4240,53.61662499490194,4.254792002029717,pdf-cycle,False,,
2026-09-10T02:24:01.365010+00:00,375.00510762500926,219232,5.91,2.399590709967742,1.6,16,9,False,360.0051452089974,1,1,4240,55.811625003116205,5.107625009259209,pdf-cycle,False,,
2026-09-10T02:24:06.365107+00:00,380.00447787501616,219200,6.05,2.800352704419248,2.8,15,9,False,360.0051452089974,1,1,4240,56.560458993772045,4.477875016164035,pdf-cycle,False,,
2026-09-10T02:24:11.362667+00:00,385.00506916700397,219200,6.17,2.3997162134060046,1.5,15,9,False,360.0051452089974,1,1,4240,53.546125011052936,5.069167003966868,pdf-cycle,False,,
2026-09-10T02:24:16.425978+00:00,390.0043377089896,219200,6.3,2.6003804138188036,2.6,15,9,True,390.0043377089896,1,1,4240,117.60575001244433,4.337708989623934,pdf-cycle,True,9.1611328125,0
2026-09-10T02:24:21.365363+00:00,395.00492112501524,219216,6.44,2.7996733251431336,1.6,15,9,False,390.0043377089896,1,1,4240,56.42641699523665,4.921125015243888,pdf-cycle,False,,
2026-09-10T02:24:26.365196+00:00,400.00508754199836,219184,6.56,2.399920122506681,2.2,14,9,False,390.0043377089896,1,1,4240,56.11287499777973,5.087541998364031,pdf-cycle,False,,
2026-09-10T02:24:31.364658+00:00,405.00511437500245,219184,6.69,2.599986046912772,1.5,15,9,False,390.0043377089896,1,1,4240,55.568792013218626,5.114375002449378,pdf-cycle,False,,
2026-09-10T02:24:36.364279+00:00,410.00352137500886,219184,6.81,2.40076488368885,2.4,15,9,False,390.0043377089896,1,1,4240,56.79862498072907,3.5213750088587403,pdf-cycle,False,,
2026-09-10T02:24:41.364646+00:00,415.0045856249926,219216,6.94,2.5994467077767105,1.4,15,9,False,390.0043377089896,1,1,4240,56.120417022611946,4.585624992614612,pdf-cycle,False,,
2026-09-10T02:24:46.416636+00:00,420.0047124999983,219216,7.07,2.599934026671127,2.4,16,9,True,420.0047124999983,1,1,4240,107.99883399158716,4.712499998277053,pdf-cycle,True,7.7900390625,0
2026-09-10T02:24:51.370537+00:00,425.00110795898945,219184,7.2,2.601875713541864,1.2,15,9,False,420.0047124999983,1,1,4240,65.53529101074673,1.107958989450708,pdf-cycle,False,,
2026-09-10T02:24:56.364311+00:00,430.00453204198857,219216,7.33,2.5982206953378255,2.0,17,9,False,420.0047124999983,1,1,4240,55.89366701315157,4.5320419885683805,pdf-cycle,False,,
2026-09-10T02:25:01.363405+00:00,435.00257474998944,219216,7.46,2.6010181904187393,3.5,17,9,False,420.0047124999983,1,1,4240,56.967334006913006,2.5747499894350767,pdf-cycle,False,,
2026-09-10T02:25:06.363625+00:00,440.0050754589902,219232,7.59,2.5987002813632305,1.9,17,9,False,420.0047124999983,1,1,4240,54.702791007002816,5.07545899017714,pdf-cycle,False,,
2026-09-10T02:25:11.367172+00:00,445.0051012090116,219248,7.72,2.599986610057802,3.5,17,9,False,420.0047124999983,1,1,4240,58.24566600495018,5.101209011627361,pdf-cycle,False,,
2026-09-10T02:25:16.423207+00:00,450.00508170900866,219264,7.84,2.4000093600379286,2.1,17,9,True,450.00508170900866,1,1,4240,114.31808298220858,5.081709008663893,pdf-cycle,True,6.5244140625,0
2026-09-10T02:25:21.368461+00:00,455.00419483400765,219264,7.98,2.8004967381095023,3.5,17,9,False,450.00508170900866,1,1,4240,60.47649998799898,4.194834007648751,pdf-cycle,False,,
2026-09-10T02:25:26.363736+00:00,460.0050762089959,219264,8.1,2.399577014567386,1.7,17,9,False,450.00508170900866,1,1,4240,54.88912499276921,5.07620899588801,pdf-cycle,False,,
2026-09-10T02:25:31.362251+00:00,465.0050909999991,219264,8.23,2.5999923087011063,2.8,17,9,False,450.00508170900866,1,1,4240,53.415375004988164,5.090999999083579,pdf-cycle,False,,
2026-09-10T02:25:36.361928+00:00,470.0041959999944,219536,8.38,3.0005370961430224,4.4,17,9,False,450.00508170900866,1,1,4240,54.00324999936856,4.195999994408339,pdf-cycle,False,,
2026-09-10T02:25:41.360834+00:00,475.00463166699046,219472,8.42,0.7999302993538685,0.7,15,9,False,450.00508170900866,1,1,4240,52.49366699717939,4.631666990462691,pdf-cycle,False,,
2026-09-10T02:25:46.409554+00:00,480.00148958401405,219472,8.46,0.8005030494008358,0.8,15,9,True,480.00148958401405,1,1,4240,104.3739159940742,1.4895840140525252,pdf-cycle,True,6.26123046875,0
2026-09-10T02:25:51.368125+00:00,485.00508866700693,219632,8.59,2.5981298230281102,2.1,15,9,False,480.00148958401405,1,1,4240,59.36341700726189,5.088667006930336,pdf-cycle,False,,
2026-09-10T02:25:56.367369+00:00,490.00313608400756,219632,8.73,2.8010938736554767,4.0,15,9,False,480.00148958401405,1,1,4240,60.5792079877574,3.136084007564932,pdf-cycle,False,,
2026-09-10T02:26:01.368377+00:00,495.00428479199763,219728,8.9,3.3992190579816186,2.4,15,9,False,480.00148958401405,1,1,4240,60.45937500311993,4.284791997633874,pdf-cycle,False,,
2026-09-10T02:26:06.384070+00:00,500.0051699170144,219760,8.96,1.1997876075947458,0.0,13,9,False,480.00148958401405,1,1,4240,75.28870800160803,5.169917014427483,pdf-cycle,False,,
2026-09-10T02:26:11.364195+00:00,505.0050946669944,219712,8.96,0.0,0.0,12,9,False,480.00148958401405,1,1,4240,55.50050002057105,5.094666994409636,pdf-cycle,False,,
2026-09-10T02:26:16.437852+00:00,510.0011042499973,219712,8.96,0.0,0.0,12,9,True,510.0011042499973,1,1,4240,133.16712499363348,1.1042499972973019,pdf-cycle,True,5.990234375,0
2026-09-10T02:26:21.377139+00:00,515.0039196250145,219712,8.96,0.0,0.0,12,9,False,510.0011042499973,1,1,4240,69.65879199560732,3.9196250145323575,pdf-cycle,False,,
2026-09-10T02:26:26.366005+00:00,520.0050742090098,219712,8.96,0.0,0.0,12,9,False,510.0011042499973,1,1,4240,57.38937499700114,5.074209009762853,pdf-cycle,False,,
2026-09-10T02:26:31.371771+00:00,525.0019225839933,219712,8.96,0.0,0.0,12,9,False,510.0011042499973,1,1,4240,66.32450001779944,1.9225839932914823,pdf-cycle,False,,
2026-09-10T02:26:36.378750+00:00,530.0029904170078,219712,8.96,0.0,0.0,12,9,False,510.0011042499973,1,1,4240,72.255832987139,2.9904170078225434,pdf-cycle,False,,
2026-09-10T02:26:41.365596+00:00,535.0051382500096,219712,8.96,0.0,0.0,12,9,False,510.0011042499973,1,1,4240,56.96920899208635,5.138250009622425,pdf-cycle,False,,
2026-09-10T02:26:46.421165+00:00,540.0003473339893,219712,8.96,0.0,0.0,12,9,True,540.0003473339893,1,1,4240,117.35050001880154,0.3473339893389493,pdf-cycle,True,6.21337890625,0
2026-09-10T02:26:51.367523+00:00,545.0050691250071,219712,8.96,0.0,0.0,12,9,False,540.0003473339893,1,1,4240,59.01758398977108,5.069125007139519,pdf-cycle,False,,
2026-09-10T02:26:56.358350+00:00,550.0003661669907,219712,8.96,0.0,0.0,12,9,False,540.0003473339893,1,1,4240,54.55370800336823,0.36616699071601033,pdf-cycle,False,,
2026-09-10T02:27:01.364030+00:00,555.0025491669949,219840,8.96,0.0,0.0,12,9,False,540.0003473339893,1,1,4240,58.07754199486226,2.5491669948678464,pdf-cycle,False,,
2026-09-10T02:27:06.376781+00:00,560.0031506250089,219840,8.96,0.0,0.0,12,9,False,540.0003473339893,1,1,4240,70.24874998023733,3.1506250088568777,pdf-cycle,False,,
2026-09-10T02:27:11.370271+00:00,565.0051235420106,219840,8.96,0.0,0.0,12,9,False,540.0003473339893,1,1,4240,61.7769579985179,5.1235420105513185,pdf-cycle,False,,
2026-09-10T02:27:16.410258+00:00,570.0028811669908,219952,9.07,2.2009870876928157,1.5,15,9,True,570.0028811669908,1,1,4240,104.02066700044088,2.8811669908463955,pdf-cycle,True,6.02587890625,0
2026-09-10T02:27:21.383908+00:00,575.0042525840108,220016,9.13,1.1996709501681222,0.0,14,9,False,570.0028811669908,1,1,4240,76.3231249875389,4.252584010828286,pdf-cycle,False,,
2026-09-10T02:27:26.374813+00:00,580.0051563750021,219904,9.13,0.0,0.0,13,9,False,570.0028811669908,1,1,4240,66.34383401251398,5.156375002115965,pdf-cycle,False,,
2026-09-10T02:27:31.381546+00:00,585.0039691670099,219904,9.13,0.0,0.0,13,9,False,570.0028811669908,1,1,4240,74.28062500548549,3.9691670099273324,pdf-cycle,False,,
2026-09-10T02:27:36.384430+00:00,590.0006224999961,219904,9.13,0.0,0.0,13,9,False,570.0028811669908,1,1,4240,80.53274999838322,0.6224999960977584,pdf-cycle,False,,
2026-09-10T02:27:41.384518+00:00,595.0049681669916,219904,9.13,0.0,0.0,13,9,False,570.0028811669908,1,1,4240,76.28900001873262,4.968166991602629,pdf-cycle,False,,
2026-09-10T02:27:46.423073+00:00,600.0006807919999,219904,9.13,0.0,0.0,13,9,True,600.0006807919999,1,1,4240,119.15437498828396,0.6807919999118894,pdf-cycle,True,7.03857421875,0
2026-09-10T02:27:51.359449+00:00,605.0035952920152,219904,9.13,0.0,0.0,13,9,False,600.0006807919999,1,1,4240,52.63566697249189,3.5952920152340084,pdf-cycle,False,,
2026-09-10T02:27:56.377590+00:00,610.0031065419898,219904,9.13,0.0,0.0,13,9,False,600.0006807919999,1,1,4240,71.28041700343601,3.106541989836842,pdf-cycle,False,,
2026-09-10T02:28:01.387267+00:00,615.0051934999938,219904,9.14,0.1999165565084511,0.0,13,9,False,600.0006807919999,1,1,4240,78.89570901170373,5.193499993765727,pdf-cycle,False,,
2026-09-10T02:28:06.380334+00:00,620.0051519169938,219904,9.14,0.0,0.0,13,9,False,600.0006807919999,1,1,4240,72.02104199677706,5.151916993781924,pdf-cycle,False,,
2026-09-10T02:28:11.366387+00:00,625.0033134999976,219904,9.14,0.0,0.0,13,9,False,600.0006807919999,1,1,4240,59.92566701024771,3.3134999976027757,pdf-cycle,False,,
2026-09-10T02:28:16.425117+00:00,630.0002568339987,219904,9.14,0.0,0.0,13,9,True,630.0002568339987,1,1,4240,121.71541599673219,0.2568339987192303,operations,True,7.40380859375,0
2026-09-10T02:28:21.375627+00:00,635.0022620839882,219904,9.14,0.0,0.0,13,9,False,630.0002568339987,1,1,4240,70.26183302514255,2.262083988171071,operations,False,,
2026-09-10T02:28:26.373038+00:00,640.0008603339957,219904,9.16,0.40011217144665717,0.0,13,9,False,630.0002568339987,1,1,4240,69.07129101455212,0.860333995660767,pdf-dialog,False,,
2026-09-10T02:28:31.381063+00:00,645.0016367500066,219904,9.16,0.0,0.0,13,9,False,630.0002568339987,1,1,4240,76.35708400630392,1.636750006582588,pdf-dialog,False,,
2026-09-10T02:28:36.372822+00:00,650.0050839589967,220368,9.29,2.598208686331639,11.2,14,9,False,630.0002568339987,1,1,4240,64.68741601565853,5.083958996692672,pdf-dialog,False,,
2026-09-10T02:28:41.367670+00:00,655.0025776250113,221424,9.46,3.4017051618511025,0.0,15,9,False,630.0002568339987,2,2,8528,62.05987499561161,2.577625011326745,pdf-dialog,False,,
2026-09-10T02:28:46.409994+00:00,660.0049983340141,222432,9.58,2.3988386219503184,20.3,15,11,True,660.0049983340141,2,2,8528,101.98300000047311,4.998334014089778,pdf-dialog,True,8.47216796875,0
2026-09-10T02:28:51.365368+00:00,665.0050997090002,222480,9.66,1.5999675606621517,0.0,15,11,False,660.0049983340141,2,2,8528,57.27983301039785,5.099709000205621,pdf-dialog,False,,
2026-09-10T02:28:56.367271+00:00,670.0006423339946,223088,9.81,3.0026768113137274,1.0,16,11,False,660.0049983340141,2,2,8528,63.65700002061203,0.6423339946195483,pdf-dialog,False,,
2026-09-10T02:29:01.360756+00:00,675.0032777090091,223072,9.91,1.9989464053176107,1.2,16,11,False,660.0049983340141,2,2,8528,54.525415995158255,3.2777090091258287,pdf-dialog,False,,
2026-09-10T02:29:06.374140+00:00,680.0055099590099,223792,10.0,1.7991967486112859,0.9,16,11,False,660.0049983340141,2,2,8560,65.69587500416674,5.509959009941667,pdf-dialog,False,,
2026-09-10T02:29:11.365451+00:00,685.0018354170024,223744,10.05,1.000735448889082,0.9,15,11,False,660.0049983340141,2,2,8560,60.69783298880793,1.835417002439499,pdf-dialog,False,,
2026-09-10T02:29:16.407335+00:00,690.0048231669934,224128,10.2,2.9982084205636563,7.4,16,11,True,690.0048231669934,2,2,8560,99.61541701341048,4.823166993446648,pdf-dialog,True,8.26171875,0
2026-09-10T02:29:21.368617+00:00,695.0004054169985,224176,10.36,3.2028298603198215,1.1,16,11,False,690.0048231669934,2,2,8592,65.31145799090154,0.40541699854657054,operations,False,,
2026-09-10T02:29:26.376061+00:00,700.0049277090002,224128,10.42,1.1989156306865514,1.2,15,11,False,690.0048231669934,2,2,8592,68.2726250088308,4.927709000185132,operations,False,,
2026-09-10T02:29:31.372455+00:00,705.0013962090015,224128,10.48,1.2008481590544244,1.2,15,11,False,690.0048231669934,2,2,8592,68.21712499368005,1.3962090015411377,operations,False,,
2026-09-10T02:29:36.369912+00:00,710.0051267920062,224128,10.55,1.3989562155436135,1.2,15,11,False,690.0048231669934,2,2,8592,61.96129199815914,5.1267920061945915,operations,False,,
2026-09-10T02:29:41.369280+00:00,715.0012679999927,224400,10.73,3.602780476105504,1.2,16,11,False,690.0048231669934,2,2,8608,65.21154200891033,1.2679999927058816,operations,False,,
2026-09-10T02:29:46.415045+00:00,720.004977042001,224448,11.02,5.795700700526863,19.6,17,11,True,720.004977042001,2,2,8608,107.28120800922625,4.977042000973597,operations,True,8.22802734375,0
2026-09-10T02:29:51.364132+00:00,725.0022063750075,224448,11.22,4.002217762531075,1.7,17,11,False,720.004977042001,2,2,8608,59.15683400235139,2.206375007517636,operations,False,,
2026-09-10T02:29:56.358949+00:00,730.0050312920066,224544,11.48,5.1970637452561315,2.7,19,11,False,720.004977042001,3,5,17088,51.169499987736344,5.031292006606236,operations,False,,
2026-09-10T02:30:01.366246+00:00,735.001341708994,224544,11.67,3.8028061537970435,3.7,19,11,False,720.004977042001,3,5,17088,62.17504100641236,1.3417089940048754,operations,False,,
2026-09-10T02:30:06.364893+00:00,740.0042131670052,224720,11.96,5.796671020511974,2.6,17,11,False,720.004977042001,3,3,12896,57.95158300315961,4.2131670052185655,operations,False,,
2026-09-10T02:30:11.364385+00:00,745.0034546669922,224656,12.01,1.000151723018968,0.9,15,11,False,720.004977042001,3,3,12896,58.24225000105798,3.4546669921837747,operations,False,,
2026-09-10T02:30:16.417206+00:00,750.00440062501,224656,12.07,1.1997730130197597,0.8,16,13,True,750.00440062501,3,3,12896,110.13654200360179,4.400625010021031,operations,True,9.5849609375,0
2026-09-10T02:30:21.367578+00:00,755.0041424169904,224672,12.11,0.8000413154167227,0.6,16,13,False,750.00440062501,3,3,12896,60.78166700899601,4.142416990362108,operations,False,,
2026-09-10T02:30:26.379899+00:00,760.0015295839985,241776,12.25,2.8014639514876087,1.0,18,13,False,750.00440062501,3,3,12928,75.7378330163192,1.529583998490125,operations,False,,
2026-09-10T02:30:31.372343+00:00,765.0060805419926,241776,12.31,1.1989087633158952,0.7,18,13,False,750.00440062501,3,3,12928,63.65037499926984,6.080541992560029,operations,False,,
2026-09-10T02:30:36.384575+00:00,770.0048131670046,241776,12.35,0.8002028314107459,0.9,18,13,False,750.00440062501,3,3,12928,77.17558299191296,4.813167004613206,operations,False,,
2026-09-10T02:30:41.366071+00:00,775.0024023340084,248864,12.67,6.403087354854593,0.8,18,13,False,750.00440062501,3,3,12928,61.070790980011225,2.4023340083658695,model-cycle,False,,
2026-09-10T02:30:46.426662+00:00,780.005126834003,248864,12.75,1.5991286348086033,0.9,18,13,True,780.005126834003,3,3,12928,118.98324999492615,5.126834003021941,model-cycle,True,8.29345703125,0
2026-09-10T02:30:51.371550+00:00,785.0050828339881,248864,12.81,1.2000105600965139,0.9,18,13,False,780.005126834003,3,3,12928,63.93154102261178,5.082833988126367,model-cycle,False,,
2026-09-10T02:30:56.362357+00:00,790.0050898749905,248896,12.89,1.5999977468824094,1.0,18,13,False,780.005126834003,3,3,12928,54.74908402538858,5.0898749905172735,model-cycle,False,,
2026-09-10T02:31:01.374134+00:00,795.0008105839952,248896,12.94,1.0008565913197485,1.0,18,13,False,780.005126834003,3,3,12928,70.83062501624227,0.8105839951895177,model-cycle,False,,
2026-09-10T02:31:06.388689+00:00,800.0049619170022,248896,12.99,0.9991704221693742,1.0,18,13,False,780.005126834003,3,3,12928,81.246874993667,4.961917002219707,model-cycle,False,,
2026-09-10T02:31:11.374291+00:00,805.0051276670129,248896,13.04,0.9999668510967374,0.9,18,13,False,780.005126834003,3,3,12928,66.70324999140576,5.127667012857273,model-cycle,False,,
2026-09-10T02:31:16.414129+00:00,810.003293124988,249888,13.31,5.401982032611322,6.2,18,13,True,810.003293124988,3,3,12928,108.37337502744049,3.2931249879766256,model-cycle,True,10.47900390625,0
2026-09-10T02:31:21.369591+00:00,815.0032908339927,249888,13.46,3.0000013745978324,2.1,18,13,False,810.003293124988,3,3,12928,63.87404102133587,3.2908339926507324,model-cycle,False,,
2026-09-10T02:31:26.374569+00:00,820.0048734589946,250336,13.7,4.798481160748738,0.9,17,13,False,810.003293124988,3,3,12928,67.29158302186988,4.873458994552493,model-cycle,False,,
2026-09-10T02:31:31.364644+00:00,825.005110500002,250768,13.97,5.39974400784806,6.5,18,13,False,810.003293124988,3,3,12928,57.14862499735318,5.110500002047047,model-cycle,False,,
2026-09-10T02:31:36.358432+00:00,830.0001454589947,250832,14.14,3.403379583839488,2.1,18,13,False,810.003293124988,3,3,12928,55.91983301565051,0.14545899466611445,model-cycle,False,,
2026-09-10T02:31:41.374830+00:00,835.0045007500157,250832,14.31,3.3970409795846894,3.3,19,13,False,810.003293124988,3,3,12928,67.98179197357967,4.500750015722588,model-cycle,False,,
2026-09-10T02:31:46.415252+00:00,840.0023130839982,250832,14.46,3.001313174167845,1.9,19,13,True,840.0023130839982,3,3,12928,110.60725001152605,2.3130839981604367,model-cycle,True,8.8564453125,0
2026-09-10T02:31:51.369901+00:00,845.0020096249937,252336,15.36,18.001092518723098,1.8,19,13,False,840.0023130839982,3,3,12832,65.57912501739338,2.0096249936614186,model-cycle,False,,
2026-09-10T02:31:56.369723+00:00,850.0051354999887,252288,15.44,1.599000344960933,1.0,18,13,False,840.0023130839982,3,3,12832,62.29241701657884,5.135499988682568,model-cycle,False,,
2026-09-10T02:32:01.373977+00:00,855.0023412500159,252288,15.49,1.0005591624825234,0.8,18,13,False,840.0023130839982,3,3,12832,69.36291698366404,2.341250015888363,model-cycle,False,,
2026-09-10T02:32:06.361155+00:00,860.0051161250158,252288,15.57,1.5991125325223015,5.1,18,13,False,840.0023130839982,3,3,12832,53.782458999194205,5.116125015774742,model-cycle,False,,
2026-09-10T02:32:11.374155+00:00,865.0039785839908,252272,15.6,0.6001365359860378,0.0,17,13,False,840.0023130839982,3,3,12832,67.93920800555497,3.9785839908290654,model-cycle,False,,
2026-09-10T02:32:16.415317+00:00,870.002059749997,256432,15.74,2.8010749595703555,28.8,17,13,True,870.002059749997,3,3,12832,111.03712499607354,2.059749996988103,model-cycle,True,7.677734375,0
2026-09-10T02:32:21.361177+00:00,875.001669624995,257728,16.0,5.200405761661644,1.1,19,13,False,870.002059749997,3,3,12832,57.29100000462495,1.6696249949745834,deep-history,False,,
2026-09-10T02:32:26.362957+00:00,880.0050881250063,257536,16.07,1.3990434739736821,1.3,17,13,False,870.002059749997,3,3,12832,55.6923339900095,5.088125006295741,deep-history,False,,
2026-09-10T02:32:31.364451+00:00,885.0022142500093,257536,16.17,2.001150211111428,1.7,18,13,False,870.002059749997,3,3,12832,60.0742920069024,2.21425000927411,deep-history,False,,
2026-09-10T02:32:36.364327+00:00,890.0022108340054,257568,16.26,1.8000012297622385,1.3,18,13,False,870.002059749997,3,3,12832,59.97533298796043,2.210834005381912,deep-history,False,,
2026-09-10T02:32:41.365891+00:00,895.0042256250163,257584,16.4,2.7988721715015923,2.0,18,13,False,870.002059749997,3,3,12832,59.54774998826906,4.225625016260892,deep-history,False,,
2026-09-10T02:32:46.407248+00:00,900.0022788339993,257584,16.5,2.0007790197245336,2.4,18,13,True,900.0022788339993,3,3,12832,102.86862499197014,2.278833999298513,deep-history,True,6.7919921875,0
2026-09-10T02:32:51.361720+00:00,905.0022670000035,260064,16.68,3.6000085204971466,1.2,23,13,False,900.0022788339993,5,5,144672,57.370166992768645,2.267000003485009,deep-history,False,,
2026-09-10T02:32:56.365098+00:00,910.0022945000092,260016,16.81,2.5999857000756808,8.4,21,13,False,900.0022788339993,5,5,30464,60.73641698458232,2.2945000091567636,deep-history,False,,
2026-09-10T02:33:01.360627+00:00,915.002216583991,260016,16.9,1.800028050203661,1.2,20,13,False,900.0022788339993,5,5,144576,56.36216601124033,2.216583990957588,deep-history,False,,
2026-09-10T02:33:06.363989+00:00,920.0004348340153,260000,16.99,1.8006416586462812,1.2,20,13,False,900.0022788339993,5,5,144576,61.52845799806528,0.43483401532284915,deep-history,False,,
2026-09-10T02:33:11.367147+00:00,925.0054717920139,260000,17.05,1.1987923466602288,1.1,20,13,False,900.0022788339993,5,5,144576,59.66991698369384,5.471792013850063,deep-history,False,,
2026-09-10T02:33:16.418092+00:00,930.0020228750072,260000,17.12,1.4009663633432499,1.5,20,17,True,930.0020228750072,5,5,144576,114.08137498074211,2.0228750072419643,deep-history,True,7.10986328125,0
2026-09-10T02:33:21.364816+00:00,935.0031013340049,260000,17.19,1.3996980965987504,1.2,20,17,False,930.0020228750072,5,5,144576,59.747082996182144,3.1013340048957616,deep-history,False,,
2026-09-10T02:33:26.358551+00:00,940.0024315839983,260608,17.43,4.800643046142372,8.8,21,17,False,930.0020228750072,5,5,144576,54.1675410058815,2.431583998259157,deep-history,False,,
2026-09-10T02:33:31.360678+00:00,945.0037006250059,262576,17.84,8.197919300846019,7.7,21,17,False,930.0020228750072,5,5,144576,55.0454169861041,3.7006250058766454,deep-history,False,,
2026-09-10T02:33:36.358885+00:00,950.0045760000066,262576,17.95,2.199614902420613,1.3,21,17,False,930.0020228750072,5,5,144576,52.393833990208805,4.576000006636605,deep-history,False,,
2026-09-10T02:33:41.362388+00:00,955.0051173339889,262576,18.01,1.1998700939088205,0.8,21,17,False,930.0020228750072,5,5,144576,55.382040998665616,5.1173339888919145,deep-history,False,,
2026-09-10T02:33:46.411078+00:00,960.0027937919949,262576,18.07,1.200557909343686,0.9,21,17,True,960.0027937919949,5,5,144576,106.41341700102203,2.793791994918138,deep-history,True,6.9150390625,0
2026-09-10T02:33:51.367379+00:00,965.0051006250142,262704,18.74,13.393820538505544,13.4,21,17,False,960.0027937919949,5,5,145120,60.42045899084769,5.100625014165416,deep-history,False,,
2026-09-10T02:33:56.358484+00:00,970.0026134169893,262672,18.88,2.801393529693564,4.1,20,17,False,960.0027937919949,5,5,145120,54.037417023209855,2.6134169893339276,deep-history,False,,
2026-09-10T02:34:01.367756+00:00,975.0050859590119,262672,19.01,2.5987149136343137,1.9,21,17,False,960.0027937919949,5,5,145120,60.84799999371171,5.085959011921659,deep-history,False,,
2026-09-10T02:34:06.359123+00:00,980.002708709013,262720,19.16,3.0014270284800455,0.8,21,17,False,960.0027937919949,5,5,145120,54.613124986644834,2.7087090129498392,deep-history,False,,
2026-09-10T02:34:11.368760+00:00,985.0060218340077,262832,19.45,5.796159319936699,3.6,21,17,False,960.0027937919949,5,5,145088,60.93770798179321,6.02183400769718,tabs,False,,
2026-09-10T02:34:16.423970+00:00,990.005119584006,262848,19.52,1.4002526755957854,0.0,20,17,True,990.005119584006,5,5,145088,117.0879160054028,5.119584006024525,tabs,True,8.23583984375,0
2026-09-10T02:34:21.360093+00:00,995.0027434590156,262928,19.62,2.000950901888539,15.6,21,17,False,990.005119584006,5,5,56944,55.60554098337889,2.7434590156190097,tabs,False,,
2026-09-10T02:34:26.372456+00:00,1000.0048255840084,263008,19.93,6.197419239702081,1.5,20,17,False,990.005119584006,4,4,17584,65.91162498807535,4.825584008358419,tabs,False,,
2026-09-10T02:34:31.364874+00:00,1005.0037203340034,262880,20.03,2.0004421977498064,3.1,18,17,False,990.005119584006,4,4,17584,59.450583008583635,3.7203340034466237,tabs,False,,
2026-09-10T02:34:36.361637+00:00,1010.0029239169962,262784,20.12,1.8002867557980362,1.0,18,17,False,990.005119584006,4,4,17584,57.025707996217534,2.923916996223852,tabs,False,,
2026-09-10T02:34:41.385005+00:00,1015.0046224170073,263968,20.63,10.196536236617712,10.7,21,17,False,990.005119584006,4,4,17584,78.7124169874005,4.622417007340118,tabs,False,,
2026-09-10T02:34:46.418511+00:00,1020.003877375013,264080,21.12,9.801460499935779,0.9,21,13,True,1020.003877375013,3,3,136240,112.98687499947846,3.8773750129621476,tabs,True,9.9208984375,0
2026-09-10T02:34:51.368294+00:00,1025.0020825419924,263920,21.18,1.2004309146088579,1.0,20,13,False,1020.003877375013,3,3,136240,64.581625018036,2.0825419924221933,tabs,False,,
2026-09-10T02:34:56.379346+00:00,1030.006360333995,263920,21.23,0.9991451729539665,1.0,20,13,False,1020.003877375013,3,3,136240,71.37479100492783,6.360333994962275,tabs,False,,
2026-09-10T02:35:01.357229+00:00,1035.003089542006,343248,21.46,4.6030110983652195,35.3,21,13,False,1020.003877375013,3,4,12896,52.546082995831966,3.089542005909607,tabs,False,,
2026-09-10T02:35:06.374474+00:00,1040.0030102920136,698784,22.06,12.000190202996118,1.0,18,13,False,1020.003877375013,3,3,12896,69.89424998755567,3.010292013641447,tabs,False,,
2026-09-10T02:35:11.366991+00:00,1045.0058889169886,698784,22.12,1.1993095275283099,1.0,18,13,False,1020.003877375013,3,3,12896,59.53995801974088,5.88891698862426,tabs,False,,
2026-09-10T02:35:16.433111+00:00,1050.003324874997,698784,22.18,1.2006156858068393,0.7,18,13,True,1050.003324874997,3,3,12896,128.25216699275188,3.3248749969061464,tabs,True,8.35107421875,0
2026-09-10T02:35:21.362342+00:00,1055.0050604589924,698784,22.31,2.599097809487819,10.3,18,13,False,1050.003324874997,3,3,12896,55.76516600558534,5.060458992375061,tabs,False,,
2026-09-10T02:35:26.378750+00:00,1060.0031610419974,701776,22.5,3.801444105507936,1.1,19,13,False,1050.003324874997,3,3,12848,74.09295800607651,3.161041997373104,tabs,False,,
2026-09-10T02:35:31.366745+00:00,1065.0043920419994,587856,22.81,6.198473935714512,2.2,17,13,False,1050.003324874997,3,3,12848,61.003917013294995,4.392041999381036,tabs,False,,
2026-09-10T02:35:36.372797+00:00,1070.0079195419967,587840,22.94,2.5981669931877653,1.6,16,13,False,1050.003324874997,3,3,12848,63.41937501565553,7.919541996670887,tabs,False,,
2026-09-10T02:35:41.368376+00:00,1075.003273875016,268960,23.07,2.6024179934684013,1.9,16,13,False,1050.003324874997,3,3,12848,63.66766698192805,3.273875016020611,tabs,False,,
2026-09-10T02:35:46.426500+00:00,1080.0032869999995,269088,23.41,6.799982150069258,3.3,21,15,True,1080.0032869999995,4,4,140384,121.78883398883045,3.2869999995455146,tabs,True,7.71240234375,0
2026-09-10T02:35:51.361509+00:00,1085.0050609589962,269344,23.94,10.596240540752463,11.2,21,15,False,1080.0032869999995,4,4,17152,55.0457909994293,5.060958996182308,tabs,False,,
2026-09-10T02:35:56.369010+00:00,1090.0062067919935,269344,24.07,2.5994043033551684,3.5,21,15,False,1080.0032869999995,4,4,17152,61.401333019603044,6.206791993463412,conflict,False,,
2026-09-10T02:36:01.356290+00:00,1095.0032914170006,269200,24.24,3.4019836115894466,11.6,22,15,False,1080.0032869999995,4,5,23536,51.63191701285541,3.2914170005824417,conflict,False,,
2026-09-10T02:36:06.360163+00:00,1100.0042889589968,269168,24.37,2.599481381630756,1.6,20,15,False,1080.0032869999995,4,4,17152,54.5310830057133,4.288958996767178,conflict,False,,
2026-09-10T02:36:11.378781+00:00,1105.0045394590124,269136,24.63,5.199739493035051,4.0,20,15,False,1080.0032869999995,4,4,17120,72.9131659900304,4.539459012448788,conflict,False,,
2026-09-10T02:36:16.418257+00:00,1110.005129208992,269152,24.86,4.599457494007399,4.8,20,15,True,1110.005129208992,4,4,17120,111.82691602152772,5.129208992002532,conflict,True,7.47265625,0
2026-09-10T02:36:21.365427+00:00,1115.000699708995,269184,25.09,4.604078753364906,4.2,21,15,False,1110.005129208992,4,4,17120,63.43791601830162,0.6997089949436486,conflict,False,,
2026-09-10T02:36:26.367136+00:00,1120.0035541669931,269152,25.33,4.797261283831768,4.9,20,15,False,1110.005129208992,4,4,17120,62.31658300384879,3.554166993126273,conflict,False,,
2026-09-10T02:36:31.372909+00:00,1125.0065106670081,269152,25.56,4.597281627359969,3.6,20,15,False,1110.005129208992,4,4,17120,65.14991700532846,6.510667008114979,conflict,False,,
2026-09-10T02:36:36.367063+00:00,1130.005529749993,269168,25.8,4.800941865112851,7.4,20,15,False,1110.005129208992,4,4,17120,60.30062501667999,5.529749993002042,conflict,False,,
2026-09-10T02:36:41.360766+00:00,1135.0051584999892,269184,26.03,4.6003415753654835,3.3,20,15,False,1110.005129208992,4,4,17120,54.39787500654347,5.158499989192933,conflict,False,,
2026-09-10T02:36:46.419262+00:00,1140.004472917004,275168,26.57,10.801481062326177,1.3,20,15,True,1140.004472917004,4,4,17120,113.57449999195524,4.472917004022747,model-cycle,True,7.46337890625,0
2026-09-10T02:36:51.367634+00:00,1145.002929750015,275104,26.64,1.4004322201544992,1.2,19,15,False,1140.004472917004,4,4,17120,63.531458989018574,2.929750015027821,model-cycle,False,,
2026-09-10T02:36:56.369547+00:00,1150.0039971249935,275104,26.71,1.3997011987926269,1.3,19,15,False,1140.004472917004,4,4,17120,64.39637500443496,3.997124993475154,model-cycle,False,,
2026-09-10T02:37:01.368596+00:00,1155.003702334012,275104,26.77,1.20007075400708,1.2,19,15,False,1140.004472917004,4,4,17120,63.758915988728404,3.7023340119048953,model-cycle,False,,
2026-09-10T02:37:06.361707+00:00,1160.0051467500161,275104,26.86,1.7994801604113975,3.5,19,15,False,1140.004472917004,4,4,17120,55.4399169923272,5.146750016137958,model-cycle,False,,
2026-09-10T02:37:11.371268+00:00,1165.0050714999961,280272,27.35,9.800147492259034,6.4,18,15,False,1140.004472917004,3,3,12880,65.07691700244322,5.07149999612011,pdf-cycle,False,,
2026-09-10T02:37:16.423111+00:00,1170.0037132500147,280272,27.9,11.002988961910564,10.6,19,13,True,1170.0037132500147,3,3,12880,118.31699998583645,3.713250014698133,pdf-cycle,True,7.8564453125,0
2026-09-10T02:37:21.355141+00:00,1175.0037131670106,280208,28.12,4.400000073043679,2.6,19,13,False,1170.0037132500147,3,3,12880,50.36829199525528,3.7131670105736703,pdf-cycle,False,,
2026-09-10T02:37:26.373914+00:00,1180.003906500002,280208,28.28,3.1998762716697056,1.6,19,13,False,1170.0037132500147,3,3,12880,68.96595901343971,3.9065000019036233,pdf-cycle,False,,
2026-09-10T02:37:31.363891+00:00,1185.0004983750114,280240,28.44,3.202182687768487,2.6,20,13,False,1170.0037132500147,3,3,12880,62.36570898909122,0.4983750113751739,pdf-cycle,False,,
2026-09-10T02:37:36.362697+00:00,1190.005663042015,280240,28.59,2.9969043973492115,1.5,20,13,False,1170.0037132500147,3,3,12880,56.0302079829853,5.663042014930397,pdf-cycle,False,,
2026-09-10T02:37:41.375457+00:00,1195.0024527499918,280224,28.66,1.4008994592718702,0.3,19,13,False,1170.0037132500147,3,3,12880,72.01758399605751,2.45274999178946,pdf-cycle,False,,
2026-09-10T02:37:46.409344+00:00,1200.0038953339972,280288,29.22,11.19676954386871,13.5,19,13,True,1200.0038953339972,3,3,12880,104.48495799209923,3.8953339972067624,pdf-cycle,True,8.19140625,0
2026-09-10T02:37:51.359373+00:00,1205.0038867089897,280160,29.81,11.800020355052734,3.4,18,13,False,1200.0038953339972,3,3,12880,54.51924999943003,3.886708989739418,pdf-settled,False,,
2026-09-10T02:37:56.364675+00:00,1210.0024032499932,280160,29.81,0.0,0.0,18,13,False,1200.0038953339972,3,3,12880,61.342750006588176,2.4032499932218343,pdf-settled,False,,
2026-09-10T02:38:01.361218+00:00,1215.0067397500097,280144,29.88,1.3987868321758417,0.0,18,13,False,1200.0038953339972,3,3,12880,53.574791993014514,6.739750009728596,pdf-settled,False,,
2026-09-10T02:38:06.378399+00:00,1220.008215000009,280144,29.88,0.0,0.0,18,13,False,1200.0038953339972,3,3,12880,69.30124998325482,8.215000008931383,pdf-settled,False,,
2026-09-10T02:38:11.380511+00:00,1225.0074817920104,280160,29.88,0.0,0.0,18,13,False,1200.0038953339972,3,3,12880,72.15720799285918,7.481792010366917,pdf-settled,False,,
2026-09-10T02:38:16.422551+00:00,1230.0040595839964,280160,29.88,0.0,0.0,18,13,True,1230.0040595839964,3,3,12880,117.63920800876804,4.059583996422589,pdf-settled,True,8.8056640625,0
2026-09-10T02:38:21.367321+00:00,1235.005376709014,280160,29.89,0.19994732887422187,0.0,18,13,False,1230.0040595839964,3,3,12880,61.113790987292305,5.376709013944492,pdf-settled,False,,
2026-09-10T02:38:26.365276+00:00,1240.0047155419888,280176,29.89,0.0,0.0,18,13,False,1230.0040595839964,3,3,12880,59.74454199895263,4.715541988844052,pdf-settled,False,,
2026-09-10T02:38:31.362260+00:00,1245.0003270840098,280128,29.89,0.0,0.0,17,13,False,1230.0040595839964,3,3,12880,61.14366598194465,0.3270840097684413,pdf-settled,False,,
2026-09-10T02:38:36.361272+00:00,1250.0057666249922,280192,30.57,13.58522052723721,9.6,18,13,False,1230.0040595839964,3,3,12880,54.72595902392641,5.766624992247671,pdf-settled,False,,
2026-09-10T02:38:41.360987+00:00,1255.0057584999886,280192,31.09,10.400016900035066,1.0,18,13,False,1230.0040595839964,3,3,12880,54.450292023830116,5.758499988587573,pdf-settled,False,,
2026-09-10T02:38:46.410762+00:00,1260.0050725420006,280160,31.09,0.0,0.0,17,13,True,1260.0050725420006,3,3,12880,104.94816699065268,5.072542000561953,pdf-settled,True,8.44970703125,0
2026-09-10T02:38:51.363948+00:00,1265.0070614170108,280176,31.21,2.3990457195839783,0.9,19,13,False,1260.0050725420006,3,3,12880,56.17508298018947,7.0614170108456165,pdf-settled,False,,
2026-09-10T02:38:56.358964+00:00,1270.003043083998,280176,31.26,1.0008043130020994,0.9,19,13,False,1260.0050725420006,3,3,12880,55.219791014678776,3.0430839979089797,pdf-settled,False,,
2026-09-10T02:39:01.369869+00:00,1275.0050682500005,280176,31.3,0.7996761046279512,0.8,19,13,False,1260.0050725420006,3,3,12880,64.1206250002142,5.068250000476837,pdf-settled,False,,
2026-09-10T02:39:06.365908+00:00,1280.0056866249943,280192,31.35,0.9998763402948698,0.8,19,13,False,1260.0050725420006,3,3,12880,59.55979201826267,5.686624994268641,pdf-settled,False,,
2026-09-10T02:39:11.370204+00:00,1285.0047530000156,281072,31.88,10.601979654605673,1.4,20,13,False,1260.0050725420006,4,4,17264,64.7869999811519,4.75300001562573,preview-close,False,,
2026-09-10T02:39:16.428715+00:00,1290.0048540419957,281024,32.01,2.5999474592320992,2.8,20,15,True,1290.0048540419957,4,4,17264,123.23612501495518,4.854041995713487,preview-close,True,7.11181640625,0
2026-09-10T02:39:21.357690+00:00,1295.0050280000141,281056,32.14,2.599909544977547,1.1,21,15,False,1290.0048540419957,4,4,17264,52.05429199850187,5.028000014135614,preview-close,False,,
2026-09-10T02:39:26.359711+00:00,1300.0003567500098,281040,32.57,8.608042063305078,11.3,18,15,False,1290.0048540419957,1,1,4272,58.765708992723376,0.3567500098142773,preview-close,False,,
2026-09-10T02:39:31.366320+00:00,1305.0050167090085,282016,33.04,9.391247434401837,0.8,17,15,False,1290.0048540419957,1,1,4336,60.713374987244606,5.0167090084869415,final-idle,False,,
2026-09-10T02:39:36.367183+00:00,1310.0051974999951,281984,33.09,0.9999638431101265,0.9,16,15,False,1290.0048540419957,1,1,4336,61.43562501529232,5.19749999511987,final-idle,False,,
2026-09-10T02:39:41.368174+00:00,1315.005798083992,281984,33.13,0.799903918101536,0.9,16,15,False,1290.0048540419957,1,1,4336,61.844333016779274,5.798083991976455,final-idle,False,,
2026-09-10T02:39:46.415592+00:00,1320.0049690419983,281984,33.18,1.0001658358956698,0.7,16,9,True,1320.0049690419983,1,1,4336,110.11354200309142,4.969041998265311,final-idle,True,7.03564453125,0
2026-09-10T02:39:51.362071+00:00,1325.0046739999962,281984,33.23,1.0000590118825616,0.8,16,9,False,1320.0049690419983,1,1,4336,56.906209007138386,4.673999996157363,final-idle,False,,
2026-09-10T02:39:56.366752+00:00,1330.0041483340028,281984,33.3,1.4001472019539523,1.5,16,9,False,1320.0049690419983,1,1,4336,62.13058301364072,4.148334002820775,final-idle,False,,
2026-09-10T02:40:01.358136+00:00,1335.0017039590166,282000,33.38,1.6007825825807571,0.7,16,9,False,1320.0049690419983,1,1,4336,55.97645798115991,1.7039590165950358,final-idle,False,,
