utc,elapsed_seconds,pid,rss_kib,vsize_kib,cpu_time_seconds,cpu_percent_interval,cpu_percent_ps,threads,numeric_fds,fd_fresh,fd_sample_elapsed_seconds,git_children,all_descendants,descendant_rss_kib,descendants_truncated,collection_ms,schedule_lag_ms,phase,background_fresh,load_1m,compiler_processes,error_count
2026-09-10T04:52:23.325477+00:00,0.000536083010956645,34554,119680,435948432,1.79,,1.7,14,9,True,0.000536083010956645,1,1,4352,False,96.32674997556023,0.536083010956645,,True,9.43701171875,0,0
2026-09-10T04:52:28.300891+00:00,5.004817082983209,34554,123200,435948432,1.94,2.997433597370564,1.7,14,9,False,0.000536083010956645,1,1,4352,False,67.39895802456886,4.81708298320882,pr-review,False,,,0
2026-09-10T04:52:33.289381+00:00,10.002404750004644,34554,128128,435959952,2.1,3.2015446383426878,5.7,14,9,False,0.000536083010956645,1,1,4352,False,58.275540999602526,2.4047500046435744,pr-review,False,,,0
2026-09-10T04:52:38.300978+00:00,15.00514183298219,34554,128112,435959392,2.15,0.9994528829054643,0.8,13,9,False,0.000536083010956645,1,1,4352,False,67.08320800680667,5.141832982189953,pr-review,False,,,0
2026-09-10T04:52:43.305849+00:00,20.001068207988283,34554,128112,435959392,2.19,0.800652311453474,0.6,13,9,False,0.000536083010956645,1,1,4352,False,75.97745800740086,1.0682079882826656,pr-review,False,,,0
2026-09-10T04:52:48.298606+00:00,25.00174108298961,34554,135072,435959952,2.36,3.399542506566274,2.7,14,9,False,0.000536083010956645,1,1,4304,False,68.01020799321122,1.7410829896107316,pr-review,False,,,0
2026-09-10T04:52:53.350924+00:00,30.001704541005893,34554,135088,435959952,2.46,2.000014616900315,1.9,14,9,True,30.001704541005893,1,1,4304,False,120.31379199470393,1.704541005892679,pr-review,True,7.5048828125,0,0
2026-09-10T04:52:58.284131+00:00,35.00170900000376,34554,136000,435959952,2.65,3.7999966111646444,6.0,14,9,False,30.001704541005893,1,1,4304,False,53.46420800196938,1.7090000037569553,pr-review,False,,,0
2026-09-10T04:53:03.296861+00:00,40.00128270799178,34554,136016,435960512,2.77,2.4002046376128283,1.4,15,9,False,30.001704541005893,1,1,4304,False,66.57362499390729,1.282707991776988,pr-review,False,,,0
2026-09-10T04:53:08.290897+00:00,45.00314524999703,34554,136144,435959952,3.04,5.397989203672849,4.5,14,9,False,30.001704541005893,1,1,4304,False,58.695249987067655,3.1452499970328063,pr-review,False,,,0
2026-09-10T04:53:13.291401+00:00,50.00513849998242,34554,136144,435959952,3.15,2.199123319495107,1.6,14,9,False,30.001704541005893,1,1,4304,False,57.16137500712648,5.138499982422218,pr-review,False,,,0
2026-09-10T04:53:18.311787+00:00,55.00515720798285,34554,136272,435959952,3.31,3.1999880269245295,3.5,14,9,False,30.001704541005893,1,1,4304,False,77.48420801362954,5.157207982847467,pr-review,False,,,0
2026-09-10T04:53:23.354649+00:00,60.00513408301049,34554,136272,435959952,3.42,2.200010175034895,1.5,14,9,True,60.00513408301049,1,1,4304,False,120.32091699074954,5.134083010489121,pr-review,True,5.853515625,0,0
2026-09-10T04:53:28.286782+00:00,65.00190516599105,34554,136272,435959952,3.54,2.4015508817029994,2.1,14,9,False,60.00513408301049,1,1,4304,False,55.61816701083444,1.9051659910473973,pr-review,False,,,0
2026-09-10T04:53:33.297932+00:00,70.00510916599887,34554,136320,435960512,3.7,3.1979507531523765,1.5,15,9,False,60.00513408301049,1,1,4304,False,63.51958398590796,5.109165998874232,pr-review,False,,,0
2026-09-10T04:53:38.289585+00:00,75.00507929100422,34554,136272,435959936,3.82,2.4000143400831084,2.3,14,9,False,60.00513408301049,1,1,4304,False,55.15116700553335,5.079291004221886,pr-review,False,,,0
2026-09-10T04:53:43.313406+00:00,80.00567112499266,34554,136304,435960496,3.94,2.3997159533072496,1.4,15,9,False,60.00513408301049,1,1,4304,False,78.3327080134768,5.6711249926593155,pr-review,False,,,0
2026-09-10T04:53:48.302619+00:00,85.00512945800438,34554,136256,435959936,4.05,2.200238359297115,1.7,14,9,False,60.00513408301049,1,1,4304,False,68.0425830068998,5.12945800437592,pr-review,False,,,0
2026-09-10T04:53:53.332680+00:00,90.00112450000597,34554,137040,435960496,4.22,3.4027255545852406,5.6,15,9,True,90.00112450000597,1,1,4304,False,102.05116600263864,1.1245000059716403,pr-review,True,8.1689453125,0,0
2026-09-10T04:53:58.303024+00:00,95.00424591600313,34554,137008,435959936,4.28,1.1992513275443282,0.9,14,9,False,90.00112450000597,1,1,4304,False,69.2224999947939,4.245916003128514,pr-review,False,,,0
2026-09-10T04:54:03.288595+00:00,100.00249229100882,34554,137008,435959936,4.34,1.2004210176600445,0.7,14,9,False,90.00112450000597,1,1,4304,False,56.499124999390915,2.4922910088207573,pr-review,False,,,0
2026-09-10T04:54:08.285554+00:00,105.00350979098585,34554,137024,435959936,4.38,0.7998372331267348,0.7,14,9,False,90.00112450000597,1,1,4304,False,52.38583401660435,3.5097909858450294,pr-review,False,,,0
2026-09-10T04:54:13.289544+00:00,110.00124654101091,34554,137024,435959936,4.42,0.8003622839838331,0.7,14,9,False,90.00112450000597,1,1,4304,False,61.68941699434072,1.2465410109143704,pr-review,False,,,0
2026-09-10T04:54:18.278679+00:00,115.00303791600163,34554,137024,435959936,4.51,1.7993553359703434,4.9,14,9,False,90.00112450000597,1,1,4304,False,60.17250000149943,3.037916001630947,pr-review,False,,,0
2026-09-10T04:54:23.329502+00:00,120.00519808300305,34554,137072,435959936,4.59,1.5993090450751524,0.9,14,9,True,120.00519808300305,1,1,4304,False,116.98520800564438,5.198083003051579,pr-review,True,9.7490234375,0,0
2026-09-10T04:54:28.263845+00:00,125.00229312499869,34554,137072,435959936,4.64,1.000581329348338,0.9,14,9,False,120.00519808300305,1,1,4304,False,59.995457995682955,2.293124998686835,pr-review,False,,,0
2026-09-10T04:54:33.257073+00:00,130.00217408299795,34554,137088,435959936,4.76,2.400057141520802,2.2,14,9,False,120.00519808300305,1,1,4304,False,57.569416996557266,2.1740829979535192,pr-review,False,,,0
2026-09-10T04:54:38.259295+00:00,135.00382462498965,34554,137184,435959936,4.87,2.1992740011819683,0.9,14,9,False,120.00519808300305,1,1,4304,False,61.20545801240951,3.8246249896474183,pr-review,False,,,0
2026-09-10T04:54:43.253114+00:00,140.00222795800073,34554,137184,435959376,4.96,1.8005749837275147,1.4,13,9,False,120.00519808300305,1,1,4304,False,58.83908300893381,2.227958000730723,pr-review,False,,,0
2026-09-10T04:54:48.255270+00:00,145.0026622079895,34554,138016,435960960,5.13,3.3997047356513517,1.5,14,9,False,120.00519808300305,1,1,4304,False,62.172667006962,2.662207989487797,pr-review,False,,,0
2026-09-10T04:54:53.307106+00:00,150.00360054100747,34554,138032,435960960,5.27,2.799474632103931,2.8,14,9,True,150.00360054100747,1,1,4304,False,114.24108399660327,3.600541007472202,pr-review,True,10.119140625,0,0
2026-09-10T04:54:58.250543+00:00,155.00355554098496,34554,138320,435960960,5.5,4.600041400393322,0.8,14,9,False,150.00360054100747,1,1,4304,False,58.55825002072379,3.5555409849621356,pr-review,False,,,0
2026-09-10T04:55:03.253544+00:00,160.00490595799056,34554,138288,435960400,5.55,0.9997299895242248,0.9,13,9,False,150.00360054100747,1,1,4304,False,60.814333002781495,4.905957990558818,pr-review,False,,,0
2026-09-10T04:55:08.250074+00:00,165.00370441598352,34554,138352,435960960,5.74,3.800913391420989,2.4,14,9,False,150.00360054100747,1,1,4304,False,58.99124999996275,3.704415983520448,pr-review,False,,,0
2026-09-10T04:55:13.250441+00:00,170.00446799999918,34554,138384,435960960,5.86,2.399633535637752,1.5,14,9,False,150.00360054100747,1,1,4304,False,58.9121250086464,4.4679999991785735,pr-review,False,,,0
2026-09-10T04:55:18.248144+00:00,175.00108966600965,34554,138384,435960960,6.01,3.0020283708965767,5.5,14,9,False,150.00360054100747,1,1,4304,False,60.2298749727197,1.0896660096477717,pr-review,False,,,0
2026-09-10T04:55:23.304695+00:00,180.00366945800488,34554,140288,436149680,6.31,5.996905846060432,1.1,14,9,True,180.00366945800488,1,1,4304,False,114.3721669795923,3.669458004878834,pr-review,True,10.69775390625,0,0
2026-09-10T04:55:28.246454+00:00,185.00247979100095,34554,140256,436149120,6.37,1.2002855880318841,0.8,13,9,False,180.00366945800488,1,1,4304,False,57.43962500127964,2.4797910009510815,pr-review,False,,,0
2026-09-10T04:55:33.252244+00:00,190.00360391600407,34554,140256,436149120,6.42,0.9997752255342927,1.1,13,9,False,180.00366945800488,1,1,4304,False,62.191959004849195,3.603916004067287,pr-review,False,,,0
2026-09-10T04:55:38.246006+00:00,195.00249070799327,34554,139968,436148096,6.49,1.400311767655478,0.9,13,9,False,180.00366945800488,1,1,4304,False,57.10866700974293,2.4907079932745546,themes,False,,,0
2026-09-10T04:55:43.249305+00:00,200.005731207988,34554,140000,436148096,6.54,0.9993523197626142,0.9,13,9,False,180.00366945800488,1,1,4304,False,57.23445801413618,5.731207987992093,themes,False,,,0
2026-09-10T04:55:48.248925+00:00,205.0050852909917,34554,140208,436148656,6.63,1.8002325601615738,7.0,14,9,False,180.00366945800488,1,1,4304,False,57.54108401015401,5.085290991701186,themes,False,,,0
2026-09-10T04:55:53.301805+00:00,210.0035812080023,34554,141504,436155104,6.86,4.601384172732401,0.9,15,11,True,210.0035812080023,2,2,8592,False,111.95195798063651,3.5812080022878945,themes,True,11.2001953125,0,0
2026-09-10T04:55:58.250204+00:00,215.00429958300083,34554,141456,436154544,6.92,1.1998276147677904,1.0,14,11,False,210.0035812080023,2,2,8592,False,59.64587500784546,4.299583000829443,themes,False,,,0
2026-09-10T04:56:03.249463+00:00,220.0044852909923,34554,141456,436154544,6.97,0.9999628597811481,1.0,14,11,False,210.0035812080023,2,2,8592,False,58.73808401520364,4.485290992306545,themes,False,,,0
2026-09-10T04:56:08.247535+00:00,225.00360770800035,34554,141456,436154544,7.02,1.000175547409873,0.7,14,11,False,210.0035812080023,2,2,8592,False,57.69379198318347,3.6077080003451556,themes,False,,,0
2026-09-10T04:56:13.246454+00:00,230.00269950000802,34554,142208,436155168,7.17,3.000545023794395,7.3,15,11,False,210.0035812080023,2,2,8592,False,57.5289579865057,2.69950000802055,themes,False,,,0
2026-09-10T04:56:18.244956+00:00,235.00274854101008,34554,142592,436155728,7.45,5.59994507461642,4.6,16,11,False,210.0035812080023,2,2,8592,False,55.98412497784011,2.7485410100780427,themes,False,,,0
2026-09-10T04:56:23.301836+00:00,240.00509849999798,34554,142608,436155168,7.62,3.3984027785691935,0.7,15,11,True,240.00509849999798,2,2,8592,False,110.5260000040289,5.098499997984618,themes,True,11.658203125,0,0
2026-09-10T04:56:28.252094+00:00,245.0043986660021,34554,142576,436154608,7.66,0.8001119891141018,0.8,14,11,False,240.00509849999798,2,2,8592,False,61.48045900044963,4.398666002089158,themes,False,,,0
2026-09-10T04:56:33.249001+00:00,250.00508025000454,34554,143472,436155168,7.85,3.7994820667611298,3.8,15,11,False,240.00509849999798,2,2,8592,False,57.71445800201036,5.080250004539266,themes,False,,,0
2026-09-10T04:56:38.246073+00:00,255.00134579100995,34554,143488,436155168,8.11,5.203886740328842,2.0,15,11,False,240.00509849999798,2,2,8592,False,58.51991698727943,1.3457910099532455,themes,False,,,0
2026-09-10T04:56:43.251107+00:00,260.00614491599845,34554,143872,436155168,8.28,3.3967397243019364,0.6,15,11,False,240.00509849999798,2,2,8592,False,58.75212501268834,6.144915998447686,themes,False,,,0
2026-09-10T04:56:48.248515+00:00,265.00281999999424,34554,143904,436155168,8.38,2.001330851395531,3.1,15,11,False,240.00509849999798,2,2,8592,False,59.4940000155475,2.8199999942444265,themes,False,,,0
2026-09-10T04:56:53.311589+00:00,270.004878540989,34554,143936,436155168,8.63,4.997942306174652,2.3,15,11,True,270.004878540989,2,2,8592,False,120.5070840078406,4.878540989011526,themes,True,12.11083984375,0,0
2026-09-10T04:56:58.246902+00:00,275.00484066599165,34554,143936,436155168,8.92,5.8000439353297315,4.7,15,11,False,270.004878540989,2,2,8592,False,55.866000009700656,4.840665991650894,themes,False,,,0
2026-09-10T04:57:03.247405+00:00,280.00461720800376,34554,143936,436155168,9.09,3.4001519582230166,0.6,15,11,False,270.004878540989,2,2,8592,False,56.58649999531917,4.617208003764972,themes,False,,,0
2026-09-10T04:57:08.250324+00:00,285.0052270409942,34554,143888,436154608,9.13,0.7999024386207763,0.8,14,11,False,270.004878540989,2,2,8592,False,58.89570899307728,5.227040994213894,themes,False,,,0
2026-09-10T04:57:13.255415+00:00,290.0043347500032,34554,143888,436154608,9.17,0.8001427920409585,0.7,14,11,False,270.004878540989,2,2,8592,False,64.87854098668322,4.334750003181398,themes,False,,,0
2026-09-10T04:57:18.249763+00:00,295.00448825000785,34554,144304,436155200,9.27,1.9999386018830465,0.7,15,11,False,270.004878540989,2,2,8592,False,59.071707975817844,4.488250007852912,themes,False,,,0
2026-09-10T04:57:23.302527+00:00,300.0045354999893,34554,144304,436155200,9.31,0.79999244007443,0.5,15,11,True,300.0045354999893,2,2,8592,False,111.79112500394695,4.535499989287928,themes,True,12.6376953125,0,0
2026-09-10T04:57:28.249774+00:00,305.00508412500494,34554,144320,436155200,9.55,4.799473377768602,7.5,15,11,False,300.0045354999893,2,2,8592,False,58.490750001510605,5.084125004941598,themes,False,,,0
2026-09-10T04:57:33.248472+00:00,310.00508129099035,34554,144352,436155232,9.79,4.800002720655522,4.0,15,11,False,300.0045354999893,2,2,8592,False,57.19975000829436,5.081290990347043,themes,False,,,0
2026-09-10T04:57:38.250992+00:00,315.0046190409921,34554,144352,436155232,10.0,4.200388325899264,0.8,15,11,False,300.0045354999893,2,2,8592,False,60.18270901404321,4.619040992110968,themes,False,,,0
2026-09-10T04:57:43.251762+00:00,320.0040997909964,34554,144352,436155232,10.04,0.8000830886280498,0.6,15,11,False,300.0045354999893,2,2,8592,False,61.465000006137416,4.099790996406227,themes,False,,,0
2026-09-10T04:57:48.251561+00:00,325.0048052080092,34554,144352,436155232,10.07,0.5999153618995184,0.7,15,11,False,300.0045354999893,2,2,8592,False,60.561666992725804,4.805208009202033,themes,False,,,0
2026-09-10T04:57:53.303081+00:00,330.0029940409877,34554,144384,436155232,10.3,4.601666877458499,5.2,15,11,True,330.0029940409877,2,2,8592,False,113.88937500305474,2.9940409876871854,themes,True,13.0224609375,0,0
2026-09-10T04:57:58.247314+00:00,335.0030222499918,34554,144352,436154672,10.57,5.399969534447459,6.2,14,11,False,330.0029940409877,2,2,8592,False,58.10354099958204,3.0222499917726964,themes,False,,,0
2026-09-10T04:58:03.252430+00:00,340.00509962500655,34554,144352,436154672,10.68,2.1990863345986216,0.5,14,11,False,330.0029940409877,2,2,8592,False,61.13799999002367,5.099625006550923,themes,False,,,0
2026-09-10T04:58:08.253479+00:00,345.0040995409945,34554,144352,436154672,10.72,0.8001600454537261,0.8,14,11,False,330.0029940409877,2,2,8592,False,63.18679201649502,4.099540994502604,themes,False,,,0
2026-09-10T04:58:13.244728+00:00,350.00337154101,34554,144352,436155232,10.91,3.80055336055752,3.6,15,11,False,330.0029940409877,2,2,8592,False,55.164333985885605,3.371541009983048,themes,False,,,0
2026-09-10T04:58:18.248730+00:00,355.0046871250088,34554,144352,436155232,11.13,4.39884259061492,1.4,15,11,False,330.0029940409877,2,2,8592,False,57.85199999809265,4.687125008786097,themes,False,,,0
2026-09-10T04:58:23.303682+00:00,360.00376824999694,34554,144400,436155232,11.39,5.200955805665506,3.3,15,11,True,360.00376824999694,2,2,8592,False,113.72470800415613,3.7682499969378114,themes,True,12.48876953125,0,0
2026-09-10T04:58:28.248756+00:00,365.0030723749951,34554,144400,436155232,11.5,2.2003062276200267,0.5,15,11,False,360.00376824999694,2,2,8592,False,59.500166011275724,3.0723749950993806,themes,False,,,0
2026-09-10T04:58:33.256089+00:00,370.0030431659834,34554,144352,436154672,11.53,0.6000035051018674,0.6,14,11,False,360.00376824999694,2,2,8592,False,66.86566700227559,3.0431659833993763,themes,False,,,0
2026-09-10T04:58:38.253743+00:00,375.0040808329941,34554,144320,436154672,11.57,0.7998340077272511,0.6,14,11,False,360.00376824999694,2,2,8592,False,63.48129198886454,4.080832994077355,themes,False,,,0
2026-09-10T04:58:43.248798+00:00,380.00433712499216,34554,145872,436156288,11.92,6.999641209593696,3.6,15,11,False,360.00376824999694,2,2,8592,False,58.27366601442918,4.337124992161989,themes,False,,,0
2026-09-10T04:58:48.248884+00:00,385.0049080410099,34554,148576,436158400,12.11,3.7995661533644984,0.5,15,11,False,360.00376824999694,2,2,8592,False,57.786041987128556,4.908041009912267,themes,False,,,0
2026-09-10T04:58:53.300147+00:00,390.00426120799966,34554,148528,436157840,12.15,0.8001035066719651,0.6,14,11,True,390.00426120799966,2,2,8592,False,109.70095798256807,4.261207999661565,themes,True,12.306640625,0,0
2026-09-10T04:58:58.248048+00:00,395.0040728749882,34554,148528,436157840,12.18,0.6000226008126589,0.6,14,11,False,390.00426120799966,2,2,8592,False,57.791708008153364,4.072874988196418,themes,False,,,0
2026-09-10T04:59:03.245901+00:00,400.00403599999845,34554,149312,436158464,12.45,5.4000398252826285,5.9,15,11,False,390.00426120799966,2,2,8592,False,55.68074999609962,4.035999998450279,themes,False,,,0
2026-09-10T04:59:08.243244+00:00,405.00142795799184,34554,150752,436157904,12.74,5.8030269075881185,1.0,14,11,False,390.00426120799966,2,2,8592,False,55.63358301878907,1.4279579918365926,themes,False,,,0
2026-09-10T04:59:13.257685+00:00,410.004785875004,34554,150800,436121936,12.81,1.399060414246792,0.6,15,11,False,390.00426120799966,2,2,8592,False,66.72674999572337,4.785875004017726,themes,False,,,0
2026-09-10T04:59:18.253470+00:00,415.0004421249905,34554,150768,436121376,12.85,0.8006956043083885,0.6,14,11,False,390.00426120799966,2,2,8592,False,66.85066601494327,0.44212499051354825,themes,False,,,0
2026-09-10T04:59:23.320194+00:00,420.0047445409873,34554,150784,436121376,12.88,0.5994841539572612,0.6,14,11,True,420.0047445409873,2,2,8592,False,129.27525001578033,4.7445409873034805,themes,True,12.234375,0,0
2026-09-10T04:59:28.245882+00:00,425.0031151660078,34554,151808,436122752,12.98,2.0006519624500654,0.5,15,11,False,420.0047445409873,2,2,8624,False,56.58649999531917,3.1151660077739507,themes,False,,,0
2026-09-10T04:59:33.261040+00:00,430.0029553750064,34554,151808,436122752,13.01,0.6000191755329649,0.5,15,11,False,420.0047445409873,2,2,8624,False,71.99191598920152,2.9553750064224005,themes,False,,,0
2026-09-10T04:59:38.343000+00:00,435.0034318329999,34554,151808,436122752,13.05,0.7999237739847573,0.5,15,11,False,420.0047445409873,2,2,8624,False,153.39274998405017,3.431832999922335,themes,False,,,0
2026-09-10T04:59:43.253415+00:00,440.00312258300255,34554,151824,436122752,13.08,0.6000371122950672,0.5,15,11,False,420.0047445409873,2,2,8624,False,64.14737500017509,3.1225830025505275,themes,False,,,0
2026-09-10T04:59:48.249663+00:00,445.0051113750087,34554,151824,436122752,13.12,0.79968191979807,0.6,15,11,False,420.0047445409873,2,2,8624,False,58.37812498793937,5.111375008709729,themes,False,,,0
2026-09-10T04:59:53.302380+00:00,450.00424866599496,34554,151824,436122752,13.15,0.600103542947159,0.6,15,11,True,450.00424866599496,2,2,8624,False,111.95399999269284,4.24866599496454,themes,True,13.4892578125,0,0
2026-09-10T04:59:58.254791+00:00,455.0031195409829,34554,151776,436122192,13.19,0.8001807008086771,0.6,14,11,False,450.00424866599496,2,2,8624,False,65.50445902394131,3.1195409828796983,themes,False,,,0
2026-09-10T05:00:03.248139+00:00,460.00502354098717,34554,152336,436122752,13.3,2.1991625588957104,0.5,15,11,False,450.00424866599496,2,2,8624,False,56.942124996567145,5.023540987167507,themes,False,,,0
2026-09-10T05:00:08.255531+00:00,465.00435087500955,34554,152336,436122752,13.33,0.600080730778271,0.6,15,11,False,450.00424866599496,2,2,8624,False,65.01474999822676,4.350875009549782,themes,False,,,0
2026-09-10T05:00:13.255690+00:00,470.00592095800675,34554,152336,436122752,13.38,0.9996860819760436,0.5,15,11,False,450.00424866599496,2,2,8624,False,63.60462500015274,5.9209580067545176,themes,False,,,0
2026-09-10T05:00:18.256601+00:00,475.0001535830088,34554,152336,436122752,13.41,0.6006928842243727,0.5,15,11,False,450.00424866599496,2,2,8624,False,70.28383298893459,0.15358300879597664,themes,False,,,0
2026-09-10T05:00:23.313012+00:00,480.0038714580005,34554,152784,436123936,13.5,1.7986625594903074,1.1,17,11,True,480.0038714580005,2,2,8624,False,122.97854200005531,3.8714580005034804,themes,True,12.75341796875,0,0
2026-09-10T05:00:28.262748+00:00,485.0045720830094,34554,152800,436123936,13.57,1.399803852482684,0.9,17,11,False,480.0038714580005,2,2,8624,False,72.0085829962045,4.572083009406924,themes,False,,,0
2026-09-10T05:00:33.258431+00:00,490.00512987500406,34554,152800,436123936,13.64,1.3998438356629466,1.5,17,11,False,480.0038714580005,2,2,8624,False,67.12912500370294,5.129875004058704,themes,False,,,0
2026-09-10T05:00:38.250835+00:00,495.0046901660098,34554,152848,436123936,13.75,2.200193488973221,0.6,17,11,False,480.0038714580005,2,2,8624,False,59.976083983201534,4.69016600982286,themes,False,,,0
2026-09-10T05:00:43.255696+00:00,500.003298791009,34554,152800,436123376,13.78,0.6001670114752041,0.6,16,11,False,480.0038714580005,2,2,8624,False,66.23249998665415,3.298791009001434,themes,False,,,0
2026-09-10T05:00:48.253749+00:00,505.00222458300414,34554,152912,436123376,13.96,3.600773595964129,0.5,16,11,False,480.0038714580005,2,2,8624,False,65.35479199374095,2.2245830041356385,themes,False,,,0
2026-09-10T05:00:53.314827+00:00,510.0030903329898,34554,152880,436122816,14.0,0.7998615039828594,0.5,15,11,True,510.0030903329898,2,2,8624,False,125.57091700728051,3.09033298981376,themes,True,12.59228515625,0,0
2026-09-10T05:00:58.252099+00:00,515.0041674159875,34554,153312,436123248,14.07,1.3996984817127067,0.6,15,11,False,510.0030903329898,2,2,8624,False,61.762416997225955,4.167415987467393,themes,False,,,0
2026-09-10T05:01:03.252391+00:00,520.0025211249886,34554,153312,436123248,14.1,0.6001976199878574,0.6,15,11,False,510.0030903329898,2,2,8624,False,63.70525000966154,2.521124988561496,themes,False,,,0
2026-09-10T05:01:08.254361+00:00,525.0047654579976,34554,153312,436123248,14.25,2.9986540043670913,3.8,15,11,False,510.0030903329898,2,2,8624,False,63.430999987758696,4.765457997564226,themes,False,,,0
2026-09-10T05:01:13.257641+00:00,530.0047932080051,34554,153472,436123248,14.39,2.799984460082016,0.6,15,11,False,510.0030903329898,2,2,8624,False,66.68487499700859,4.793208005139604,themes,False,,,0
2026-09-10T05:01:18.252277+00:00,535.0041719999863,34554,153472,436123248,14.42,0.6000745542249863,0.6,15,11,False,510.0030903329898,2,2,8624,False,61.94174999836832,4.171999986283481,themes,False,,,0
2026-09-10T05:01:23.303672+00:00,540.0050828329986,34554,154016,436123376,14.67,4.999089332880822,1.7,15,11,True,540.0050828329986,2,2,8576,False,112.42454199236818,5.082832998596132,themes,True,14.23486328125,0,0
2026-09-10T05:01:28.253903+00:00,545.0010028329853,34554,154016,436123376,14.77,2.0016333328049045,1.9,15,11,False,540.0050828329986,2,2,8576,False,66.73883300391026,1.0028329852502793,themes,False,,,0
2026-09-10T05:01:33.254669+00:00,550.0053333750111,34554,154016,436123376,14.88,2.198096210396825,1.7,15,11,False,540.0050828329986,2,2,8576,False,63.174915994750336,5.33337501110509,themes,False,,,0
2026-09-10T05:01:38.254201+00:00,555.0033110409859,34554,154032,436123376,14.99,2.2008901870221957,2.1,15,11,False,540.0050828329986,2,2,8576,False,64.73604199709371,3.311040985863656,themes,False,,,0
2026-09-10T05:01:43.264621+00:00,560.0050345409836,34554,154144,436122816,15.13,2.799035172577282,0.8,14,11,False,540.0050828329986,2,2,8576,False,73.42866700491868,5.034540983615443,themes,False,,,0
2026-09-10T05:01:48.261613+00:00,565.0051654579875,34554,154144,436122816,15.17,0.7999790538278099,0.8,14,11,False,540.0050828329986,2,2,8576,False,70.29979201615788,5.1654579874593765,themes,False,,,0
2026-09-10T05:01:53.311001+00:00,570.0048872499901,34554,154144,436122816,15.22,1.0000556446956392,0.7,14,11,True,570.0048872499901,2,2,8576,False,119.9591250042431,4.887249990133569,themes,True,15.5673828125,0,0
2026-09-10T05:01:58.262865+00:00,575.0051199579902,34554,154256,436123376,15.42,3.9998138422639746,2.8,15,11,False,570.0048872499901,2,2,8576,False,71.59062501159497,5.119957990245894,themes,False,,,0
2026-09-10T05:02:03.257253+00:00,580.0051393749891,34554,154256,436123376,15.53,2.1999914565536773,1.4,15,11,False,570.0048872499901,2,2,8576,False,65.96212499425747,5.139374989084899,themes,False,,,0
2026-09-10T05:02:08.254224+00:00,585.0049065409985,34554,154256,436123376,15.64,2.2001024517267345,2.6,15,11,False,570.0048872499901,2,2,8576,False,63.15729199559428,4.906540998490527,themes,False,,,0
2026-09-10T05:02:13.263236+00:00,590.0051168749924,34554,155888,436122816,15.79,2.9998738049122604,5.2,14,11,False,570.0048872499901,2,2,8576,False,71.96375000057742,5.116874992381781,themes,False,,,0
2026-09-10T05:02:18.262457+00:00,595.0047093750036,34554,155888,436123376,15.87,1.600130410624882,0.7,15,11,False,570.0048872499901,2,2,8576,False,71.59120799042284,4.709375003585592,themes,False,,,0
2026-09-10T05:02:23.304441+00:00,600.0005175829865,34554,155856,436122816,15.91,0.8006712494703858,0.7,14,11,True,600.0005175829865,2,2,8576,False,117.77487501967698,0.5175829865038395,themes,True,17.474609375,0,0
2026-09-10T05:02:28.262614+00:00,605.0053860000044,34554,155936,436123376,15.98,1.3986381692270269,0.8,15,11,False,600.0005175829865,2,2,8576,False,71.07829098822549,5.386000004364178,themes,False,,,0
2026-09-10T05:02:33.261779+00:00,610.0051574579848,34554,155888,436122816,16.03,1.0000457104932905,0.7,14,11,False,600.0005175829865,2,2,8576,False,70.46829201863147,5.15745798475109,themes,False,,,0
2026-09-10T05:02:38.266210+00:00,615.0051215410058,34554,157088,436124992,16.23,4.000028733789559,19.4,16,11,False,600.0005175829865,2,2,8576,False,74.94816699181683,5.121541005792096,themes,False,,,0
2026-09-10T05:02:43.261287+00:00,620.0024423330033,34554,157104,436124992,16.28,1.0005361288806756,0.8,16,11,False,600.0005175829865,2,2,8576,False,72.69825000548735,2.4423330032732338,themes,False,,,0
2026-09-10T05:02:48.261346+00:00,625.0055977909942,34554,157072,436124432,16.33,0.9993693064271695,0.8,15,11,False,600.0005175829865,2,2,8576,False,69.6098750049714,5.597790994215757,themes,False,,,0
2026-09-10T05:02:53.313584+00:00,630.0046471249952,34554,157488,436124992,16.43,2.0003803387146335,7.3,16,11,True,630.0046471249952,2,2,8576,False,122.78554099611938,4.647124995244667,themes,True,17.86279296875,0,0
2026-09-10T05:02:58.268887+00:00,635.0043430000078,34554,157840,436124992,16.77,6.800413635142287,0.7,16,11,False,630.0046471249952,2,2,8576,False,78.40258299256675,4.343000007793307,themes,False,,,0
2026-09-10T05:03:03.269898+00:00,640.0045809999865,34554,157744,436123872,16.82,0.9999524022699243,0.7,14,11,False,630.0046471249952,2,2,8576,False,79.17458302108571,4.580999986501411,themes,False,,,0
2026-09-10T05:03:08.268634+00:00,645.0052031250088,34554,157776,436124432,16.89,1.3998258266652666,1.0,15,11,False,630.0046471249952,2,2,8576,False,77.29549999930896,5.2031250088475645,themes,False,,,0
2026-09-10T05:03:13.265625+00:00,650.0043703749834,34554,157744,436123872,16.93,0.8001332621988729,0.8,14,11,False,630.0046471249952,2,2,8576,False,75.107166019734,4.37037498340942,themes,False,,,0
2026-09-10T05:03:18.261221+00:00,655.0043625000108,34554,157744,436123872,16.97,0.8000012599975919,0.5,14,11,False,630.0046471249952,2,2,8576,False,70.71774997166358,4.362500010756776,themes,False,,,0
2026-09-10T05:03:23.311619+00:00,660.0011602499872,34554,157840,436124432,17.12,3.0019225813314288,2.6,15,11,True,660.0011602499872,2,2,8576,False,124.31237500277348,1.1602499871514738,themes,True,17.19189453125,0,0
2026-09-10T05:03:28.254767+00:00,665.004987666005,34554,158000,436161376,17.22,1.9984702046254676,0.6,15,11,False,660.0011602499872,2,2,8576,False,63.63262498052791,4.987666005035862,themes,False,,,0
2026-09-10T05:03:33.261123+00:00,670.003033874993,34554,157936,436160256,17.26,0.8003127287633125,0.6,13,11,False,660.0011602499872,2,2,8576,False,71.97354099480435,3.0338749929796904,themes,False,,,0
2026-09-10T05:03:38.259326+00:00,675.0057888329902,34554,157936,436160256,17.29,0.5996695870950179,0.6,13,11,False,660.0011602499872,2,2,8576,False,67.40583301871084,5.788832990219817,themes,False,,,0
2026-09-10T05:03:43.263126+00:00,680.0059089999995,34554,158176,436164176,17.52,4.599889449008369,0.7,17,11,False,660.0011602499872,3,3,12896,False,71.05191599112004,5.9089999995194376,markdown-tab,False,,,0
2026-09-10T05:03:48.256792+00:00,685.0049043750041,34554,158096,436163056,17.56,0.8001607723024221,1.7,15,11,False,660.0011602499872,3,3,12896,False,65.7452080049552,4.904375004116446,markdown-tab,False,,,0
2026-09-10T05:03:53.314068+00:00,690.0040358749975,34554,598256,436594576,18.25,13.802397476459955,0.5,16,13,True,690.0040358749975,3,3,12976,False,123.90362500445917,4.035874997498468,markdown-tab,True,16.9716796875,0,0
2026-09-10T05:03:58.259936+00:00,695.0053863750072,34554,598224,436594016,18.29,0.7997839783458768,0.6,15,13,False,690.0040358749975,3,3,12976,False,68.41187499230728,5.386375007219613,markdown-tab,False,,,0
2026-09-10T05:04:03.255364+00:00,700.0052435410034,34554,600240,436596832,18.37,1.6000457081869839,0.7,17,13,False,690.0040358749975,3,3,12976,False,63.98441700730473,5.243541003437713,markdown-tab,False,,,0
2026-09-10T05:04:08.258925+00:00,705.0051270409895,34554,600224,436596272,18.41,0.8000186404365408,0.5,16,13,False,690.0040358749975,3,3,12976,False,67.67491699429229,5.127040989464149,markdown-tab,False,,,0
2026-09-10T05:04:13.251968+00:00,710.0050285409961,34554,600256,436596272,18.46,1.0000197003867775,1.3,16,13,False,690.0040358749975,3,3,12976,False,60.80504201236181,5.028540996136144,markdown-tab,False,,,0
2026-09-10T05:04:18.258887+00:00,715.0046706660069,34554,469152,436464768,18.53,1.400100212169689,0.5,16,13,False,690.0040358749975,3,3,12976,False,68.09341697953641,4.670666006859392,markdown-tab,False,,,0
2026-09-10T05:04:23.310954+00:00,720.0058462079905,34554,469104,436464208,18.57,0.7998119574929657,0.5,15,13,True,720.0058462079905,3,3,12976,False,118.96816699299961,5.846207990543917,markdown-tab,True,16.80712890625,0,0
2026-09-10T05:04:28.254444+00:00,725.0031265410071,34554,169648,436164752,18.61,0.8004353835369838,0.6,15,13,False,720.0058462079905,3,3,12976,False,65.1881669764407,3.1265410070773214,markdown-tab,False,,,0
2026-09-10T05:04:33.259520+00:00,730.0042500410054,34554,169648,436164752,18.65,0.7998202803832436,0.6,15,13,False,720.0058462079905,3,3,12976,False,69.1376669856254,4.250041005434468,markdown-tab,False,,,0
2026-09-10T05:04:38.248497+00:00,735.0029842910008,34554,169648,436164752,18.69,0.8002025712817225,0.5,15,13,False,720.0058462079905,3,3,12976,False,59.35545900138095,2.9842910007573664,markdown-link-open,False,,,0
2026-09-10T05:04:43.253694+00:00,740.0021696249896,34554,169648,436164752,18.73,0.8001303678030086,0.6,15,13,False,720.0058462079905,3,3,12976,False,65.38970800465904,2.1696249896194786,markdown-link-open,False,,,0
2026-09-10T05:04:48.257021+00:00,745.0028588330024,34554,169968,436167552,18.94,4.19942114505958,0.5,17,13,False,720.0058462079905,3,3,12928,False,68.03808300173841,2.8588330023922026,markdown-link-open,False,,,0
2026-09-10T05:04:53.315476+00:00,750.0052015410038,34554,169936,436166992,18.98,0.7996253422624982,0.6,16,13,True,750.0052015410038,3,3,12928,False,124.14512498071417,5.201541003771126,markdown-link-open,True,17.140625,0,0
2026-09-10T05:04:58.256459+00:00,755.0023964160064,34554,175952,436167024,19.14,3.2017962877606747,11.1,16,13,False,750.0052015410038,3,3,12928,False,67.93933399603702,2.396416006376967,markdown-link-open,False,,,0
2026-09-10T05:05:03.255890+00:00,760.0049104159989,34554,175952,436167584,19.33,3.7980903201926464,1.9,17,13,False,750.0052015410038,3,3,12928,False,64.83004198526032,4.910415998892859,markdown-settled,False,,,0
2026-09-10T05:05:08.258122+00:00,765.00508433301,34554,175952,436167584,19.42,1.7999373920537804,1.1,17,13,False,750.0052015410038,3,3,12928,False,66.91066699568182,5.084333010017872,markdown-settled,False,,,0
2026-09-10T05:05:13.255606+00:00,770.0017336249875,34554,175952,436167584,19.51,1.8012070637917563,1.8,17,13,False,750.0052015410038,3,3,12928,False,67.74187501287088,1.7336249875370413,markdown-settled,False,,,0
2026-09-10T05:05:18.263552+00:00,775.0063554160006,34554,175968,436167584,19.6,1.7983376918035157,1.2,17,13,False,750.0052015410038,3,3,12928,False,71.06824999209493,6.355416000587866,markdown-settled,False,,,0
2026-09-10T05:05:23.317327+00:00,780.005067207996,34554,175952,436167024,19.7,2.0005154159943803,1.9,16,13,True,780.005067207996,3,3,12928,False,126.14058298640884,5.067207996034995,markdown-settled,True,15.916015625,0,0
2026-09-10T05:05:28.256779+00:00,785.0050985830021,34554,175952,436167024,19.79,1.7999887050686865,1.1,16,13,False,780.005067207996,3,3,12928,False,65.56225000531413,5.0985830021090806,markdown-settled,False,,,0
2026-09-10T05:05:33.254272+00:00,790.0017772910069,34554,175952,436167024,19.88,1.801196459876804,1.6,16,13,False,780.005067207996,3,3,12928,False,66.3646670000162,1.777291006874293,markdown-settled,False,,,0
2026-09-10T05:05:38.257071+00:00,795.0050300410076,34554,175984,436167584,19.98,1.998699745880073,1.1,17,13,False,780.005067207996,3,3,12928,False,65.93462498858571,5.030041007557884,markdown-settled,False,,,0
2026-09-10T05:05:43.260721+00:00,800.003644374985,34554,175952,436167024,20.08,2.0005544200571816,1.6,16,13,False,780.005067207996,3,3,12928,False,70.95025002490729,3.6443749850150198,markdown-settled,False,,,0
2026-09-10T05:05:48.250587+00:00,805.00200149999,34554,175952,436167024,20.17,1.8005916293929003,1.8,16,13,False,780.005067207996,3,3,12928,False,62.4374579929281,2.001499990001321,markdown-correction,False,,,0
2026-09-10T05:05:53.312142+00:00,810.0005298749893,34554,175952,436167024,20.25,1.600471058644527,1.3,16,13,True,810.0005298749893,3,3,12928,False,125.48795799375512,0.529874989297241,markdown-correction,True,16.3828125,0,0
2026-09-10T05:05:58.256282+00:00,815.0046796250099,34554,175952,436167584,20.35,1.9983414764833927,3.1,17,13,False,810.0005298749893,3,3,12928,False,65.48137500067241,4.679625009885058,markdown-correction,False,,,0
2026-09-10T05:06:03.260485+00:00,820.0046519580064,34554,175952,436167584,20.44,1.800009960176353,1.4,17,13,False,810.0005298749893,3,3,12928,False,69.70958298188634,4.651958006434143,markdown-correction,False,,,0
2026-09-10T05:06:08.261057+00:00,825.0017725829966,34554,175952,436167584,20.52,1.6009219309200715,2.7,17,13,False,810.0005298749893,3,3,12928,False,73.2054169930052,1.772582996636629,markdown-correction,False,,,0
2026-09-10T05:06:13.257453+00:00,830.003000458004,34554,175952,436167584,20.61,1.7995580735234582,1.3,17,13,False,810.0005298749893,3,3,12928,False,68.34566697943956,3.0004580039530993,markdown-correction,False,,,0
2026-09-10T05:06:18.256299+00:00,835.0027879159898,34554,175968,436167584,20.76,3.0001275306296837,2.7,17,13,False,810.0005298749893,3,3,12928,False,67.41066701943055,2.787915989756584,markdown-correction,False,,,0
2026-09-10T05:06:23.310691+00:00,840.0029743330088,34554,175968,436167584,20.85,1.7999328923751599,1.4,17,13,True,840.0029743330088,3,3,12928,False,121.60029198275879,2.974333008751273,markdown-correction,True,14.552734375,0,0
2026-09-10T05:06:28.250851+00:00,845.0002607500064,34554,175984,436167584,20.98,2.6014118293844373,7.6,17,13,False,840.0029743330088,3,3,12944,False,64.47424998623319,0.2607500064186752,markdown-correction,False,,,0
2026-09-10T05:06:33.263606+00:00,850.0037232910108,34554,175984,436167584,21.04,1.1991695652417964,0.6,17,13,False,840.0029743330088,3,3,12944,False,73.7759169714991,3.7232910108286887,markdown-correction,False,,,0
2026-09-10T05:06:38.259861+00:00,855.0042227910017,34554,175936,436167024,21.08,0.7999200879846591,0.7,16,13,False,840.0029743330088,3,3,12944,False,69.52462499612011,4.222791001666337,markdown-correction,False,,,0
2026-09-10T05:06:43.255493+00:00,860.0037926659861,34554,176208,436167776,21.38,6.000516194424307,9.2,17,13,False,840.0029743330088,3,3,12928,False,65.58929200400598,3.7926659861113876,markdown-correction,False,,,0
2026-09-10T05:06:48.259836+00:00,865.0030206250085,34554,176128,436166656,21.42,0.8001235456329296,0.8,15,13,False,840.0029743330088,3,3,12928,False,70.70508299511857,3.020625008502975,markdown-correction,False,,,0
2026-09-10T05:06:53.309843+00:00,870.0047055830073,34554,176128,436166656,21.46,0.7997304975402393,0.6,15,13,True,870.0047055830073,3,3,12928,False,119.02841698611155,4.705583007307723,markdown-correction,True,14.27197265625,0,0
2026-09-10T05:06:58.254461+00:00,875.0039125829935,34554,176128,436166656,21.49,0.6000951750963782,0.6,15,13,False,870.0047055830073,3,3,12928,False,64.43420800496824,3.9125829935073853,markdown-correction,False,,,0
2026-09-10T05:07:03.252106+00:00,880.0009961249889,34554,176240,436167776,21.64,3.0017508960857953,11.2,17,13,False,870.0047055830073,3,3,12928,False,65.00195802072994,0.996124988887459,markdown-correction,False,,,0
2026-09-10T05:07:08.254535+00:00,885.0050047909899,34554,176240,436167776,21.84,3.9967956362439723,0.6,17,13,False,870.0047055830073,3,3,12928,False,63.419084006454796,5.004790989914909,markdown-correction,False,,,0
2026-09-10T05:07:13.251974+00:00,890.000387624983,34554,176192,436167216,21.88,0.8007394293747278,0.5,16,13,False,870.0047055830073,3,3,12928,False,65.47729100566357,0.387624982977286,markdown-correction,False,,,0
2026-09-10T05:07:18.254979+00:00,895.0028750409838,34554,176192,436167216,21.91,0.5997016584998105,0.7,16,13,False,870.0047055830073,3,3,12928,False,65.99408402689733,2.8750409837812185,markdown-correction,False,,,0
2026-09-10T05:07:23.311717+00:00,900.0023859159846,34554,176192,436167216,21.95,0.8000782676563802,0.5,16,13,True,900.0023859159846,3,3,12928,False,123.22608401882462,2.3859159846324474,markdown-correction,True,13.57763671875,0,0
2026-09-10T05:07:28.260056+00:00,905.0029588330071,34554,176192,436167216,21.99,0.7999083437786634,0.6,16,13,False,900.0023859159846,3,3,12928,False,70.99783298326656,2.9588330071419477,markdown-correction,False,,,0
2026-09-10T05:07:33.250876+00:00,910.003106499993,34554,176240,436167776,22.28,5.799828711355183,6.3,17,13,False,900.0023859159846,3,3,12928,False,61.63733301218599,3.1064999930094928,markdown-link-open,False,,,0
2026-09-10T05:07:38.249009+00:00,915.0014359999914,34554,176464,436167904,22.54,5.201737900634265,0.7,17,13,False,900.0023859159846,3,3,12928,False,61.44120800308883,1.4359999913722277,markdown-settled,False,,,0
2026-09-10T05:07:43.264234+00:00,920.0021637080063,34554,176368,436166784,22.57,0.5999126877458011,0.5,15,13,False,900.0023859159846,3,3,12928,False,76.0022499889601,2.163708006264642,markdown-settled,False,,,0
2026-09-10T05:07:48.252272+00:00,925.002588125004,34554,175840,436166784,22.61,0.7999320990440145,0.7,15,13,False,900.0023859159846,3,3,12928,False,63.57508298242465,2.588125003967434,markdown-settled,False,,,0
2026-09-10T05:07:53.310826+00:00,930.0004054580058,34554,175600,436166784,22.65,0.8003493792353881,0.5,15,13,True,930.0004054580058,3,3,12928,False,124.31324998033233,0.4054580058436841,markdown-settled,True,16.82763671875,0,0
2026-09-10T05:07:58.259055+00:00,935.0050873750006,34554,175600,436166784,22.68,0.5994386955568162,0.5,15,13,False,930.0004054580058,3,3,12928,False,67.87370800157078,5.087375000584871,markdown-settled,False,,,0
2026-09-10T05:08:03.244849+00:00,940.0050971249875,34554,175600,436166784,22.72,0.7999984400051162,0.7,15,13,False,930.0004054580058,3,3,12928,False,53.64141601603478,5.09712498751469,markdown-settled,False,,,0
2026-09-10T05:08:08.261387+00:00,945.0041153749917,34554,175600,436166784,22.75,0.6001178331360603,0.5,15,13,False,930.0004054580058,3,3,12928,False,71.16625001071952,4.115374991670251,markdown-settled,False,,,0
2026-09-10T05:08:13.250275+00:00,950.0028447909863,34554,175600,436166784,22.79,0.8002033451142565,0.5,15,13,False,930.0004054580058,3,3,12928,False,61.32820900529623,2.8447909862734377,markdown-settled,False,,,0
2026-09-10T05:08:18.258403+00:00,955.0045779579959,34554,175664,436168464,23.13,6.797643709635803,12.1,18,13,False,930.0004054580058,3,3,12928,False,67.70170800155029,4.577957995934412,markdown-link-open,False,,,0
2026-09-10T05:08:23.322484+00:00,960.0050757499994,34554,175664,436168464,23.29,3.1996814448326423,0.5,18,13,True,960.0050757499994,3,3,12928,False,131.28404101007618,5.0757499993778765,markdown-settled,True,18.46875,0,0
2026-09-10T05:08:28.250315+00:00,965.003131415986,34554,175616,436167904,23.33,0.8003112144630983,0.8,17,13,False,960.0050757499994,3,3,12928,False,61.075834004441276,3.1314159859903157,markdown-settled,False,,,0
2026-09-10T05:08:33.265732+00:00,970.0050300410076,34554,175616,436167904,23.37,0.7996963353056805,0.6,17,13,False,960.0050757499994,3,3,12928,False,74.60100000025705,5.030041007557884,markdown-settled,False,,,0
2026-09-10T05:08:38.262690+00:00,975.0037262499973,34554,175616,436167904,23.41,0.8002086609716886,0.5,17,13,False,960.0050757499994,3,3,12928,False,72.85929098725319,3.726249997271225,markdown-settled,False,,,0
2026-09-10T05:08:43.262912+00:00,980.0051519160043,34554,175616,436167904,23.44,0.5998289688458457,0.8,17,13,False,960.0050757499994,3,3,12928,False,71.6670419787988,5.151916004251689,markdown-settled,False,,,0
2026-09-10T05:08:48.246517+00:00,985.0025786659971,34554,175616,436167904,23.49,1.0005149150023733,1.1,17,13,False,960.0050757499994,3,3,12928,False,57.81624998780899,2.5786659971345216,markdown-link-open,False,,,0
2026-09-10T05:08:53.305484+00:00,990.0044642080029,34554,175664,436167904,23.9,8.196908876799075,3.0,17,13,True,990.0044642080029,3,3,12928,False,114.92341698613018,4.464208002900705,markdown-link-open,True,13.646484375,0,0
2026-09-10T05:08:58.248318+00:00,995.0051265000075,34554,175664,436167904,23.97,1.399814582798794,0.5,17,13,False,990.0044642080029,3,3,12928,False,57.07095799152739,5.126500007463619,markdown-settled,False,,,0
2026-09-10T05:09:03.262389+00:00,1000.0024832499912,34554,175616,436167344,24.01,0.8004231436975732,0.7,16,13,False,990.0044642080029,3,3,12928,False,73.80862499121577,2.4832499912008643,markdown-settled,False,,,0
2026-09-10T05:09:08.266403+00:00,1005.0051354579919,34554,175616,436167344,24.05,0.799575871695175,0.6,16,13,False,990.0044642080029,3,3,12928,False,75.1752500073053,5.135457991855219,markdown-settled,False,,,0
2026-09-10T05:09:13.266863+00:00,1010.0019993750029,34554,175616,436167344,24.09,0.8005020881962621,0.7,16,13,False,990.0044642080029,3,3,12928,False,78.76570799271576,1.9993750029243529,markdown-settled,False,,,0
2026-09-10T05:09:18.251754+00:00,1015.0031861249881,34554,175616,436167344,24.13,0.7998101650596721,0.7,16,13,False,990.0044642080029,3,3,12928,False,62.4719159968663,3.1861249881330878,markdown-settled,False,,,0
2026-09-10T05:09:23.313395+00:00,1020.0047087499988,34554,175616,436167344,24.16,0.5998173406230867,0.5,16,13,True,1020.0047087499988,3,3,12928,False,122.58641599328257,4.708749998826534,markdown-settled,True,10.072265625,0,0
2026-09-10T05:09:28.259493+00:00,1025.0040924159985,34554,175616,436167344,24.2,0.8000986255973038,0.7,16,13,False,1020.0047087499988,3,3,12928,False,69.31229200563394,4.092415998457,markdown-settled,False,,,0
2026-09-10T05:09:33.244107+00:00,1030.0042684579967,34554,175616,436167344,24.24,0.7999718342719407,0.6,16,13,False,1020.0047087499988,3,3,12928,False,53.74649999430403,4.268457996658981,markdown-settled,False,,,0
2026-09-10T05:09:38.267077+00:00,1035.0052009999927,34554,175616,436167344,24.28,0.7998508211038098,0.8,16,13,False,1020.0047087499988,3,3,12928,False,75.77441600733437,5.200999992666766,markdown-settled,False,,,0
2026-09-10T05:09:43.262446+00:00,1040.0023007910058,34554,175616,436167344,24.32,0.800464302752879,0.8,16,13,False,1020.0047087499988,3,3,12928,False,74.05408399063163,2.3007910058367997,markdown-settled,False,,,0
2026-09-10T05:09:48.255551+00:00,1045.0010643329879,34554,175680,436170144,24.55,4.601137822750541,1.7,18,13,False,1020.0047087499988,4,4,17280,False,68.37404202087782,1.0643329878803343,pdf-preview,False,,,0
2026-09-10T05:09:53.316477+00:00,1050.0051618749858,34554,186064,436178960,24.66,2.198198557817909,0.7,19,15,True,1050.0051618749858,4,4,17312,False,125.22716601961292,5.1618749857880175,pdf-preview,True,9.24365234375,0,0
2026-09-10T05:09:58.264428+00:00,1055.0051333330048,34554,186032,436178400,24.7,0.8000045667430132,0.9,18,15,False,1050.0051618749858,4,4,17312,False,73.2065420015715,5.133333004778251,pdf-preview,False,,,0
2026-09-10T05:10:03.256453+00:00,1060.0003281660029,34554,186128,436183008,24.91,4.204040223070933,1.7,18,15,False,1050.0051618749858,4,4,17312,False,70.03466700552963,0.3281660028733313,pdf-preview,False,,,0
2026-09-10T05:10:08.244145+00:00,1065.002893375,34554,186144,436183008,25.01,1.9989744425550207,1.9,18,15,False,1050.0051618749858,4,4,17312,False,55.163207987789065,2.893374999985099,pdf-preview,False,,,0
2026-09-10T05:10:13.262441+00:00,1070.0031755829987,34554,194432,436194560,25.29,5.599683944880087,3.2,19,15,False,1050.0051618749858,4,4,17264,False,73.17866699304432,3.1755829986650497,pdf-preview,False,,,0
2026-09-10T05:10:18.263447+00:00,1075.0018305830017,34554,194464,436194560,25.38,1.8004843302837434,1.7,19,15,False,1050.0051618749858,4,4,17264,False,75.53154198103584,1.8305830017197877,pdf-preview,False,,,0
2026-09-10T05:10:23.308904+00:00,1080.0040627499984,34554,194480,436195120,25.48,1.9991075316290403,2.3,20,15,True,1080.0040627499984,4,4,17264,False,118.754249997437,4.062749998411164,pdf-preview,True,7.5478515625,0,0
2026-09-10T05:10:28.240951+00:00,1085.0028998749913,34554,194512,436195120,25.69,4.2009770422416155,5.0,20,15,False,1080.0040627499984,4,4,17264,False,51.9632080104202,2.899874991271645,pdf-preview,False,,,0
2026-09-10T05:10:33.252185+00:00,1090.002357499994,34554,194512,436195120,25.74,1.0001084867674788,0.6,20,15,False,1080.0040627499984,4,4,17264,False,63.74333301209845,2.357499994104728,pdf-preview,False,,,0
2026-09-10T05:10:38.259521+00:00,1095.003174915997,34554,194464,436194560,25.79,0.9998365435218077,1.0,19,15,False,1080.0040627499984,4,4,17264,False,70.25966700166464,3.1749159970786422,pdf-preview,False,,,0
2026-09-10T05:10:43.268517+00:00,1100.0051195829874,34554,194608,436197360,26.0,4.19836711481174,4.0,21,15,False,1080.0040627499984,5,5,21552,False,77.29275000747293,5.119582987390459,model-preview,False,,,0
2026-09-10T05:10:48.255249+00:00,1105.0017166250036,34554,194608,436197360,26.1,2.0013621102343198,0.8,21,15,False,1080.0040627499984,5,5,21552,False,67.5784159975592,1.7166250036098063,model-preview,False,,,0
2026-09-10T05:10:53.306391+00:00,1110.0033424579888,34554,212096,436211360,26.21,2.1992848660242017,1.0,21,17,True,1110.0033424579888,5,5,21584,False,116.96587500046007,3.3424579887650907,model-preview,True,6.01171875,0,0
2026-09-10T05:10:58.255480+00:00,1115.0051578329876,34554,212096,436211360,26.26,0.999637056775857,1.2,21,17,False,1110.0033424579888,5,5,21584,False,64.24429200706072,5.157832987606525,model-preview,False,,,0
2026-09-10T05:11:03.254060+00:00,1120.0033015410008,34554,218320,436211360,26.44,3.6013370266128253,2.7,21,17,False,1110.0033424579888,5,5,21584,False,64.6755839989055,3.30154100083746,model-preview,False,,,0
2026-09-10T05:11:08.267460+00:00,1125.0051653329865,34554,227824,436219616,26.79,6.997391663499353,1.1,21,17,False,1110.0033424579888,5,5,21616,False,76.2227920058649,5.165332986507565,model-preview,False,,,0
2026-09-10T05:11:13.265691+00:00,1130.005130250007,34554,227776,436219056,26.84,1.0000070166451658,0.7,20,17,False,1110.0033424579888,5,5,21616,False,74.48424998437986,5.130250006914139,model-preview,False,,,0
2026-09-10T05:11:18.264886+00:00,1135.0040331250057,34554,227776,436219056,26.9,1.200263367789752,1.1,20,17,False,1110.0033424579888,5,5,21616,False,74.77362500503659,4.033125005662441,model-preview,False,,,0
2026-09-10T05:11:23.298912+00:00,1140.0051023749984,34554,227776,436219056,26.95,0.9997861957235135,0.5,20,17,True,1140.0051023749984,5,5,21616,False,107.72808300680481,5.102374998386949,model-preview,True,5.73193359375,0,0
2026-09-10T05:11:28.264278+00:00,1145.0051367080014,34554,227744,436218496,27.0,0.9999931334465669,0.8,19,17,False,1140.0051023749984,5,5,21616,False,73.06641698232852,5.136708001373336,model-preview,False,,,0
2026-09-10T05:11:33.265039+00:00,1150.002726540988,34554,235984,436220736,27.22,4.402121969832015,0.8,23,17,False,1140.0051023749984,5,5,21616,False,76.21470899903215,2.726540988078341,deep-history,False,,,0
2026-09-10T05:11:38.261624+00:00,1155.0050059159985,34554,235984,436220736,27.25,0.5997265996351663,0.7,23,17,False,1140.0051023749984,5,5,21616,False,70.54700001026504,5.005915998481214,deep-history,False,,,0
2026-09-10T05:11:43.269352+00:00,1160.0032242909947,34554,235984,436220736,27.3,1.0003564520135355,0.8,23,17,False,1140.0051023749984,5,5,21616,False,80.28095899499021,3.2242909946944565,deep-history,False,,,0
2026-09-10T05:11:48.245759+00:00,1165.0027242499928,34554,237536,436235792,27.56,5.200520094655711,3.1,26,17,False,1140.0051023749984,7,7,153392,False,67.44762501330115,2.7242499927524477,deep-history,False,,,0
2026-09-10T05:11:53.298529+00:00,1170.0054150829965,34554,237536,436235792,27.66,1.998924245733555,1.9,26,21,True,1170.0054150829965,7,7,153392,False,125.07025001104921,5.415082996478304,deep-history,True,5.224609375,0,0
2026-09-10T05:11:58.232970+00:00,1175.0027827080048,34554,237536,436235792,27.78,2.401264205568643,4.4,26,21,False,1170.0054150829965,7,7,153392,False,67.48800000059418,2.782708004815504,deep-history,False,,,0
2026-09-10T05:12:03.218179+00:00,1180.0030423749995,34554,237552,436235792,27.9,2.3998753663151535,1.5,26,21,False,1170.0054150829965,7,7,153392,False,56.36499999673106,3.042374999495223,deep-history,False,,,0
2026-09-10T05:12:08.231002+00:00,1185.005166916002,34554,237712,436218320,28.18,5.597621524710812,2.0,26,21,False,1170.0054150829965,7,7,153392,False,69.93704198976047,5.166916002053767,deep-history,False,,,0
2026-09-10T05:12:13.234509+00:00,1190.0029102909903,34554,237712,436218320,28.28,2.00090305757721,0.9,26,21,False,1170.0054150829965,7,7,153392,False,77.79512502020225,2.9102909902576357,deep-history,False,,,0
2026-09-10T05:12:18.237415+00:00,1195.0051675410068,34554,237712,436218320,28.39,2.199007258166009,2.4,26,21,False,1170.0054150829965,7,7,153392,False,79.95787498657592,5.167541006812826,deep-history,False,,,0
2026-09-10T05:12:23.260260+00:00,1200.0022590000008,34554,237728,436218288,28.54,3.0017461403477537,8.4,26,21,True,1200.0022590000008,6,7,27376,False,106.82866600109264,2.259000000776723,deep-history,True,6.11767578125,0,0
2026-09-10T05:12:28.232816+00:00,1205.0048113329976,34554,237936,436218320,29.03,9.794999979669576,1.0,26,21,False,1200.0022590000008,7,7,153344,False,77.64970799325965,4.811332997633144,deep-history,False,,,0
2026-09-10T05:12:33.228876+00:00,1210.004594583006,34554,237936,436218320,29.13,2.000086703755174,2.6,26,21,False,1200.0022590000008,7,7,153344,False,74.5284580043517,4.594583006110042,deep-history,False,,,0
2026-09-10T05:12:38.216088+00:00,1215.0051075409865,34554,237936,436218320,29.21,1.5998358702846414,1.1,26,21,False,1200.0022590000008,7,7,153344,False,61.67841699789278,5.1075409865006804,deep-history,False,,,0
2026-09-10T05:12:43.232551+00:00,1220.0052225000109,34554,237936,436218320,29.32,2.199949419192215,3.3,26,21,False,1200.0022590000008,7,7,153344,False,78.37233299505897,5.222500010859221,deep-history,False,,,0
2026-09-10T05:12:48.229732+00:00,1225.0037239579833,34554,238000,436218320,29.5,3.601079273727237,2.5,26,21,False,1200.0022590000008,7,7,153344,False,77.29729200946167,3.7239579833112657,deep-history,False,,,0
2026-09-10T05:12:53.273780+00:00,1230.0045544999884,34554,238000,436218320,29.62,2.3996014060473603,3.1,26,21,True,1230.0045544999884,7,7,153344,False,120.71637500775978,4.5544999884441495,deep-history,True,6.283203125,0,0
2026-09-10T05:12:58.225673+00:00,1235.0032841250068,34554,238000,436218320,29.73,2.200559107047052,2.0,26,21,False,1230.0045544999884,7,7,153344,False,74.02470798115246,3.2841250067576766,deep-history,False,,,0
2026-09-10T05:13:03.227445+00:00,1240.0051682909834,34554,238048,436218320,29.97,4.798191882021249,3.2,26,21,False,1230.0045544999884,7,7,153344,False,74.05495902639814,5.168290983419865,deep-history,False,,,0
2026-09-10T05:13:08.234822+00:00,1245.001154083002,34554,238000,436217760,30.02,1.0008034866688393,0.9,25,21,False,1230.0045544999884,7,7,153344,False,85.54066700162366,1.1540830018930137,deep-history,False,,,0
2026-09-10T05:13:13.230267+00:00,1250.0051662079932,34554,238000,436217760,30.06,0.7993585746970763,0.8,25,21,False,1230.0045544999884,7,7,153344,False,77.06179199158214,5.1662079931702465,deep-history,False,,,0
2026-09-10T05:13:18.208557+00:00,1255.0040279999957,34554,238256,436217760,30.29,4.601047389787129,22.8,25,21,False,1230.0045544999884,7,7,153344,False,56.5582079871092,4.027999995741993,deep-history,False,,,0
2026-09-10T05:13:23.262736+00:00,1260.0027619579923,34554,238400,436217760,30.66,7.401874216732485,0.8,25,21,True,1260.0027619579923,7,7,153344,False,112.0734169962816,2.761957992333919,deep-history,True,5.7431640625,0,0
2026-09-10T05:13:28.228293+00:00,1265.0046757079836,34554,238304,436216640,30.7,0.7996939171545967,0.9,23,21,False,1260.0027619579923,7,7,153344,False,75.77908301027492,4.675707983551547,deep-history,False,,,0
2026-09-10T05:13:33.232668+00:00,1270.005183125002,34554,238304,436216640,30.75,0.9998985268941453,0.8,23,21,False,1260.0027619579923,7,7,153344,False,79.70045800902881,5.183125002076849,deep-history,False,,,0
2026-09-10T05:13:38.213120+00:00,1275.0050923750096,34554,238464,436217200,31.1,7.00012705229556,2.3,24,21,False,1260.0027619579923,7,7,153344,False,60.29612498241477,5.092375009553507,deep-history,False,,,0
2026-09-10T05:13:43.228101+00:00,1280.004102625011,34554,238480,436217760,31.21,2.2004355762216647,2.2,25,21,False,1260.0027619579923,7,7,153344,False,76.32091597770341,4.102625011000782,deep-history,False,,,0
2026-09-10T05:13:48.227083+00:00,1285.0052096660074,34554,238464,436217200,31.33,2.3994687379474366,2.1,24,21,False,1260.0027619579923,7,7,153344,False,74.24345897743478,5.209666007431224,deep-history,False,,,0
2026-09-10T05:13:53.281929+00:00,1290.0039791660092,34554,238464,436217200,31.46,2.600640017507424,2.6,24,21,True,1290.0039791660092,7,7,153344,False,130.36279199877754,3.979166009230539,deep-history,True,4.87646484375,0,0
2026-09-10T05:13:58.219598+00:00,1295.0034252080077,34554,238464,436217200,31.58,2.400265929303424,1.7,24,21,False,1290.0039791660092,7,7,153344,False,68.628874985734,3.4252080076839775,deep-history,False,,,0
2026-09-10T05:14:03.229801+00:00,1300.0051725000085,34554,238464,436217200,31.71,2.5990917255637664,2.1,24,21,False,1290.0039791660092,7,7,153344,False,77.13608298217878,5.172500008484349,deep-history,False,,,0
2026-09-10T05:14:08.209994+00:00,1305.0050753749965,34554,239744,436211616,32.0,5.800112667202419,3.9,22,21,False,1290.0039791660092,4,4,140304,False,57.44629100081511,5.0753749965224415,cleanup,False,,,0
2026-09-10T05:14:13.220665+00:00,1310.003748624993,34554,239648,436210496,32.06,1.200318504516059,1.1,20,21,False,1290.0039791660092,4,4,140304,False,69.50954100466333,3.7486249930225313,cleanup,False,,,0
2026-09-10T05:14:18.216497+00:00,1315.0051354579919,34554,239648,436210496,32.12,1.1996672523732612,1.0,20,21,False,1290.0039791660092,4,4,140304,False,63.99733299622312,5.135457991855219,cleanup,False,,,0
2026-09-10T05:14:23.273145+00:00,1320.0050906249962,34554,240784,436211600,32.25,2.600023313366819,0.9,22,15,True,1320.0050906249962,4,4,141856,False,120.71604101220146,5.090624996228144,final-idle,True,4.76904296875,0,0
2026-09-10T05:14:28.222091+00:00,1325.0051432909968,34554,240704,436210464,32.28,0.5999936801465243,0.9,20,15,False,1320.0050906249962,4,4,141856,False,69.6753750089556,5.143290996784344,final-idle,False,,,0
2026-09-10T05:14:33.225183+00:00,1330.0036044580047,34554,240704,436210464,32.33,1.0003078613477994,0.8,20,15,False,1320.0050906249962,4,4,141856,False,74.35099998838268,3.6044580047018826,final-idle,False,,,0
2026-09-10T05:14:38.226096+00:00,1335.0030430000043,34554,240704,436210464,32.37,0.8000898433687101,0.8,20,15,False,1320.0050906249962,4,4,141856,False,75.87066598352976,3.0430000042542815,final-idle,False,,,0
2026-09-10T05:14:43.227531+00:00,1340.0051554160018,34554,240704,436210464,32.42,0.9995776952172523,0.8,20,15,False,1320.0050906249962,4,4,141856,False,75.23758400930092,5.155416001798585,final-idle,False,,,0
2026-09-10T05:14:48.226678+00:00,1345.005186541006,34554,240704,436210464,32.46,0.799995020030316,0.8,20,15,False,1320.0050906249962,4,4,141856,False,74.3914170016069,5.1865410059690475,final-idle,False,,,0
2026-09-10T05:14:53.280468+00:00,1350.0051835409831,34554,240704,436210464,32.51,1.0000006000048718,0.8,20,15,True,1350.0051835409831,4,4,141856,False,128.24033401557244,5.183540983125567,final-idle,True,4.06591796875,0,0
2026-09-10T05:14:58.212361+00:00,1355.0040619579959,34554,240704,436210464,32.55,0.8001794935413238,0.5,20,15,False,1350.0051835409831,4,4,141856,False,61.288416996831074,4.061957995872945,final-idle,False,,,0
2026-09-10T05:15:03.212914+00:00,1360.0051223330083,34554,240704,436210464,32.58,0.5998727819782901,0.7,20,15,False,1350.0051835409831,4,4,141856,False,60.82249997416511,5.122333008330315,final-idle,False,,,0
2026-09-10T05:15:08.229404+00:00,1365.0051225830102,34554,240704,436210464,32.62,0.7999999599996803,0.5,20,15,False,1350.0051835409831,4,4,141856,False,77.35791697632521,5.122583010233939,final-idle,False,,,0
