run,build,mode,proc,case,metric,n,min_ns,p50_ns,p95_ns,max_ns,first_ns
main,base,steady,s0,Midnight,apply,1000,14076,14231,14369,48953,
main,base,steady,s0,Daylight,apply,1000,15004,15139,15390,56619,
main,base,steady,s0,Graphite,apply,1000,14081,14196,14313,17892,
main,base,steady,s0,TokyoNight,apply,1000,14110,14235,14357,16498,
main,base,steady,s0,CatppuccinMocha,apply,1000,14124,14247,14367,16267,
main,base,steady,s0,Nord,apply,1000,14106,14264,14378,16342,
main,base,steady,s0,Porcelain,apply,1000,14528,14636,14715,17707,
main,base,steady,s0,Sandstone,apply,1000,14751,14893,14986,17038,
main,base,steady,s0,DeepSea,apply,1000,13593,13870,14349,38780,
main,base,steady,s0,Ember,apply,1000,13693,13870,13977,41573,
main,base,steady,s0,SolarizedDark,apply,1000,16064,16189,16276,43446,
main,base,steady,s0,SolarizedLight,apply,1000,15798,15923,16013,43465,
main,base,steady,s0,OneDark,apply,1000,15011,15157,15786,45013,
main,base,steady,s0,OneLight,apply,1000,15622,15737,15921,43252,
main,base,steady,s0,RosePine,apply,1000,13621,13792,13902,41436,
main,base,steady,s0,RosePineDawn,apply,1000,15423,15587,15676,48952,
main,base,steady,s0,Dracula,apply,1000,14693,14848,14943,43810,
main,base,steady,s0,Alucard,apply,1000,15188,15324,15429,42819,
main,base,steady,s0,KanagawaWave,apply,1000,14156,14341,14431,42189,
main,base,steady,s0,KanagawaLotus,apply,1000,16582,16704,16805,44208,
main,base,steady,s0,Omarchy tokyo-night,apply,1000,14067,14206,14337,41737,
main,base,steady,s0,Omarchy catppuccin-latte,apply,1000,16012,16143,16358,51754,
main,cand,steady,s1,Midnight,apply,1000,73131,73503,75637,104339,
main,cand,steady,s1,Midnight,fit,1000,59495,59919,61279,100901,
main,cand,steady,s1,Daylight,apply,1000,325492,327111,345964,442754,
main,cand,steady,s1,Daylight,fit,1000,308269,310769,314536,369755,
main,cand,steady,s1,Graphite,apply,1000,78032,78440,80501,122077,
main,cand,steady,s1,Graphite,fit,1000,64152,64610,65765,90002,
main,cand,steady,s1,TokyoNight,apply,1000,100899,101532,103393,141274,
main,cand,steady,s1,TokyoNight,fit,1000,86534,87214,88490,126125,
main,cand,steady,s1,CatppuccinMocha,apply,1000,87363,88074,89949,119252,
main,cand,steady,s1,CatppuccinMocha,fit,1000,73343,74120,75870,148674,
main,cand,steady,s1,Nord,apply,1000,92997,93693,95680,142458,
main,cand,steady,s1,Nord,fit,1000,78958,79641,80962,107482,
main,cand,steady,s1,Porcelain,apply,1000,140322,141113,143573,190158,
main,cand,steady,s1,Porcelain,fit,1000,126274,127658,142752,219139,
main,cand,steady,s1,Sandstone,apply,1000,589801,593327,653344,866388,
main,cand,steady,s1,Sandstone,fit,1000,573420,579779,615707,790263,
main,cand,steady,s1,DeepSea,apply,1000,59649,59964,61821,99727,
main,cand,steady,s1,DeepSea,fit,1000,46284,46616,47636,77967,
main,cand,steady,s1,Ember,apply,1000,66095,66411,68260,69604,
main,cand,steady,s1,Ember,fit,1000,52105,52471,53413,67640,
main,cand,steady,s1,SolarizedDark,apply,1000,145983,146903,148928,157115,
main,cand,steady,s1,SolarizedDark,fit,1000,131486,132890,134979,213570,
main,cand,steady,s1,SolarizedLight,apply,1000,256848,258018,260310,460862,
main,cand,steady,s1,SolarizedLight,fit,1000,240330,242396,246131,395597,
main,cand,steady,s1,OneDark,apply,1000,111182,112092,114091,154465,
main,cand,steady,s1,OneDark,fit,1000,96542,97359,98683,130761,
main,cand,steady,s1,OneLight,apply,1000,556400,559071,580726,757029,
main,cand,steady,s1,OneLight,fit,1000,540901,545130,581236,768157,
main,cand,steady,s1,RosePine,apply,1000,109480,110201,112313,145795,
main,cand,steady,s1,RosePine,fit,1000,94873,95832,97663,146626,
main,cand,steady,s1,RosePineDawn,apply,1000,380247,382540,398363,447221,
main,cand,steady,s1,RosePineDawn,fit,1000,364675,369891,407137,511321,
main,cand,steady,s1,Dracula,apply,1000,132582,133445,135631,197812,
main,cand,steady,s1,Dracula,fit,1000,117411,118957,120694,160013,
main,cand,steady,s1,Alucard,apply,1000,346778,350032,390774,637854,
main,cand,steady,s1,Alucard,fit,1000,330926,333890,367673,484105,
main,cand,steady,s1,KanagawaWave,apply,1000,123081,123745,125891,159011,
main,cand,steady,s1,KanagawaWave,fit,1000,107800,108800,110759,152387,
main,cand,steady,s1,KanagawaLotus,apply,1000,179180,180289,195041,254524,
main,cand,steady,s1,KanagawaLotus,fit,1000,163302,165608,177037,290165,
main,cand,steady,s1,Omarchy tokyo-night,apply,1000,98852,99352,101297,109549,
main,cand,steady,s1,Omarchy tokyo-night,fit,1000,84625,85291,87412,179083,
main,cand,steady,s1,Omarchy catppuccin-latte,apply,1000,368753,370917,404223,461363,
main,cand,steady,s1,Omarchy catppuccin-latte,fit,1000,353274,356227,366913,577150,
main,cand,steady,s2,Midnight,apply,1000,73037,73482,77862,149447,
main,cand,steady,s2,Midnight,fit,1000,59329,59715,61006,95511,
main,cand,steady,s2,Daylight,apply,1000,323083,326014,359997,451121,
main,cand,steady,s2,Daylight,fit,1000,308205,311115,327132,475909,
main,cand,steady,s2,Graphite,apply,1000,77946,78432,80140,83888,
main,cand,steady,s2,Graphite,fit,1000,64212,64791,66005,92115,
main,cand,steady,s2,TokyoNight,apply,1000,100714,101386,103328,151962,
main,cand,steady,s2,TokyoNight,fit,1000,86478,87312,88436,98055,
main,cand,steady,s2,CatppuccinMocha,apply,1000,87405,87954,89761,116612,
main,cand,steady,s2,CatppuccinMocha,fit,1000,73135,73824,74950,102485,
main,cand,steady,s2,Nord,apply,1000,93004,93587,95663,156292,
main,cand,steady,s2,Nord,fit,1000,78884,79567,80883,90061,
main,cand,steady,s2,Porcelain,apply,1000,140064,140894,142760,177868,
main,cand,steady,s2,Porcelain,fit,1000,126515,127559,128890,147981,
main,cand,steady,s2,Sandstone,apply,1000,589431,592583,594841,723989,
main,cand,steady,s2,Sandstone,fit,1000,574284,576741,588918,766351,
main,cand,steady,s2,DeepSea,apply,1000,60068,60460,62726,119642,
main,cand,steady,s2,DeepSea,fit,1000,46406,46619,48492,77558,
main,cand,steady,s2,Ember,apply,1000,66322,66851,71060,128204,
main,cand,steady,s2,Ember,fit,1000,53858,54186,56040,66388,
main,cand,steady,s2,SolarizedDark,apply,1000,146403,147344,149491,256213,
main,cand,steady,s2,SolarizedDark,fit,1000,131652,132604,146682,204361,
main,cand,steady,s2,SolarizedLight,apply,1000,255787,256989,266350,309529,
main,cand,steady,s2,SolarizedLight,fit,1000,240464,241836,258326,360967,
main,cand,steady,s2,OneDark,apply,1000,111181,111990,113954,157139,
main,cand,steady,s2,OneDark,fit,1000,96638,97228,100557,131663,
main,cand,steady,s2,OneLight,apply,1000,554651,557464,559527,970670,
main,cand,steady,s2,OneLight,fit,1000,541090,543834,556235,738405,
main,cand,steady,s2,RosePine,apply,1000,109526,110405,112385,177769,
main,cand,steady,s2,RosePine,fit,1000,95211,95890,98498,137722,
main,cand,steady,s2,RosePineDawn,apply,1000,378885,381891,397601,490574,
main,cand,steady,s2,RosePineDawn,fit,1000,364347,366679,377591,490641,
main,cand,steady,s2,Dracula,apply,1000,132867,133695,135884,215366,
main,cand,steady,s2,Dracula,fit,1000,117715,118444,121975,184718,
main,cand,steady,s2,Alucard,apply,1000,344923,346407,348710,470137,
main,cand,steady,s2,Alucard,fit,1000,330873,332707,342508,447469,
main,cand,steady,s2,KanagawaWave,apply,1000,123164,123840,125847,170085,
main,cand,steady,s2,KanagawaWave,fit,1000,108155,108738,112393,170649,
main,cand,steady,s2,KanagawaLotus,apply,1000,178698,179705,182135,314072,
main,cand,steady,s2,KanagawaLotus,fit,1000,163994,164900,169583,229499,
main,cand,steady,s2,Omarchy tokyo-night,apply,1000,98859,99459,101281,146199,
main,cand,steady,s2,Omarchy tokyo-night,fit,1000,84713,85071,88219,95903,
main,cand,steady,s2,Omarchy catppuccin-latte,apply,1000,367829,370643,385795,460809,
main,cand,steady,s2,Omarchy catppuccin-latte,fit,1000,353123,355347,393385,491183,
main,base,steady,s3,Midnight,apply,1000,13595,13757,13882,41395,
main,base,steady,s3,Daylight,apply,1000,14446,14555,14628,17462,
main,base,steady,s3,Graphite,apply,1000,13564,13709,13836,15715,
main,base,steady,s3,TokyoNight,apply,1000,13610,13724,13834,16595,
main,base,steady,s3,CatppuccinMocha,apply,1000,13620,13739,13863,15809,
main,base,steady,s3,Nord,apply,1000,13631,13746,13847,15576,
main,base,steady,s3,Porcelain,apply,1000,13943,14055,14149,16578,
main,base,steady,s3,Sandstone,apply,1000,14234,14344,14441,30889,
main,base,steady,s3,DeepSea,apply,1000,13616,13776,13910,41280,
main,base,steady,s3,Ember,apply,1000,13713,13874,13963,15693,
main,base,steady,s3,SolarizedDark,apply,1000,16064,16204,16296,40883,
main,base,steady,s3,SolarizedLight,apply,1000,15809,15930,16010,17838,
main,base,steady,s3,OneDark,apply,1000,15068,15201,15326,17308,
main,base,steady,s3,OneLight,apply,1000,15732,15840,15924,43039,
main,base,steady,s3,RosePine,apply,1000,13677,13833,13926,55704,
main,base,steady,s3,RosePineDawn,apply,1000,15502,15615,15702,18623,
main,base,steady,s3,Dracula,apply,1000,14686,14878,14975,24879,
main,base,steady,s3,Alucard,apply,1000,15272,15391,15484,17232,
main,base,steady,s3,KanagawaWave,apply,1000,14183,14377,14483,36674,
main,base,steady,s3,KanagawaLotus,apply,1000,16603,16732,16809,20705,
main,base,steady,s3,Omarchy tokyo-night,apply,1000,14142,14266,14386,16137,
main,base,steady,s3,Omarchy catppuccin-latte,apply,1000,15990,16121,16203,17822,
main,base,steady,s4,Midnight,apply,1000,13682,13828,13915,37279,
main,base,steady,s4,Daylight,apply,1000,14538,14665,14756,16701,
main,base,steady,s4,Graphite,apply,1000,13622,13756,13874,15707,
main,base,steady,s4,TokyoNight,apply,1000,13631,13809,13934,35395,
main,base,steady,s4,CatppuccinMocha,apply,1000,13649,13782,13893,15634,
main,base,steady,s4,Nord,apply,1000,13647,13826,13944,41098,
main,base,steady,s4,Porcelain,apply,1000,13986,14117,14194,15882,
main,base,steady,s4,Sandstone,apply,1000,14247,14391,14494,21304,
main,base,steady,s4,DeepSea,apply,1000,13665,13808,13891,15898,
main,base,steady,s4,Ember,apply,1000,13808,13967,14067,15760,
main,base,steady,s4,SolarizedDark,apply,1000,16148,16271,16364,21962,
main,base,steady,s4,SolarizedLight,apply,1000,15877,16032,16135,17728,
main,base,steady,s4,OneDark,apply,1000,15066,15230,15345,17000,
main,base,steady,s4,OneLight,apply,1000,15740,15885,16209,35861,
main,base,steady,s4,RosePine,apply,1000,13715,13867,13962,15793,
main,base,steady,s4,RosePineDawn,apply,1000,15546,15686,15785,42683,
main,base,steady,s4,Dracula,apply,1000,14729,14909,15006,17984,
main,base,steady,s4,Alucard,apply,1000,15307,15438,15528,17420,
main,base,steady,s4,KanagawaWave,apply,1000,14265,14407,14494,42231,
main,base,steady,s4,KanagawaLotus,apply,1000,16653,16809,16907,19582,
main,base,steady,s4,Omarchy tokyo-night,apply,1000,14185,14339,15047,49691,
main,base,steady,s4,Omarchy catppuccin-latte,apply,1000,16069,16228,16330,32853,
main,cand,steady,s5,Midnight,apply,1000,74205,74579,76460,97664,
main,cand,steady,s5,Midnight,fit,1000,59125,59389,60525,86240,
main,cand,steady,s5,Daylight,apply,1000,326156,327716,329877,407853,
main,cand,steady,s5,Daylight,fit,1000,308376,310319,314180,390939,
main,cand,steady,s5,Graphite,apply,1000,78993,79376,81244,108433,
main,cand,steady,s5,Graphite,fit,1000,64105,64442,65517,78632,
main,cand,steady,s5,TokyoNight,apply,1000,101936,102621,104467,112347,
main,cand,steady,s5,TokyoNight,fit,1000,86660,87171,88454,159345,
main,cand,steady,s5,CatppuccinMocha,apply,1000,88516,92305,123507,164313,
main,cand,steady,s5,CatppuccinMocha,fit,1000,76247,78066,79494,133384,
main,cand,steady,s5,Nord,apply,1000,94171,94822,100689,155740,
main,cand,steady,s5,Nord,fit,1000,78881,79392,80551,150430,
main,cand,steady,s5,Porcelain,apply,1000,142164,143082,146936,219380,
main,cand,steady,s5,Porcelain,fit,1000,126628,127367,128683,158790,
main,cand,steady,s5,Sandstone,apply,1000,587851,590806,608923,808630,
main,cand,steady,s5,Sandstone,fit,1000,573001,575757,583855,655299,
main,cand,steady,s5,DeepSea,apply,1000,59923,60270,61893,96346,
main,cand,steady,s5,DeepSea,fit,1000,46396,46595,47594,84352,
main,cand,steady,s5,Ember,apply,1000,66323,66678,68359,77870,
main,cand,steady,s5,Ember,fit,1000,52042,52333,53296,87521,
main,cand,steady,s5,SolarizedDark,apply,1000,146376,147259,149250,180680,
main,cand,steady,s5,SolarizedDark,fit,1000,131637,132450,134259,147941,
main,cand,steady,s5,SolarizedLight,apply,1000,256316,258485,276764,480995,
main,cand,steady,s5,SolarizedLight,fit,1000,240714,241982,254936,281154,
main,cand,steady,s5,OneDark,apply,1000,111657,112217,114873,174772,
main,cand,steady,s5,OneDark,fit,1000,96834,97337,99055,171886,
main,cand,steady,s5,OneLight,apply,1000,554909,557855,559574,733193,
main,cand,steady,s5,OneLight,fit,1000,541748,544262,551785,725954,
main,cand,steady,s5,RosePine,apply,1000,109686,110503,112676,173797,
main,cand,steady,s5,RosePine,fit,1000,95314,95941,97499,137200,
main,cand,steady,s5,RosePineDawn,apply,1000,380120,381653,383806,499071,
main,cand,steady,s5,RosePineDawn,fit,1000,364643,367574,382317,675215,
main,cand,steady,s5,Dracula,apply,1000,132765,133597,135841,176897,
main,cand,steady,s5,Dracula,fit,1000,117617,118415,132768,189553,
main,cand,steady,s5,Alucard,apply,1000,345960,347239,349647,420782,
main,cand,steady,s5,Alucard,fit,1000,331237,333149,338164,413898,
main,cand,steady,s5,KanagawaWave,apply,1000,122641,123539,125512,138776,
main,cand,steady,s5,KanagawaWave,fit,1000,107931,108686,110509,158599,
main,cand,steady,s5,KanagawaLotus,apply,1000,178642,179633,181749,228218,
main,cand,steady,s5,KanagawaLotus,fit,1000,163666,164734,167524,233092,
main,cand,steady,s5,Omarchy tokyo-night,apply,1000,98858,99335,101224,140066,
main,cand,steady,s5,Omarchy tokyo-night,fit,1000,84570,84924,86344,162106,
main,cand,steady,s5,Omarchy catppuccin-latte,apply,1000,367888,369652,371816,584138,
main,cand,steady,s5,Omarchy catppuccin-latte,fit,1000,353667,355566,362456,535335,
main,cand,steady,s6,Midnight,apply,1000,76359,76737,78656,86116,
main,cand,steady,s6,Midnight,fit,1000,59351,59719,62133,94624,
main,cand,steady,s6,Daylight,apply,1000,322396,324100,326481,470430,
main,cand,steady,s6,Daylight,fit,1000,308463,315678,370252,490928,
main,cand,steady,s6,Graphite,apply,1000,78412,78831,80692,143778,
main,cand,steady,s6,Graphite,fit,1000,64369,64962,66445,113084,
main,cand,steady,s6,TokyoNight,apply,1000,100843,101725,103620,169672,
main,cand,steady,s6,TokyoNight,fit,1000,86673,87541,89265,169647,
main,cand,steady,s6,CatppuccinMocha,apply,1000,87331,87819,89749,146629,
main,cand,steady,s6,CatppuccinMocha,fit,1000,73002,73689,75164,98485,
main,cand,steady,s6,Nord,apply,1000,93271,93880,95763,121755,
main,cand,steady,s6,Nord,fit,1000,79059,79681,81159,106475,
main,cand,steady,s6,Porcelain,apply,1000,140484,141395,143436,222553,
main,cand,steady,s6,Porcelain,fit,1000,126427,127493,130158,175423,
main,cand,steady,s6,Sandstone,apply,1000,587037,589885,591938,698091,
main,cand,steady,s6,Sandstone,fit,1000,572831,577150,616514,882961,
main,cand,steady,s6,DeepSea,apply,1000,60637,60920,62662,113968,
main,cand,steady,s6,DeepSea,fit,1000,46392,46666,47369,53657,
main,cand,steady,s6,Ember,apply,1000,66938,67308,69099,91013,
main,cand,steady,s6,Ember,fit,1000,52194,52657,53461,59741,
main,cand,steady,s6,SolarizedDark,apply,1000,146427,147245,161602,284208,
main,cand,steady,s6,SolarizedDark,fit,1000,131781,133165,134927,172383,
main,cand,steady,s6,SolarizedLight,apply,1000,256951,258108,260264,370693,
main,cand,steady,s6,SolarizedLight,fit,1000,240985,243284,246407,321022,
main,cand,steady,s6,OneDark,apply,1000,111850,112568,114538,146765,
main,cand,steady,s6,OneDark,fit,1000,96511,97745,103321,229936,
main,cand,steady,s6,OneLight,apply,1000,554096,557093,559445,725488,
main,cand,steady,s6,OneLight,fit,1000,541070,547372,585052,1029057,
main,cand,steady,s6,RosePine,apply,1000,109651,110518,112673,202334,
main,cand,steady,s6,RosePine,fit,1000,94635,95833,97476,136591,
main,cand,steady,s6,RosePineDawn,apply,1000,379856,381834,384533,608304,
main,cand,steady,s6,RosePineDawn,fit,1000,365433,368155,371989,514611,
main,cand,steady,s6,Dracula,apply,1000,133156,133850,135787,138014,
main,cand,steady,s6,Dracula,fit,1000,117761,119102,120465,135930,
main,cand,steady,s6,Alucard,apply,1000,345748,347271,349321,432382,
main,cand,steady,s6,Alucard,fit,1000,331175,334055,338116,530515,
main,cand,steady,s6,KanagawaWave,apply,1000,123287,124053,126198,198892,
main,cand,steady,s6,KanagawaWave,fit,1000,107743,109082,110587,145459,
main,cand,steady,s6,KanagawaLotus,apply,1000,179807,187251,190025,358356,
main,cand,steady,s6,KanagawaLotus,fit,1000,163890,165744,167755,264940,
main,cand,steady,s6,Omarchy tokyo-night,apply,1000,99560,100072,106075,197431,
main,cand,steady,s6,Omarchy tokyo-night,fit,1000,84850,85666,87520,138470,
main,cand,steady,s6,Omarchy catppuccin-latte,apply,1000,367663,369512,371825,489181,
main,cand,steady,s6,Omarchy catppuccin-latte,fit,1000,353577,356171,360133,402042,
main,base,steady,s7,Midnight,apply,1000,13697,13868,14716,52815,
main,base,steady,s7,Daylight,apply,1000,14569,14685,14763,32339,
main,base,steady,s7,Graphite,apply,1000,13673,13800,13918,15575,
main,base,steady,s7,TokyoNight,apply,1000,13723,13868,13979,15877,
main,base,steady,s7,CatppuccinMocha,apply,1000,13668,13799,13912,17052,
main,base,steady,s7,Nord,apply,1000,13715,13852,14042,53591,
main,base,steady,s7,Porcelain,apply,1000,14042,14166,14245,16037,
main,base,steady,s7,Sandstone,apply,1000,14295,14439,14521,24315,
main,base,steady,s7,DeepSea,apply,1000,13685,13830,13940,15804,
main,base,steady,s7,Ember,apply,1000,13868,14030,14123,16592,
main,base,steady,s7,SolarizedDark,apply,1000,16157,16312,16431,20649,
main,base,steady,s7,SolarizedLight,apply,1000,15908,16050,16140,17948,
main,base,steady,s7,OneDark,apply,1000,15151,15273,15389,17775,
main,base,steady,s7,OneLight,apply,1000,15753,15881,16482,42824,
main,base,steady,s7,RosePine,apply,1000,13737,13897,14012,38282,
main,base,steady,s7,RosePineDawn,apply,1000,15604,15738,15836,43037,
main,base,steady,s7,Dracula,apply,1000,14793,14939,15019,42474,
main,base,steady,s7,Alucard,apply,1000,15389,15506,15604,17247,
main,base,steady,s7,KanagawaWave,apply,1000,14300,14457,14545,16293,
main,base,steady,s7,KanagawaLotus,apply,1000,16781,16900,16975,19509,
main,base,steady,s7,Omarchy tokyo-night,apply,1000,14198,14313,14423,16101,
main,base,steady,s7,Omarchy catppuccin-latte,apply,1000,16168,16280,16377,33196,
main,base,steady,s8,Midnight,apply,1000,13678,13843,13993,53893,
main,base,steady,s8,Daylight,apply,1000,14548,14678,15280,54855,
main,base,steady,s8,Graphite,apply,1000,13643,13798,13917,27971,
main,base,steady,s8,TokyoNight,apply,1000,13689,13860,13973,15701,
main,base,steady,s8,CatppuccinMocha,apply,1000,13676,13826,13949,15832,
main,base,steady,s8,Nord,apply,1000,13703,13844,13954,15731,
main,base,steady,s8,Porcelain,apply,1000,14079,14186,14282,36271,
main,base,steady,s8,Sandstone,apply,1000,14347,14459,14560,43029,
main,base,steady,s8,DeepSea,apply,1000,13720,13875,13974,15654,
main,base,steady,s8,Ember,apply,1000,13808,13999,14101,30484,
main,base,steady,s8,SolarizedDark,apply,1000,16195,16306,16390,18059,
main,base,steady,s8,SolarizedLight,apply,1000,15872,16018,16107,17899,
main,base,steady,s8,OneDark,apply,1000,15177,15304,15432,37918,
main,base,steady,s8,OneLight,apply,1000,15772,15886,15976,35343,
main,base,steady,s8,RosePine,apply,1000,13763,13937,14031,31513,
main,base,steady,s8,RosePineDawn,apply,1000,15613,15740,15824,17493,
main,base,steady,s8,Dracula,apply,1000,14729,14920,15006,16542,
main,base,steady,s8,Alucard,apply,1000,15295,15433,15542,24350,
main,base,steady,s8,KanagawaWave,apply,1000,14313,14459,14546,16224,
main,base,steady,s8,KanagawaLotus,apply,1000,16722,16850,17446,42532,
main,base,steady,s8,Omarchy tokyo-night,apply,1000,14164,14285,14407,26642,
main,base,steady,s8,Omarchy catppuccin-latte,apply,1000,16155,16293,16392,18194,
main,cand,steady,s9,Midnight,apply,1000,73065,73465,75321,90424,
main,cand,steady,s9,Midnight,fit,1000,59377,59732,63898,111135,
main,cand,steady,s9,Daylight,apply,1000,324981,326526,328951,423833,
main,cand,steady,s9,Daylight,fit,1000,307789,311093,326517,479262,
main,cand,steady,s9,Graphite,apply,1000,78451,78805,80450,87644,
main,cand,steady,s9,Graphite,fit,1000,64351,64772,65794,107989,
main,cand,steady,s9,TokyoNight,apply,1000,101183,101958,107564,181165,
main,cand,steady,s9,TokyoNight,fit,1000,86420,90688,92262,130982,
main,cand,steady,s9,CatppuccinMocha,apply,1000,87621,88226,90005,106508,
main,cand,steady,s9,CatppuccinMocha,fit,1000,73091,73802,74835,97265,
main,cand,steady,s9,Nord,apply,1000,93460,94044,97632,151458,
main,cand,steady,s9,Nord,fit,1000,79047,79963,81576,138880,
main,cand,steady,s9,Porcelain,apply,1000,140653,141398,143282,180824,
main,cand,steady,s9,Porcelain,fit,1000,126256,127482,129383,179755,
main,cand,steady,s9,Sandstone,apply,1000,590347,593187,595049,886243,
main,cand,steady,s9,Sandstone,fit,1000,572906,576937,583713,890119,
main,cand,steady,s9,DeepSea,apply,1000,59753,60025,61640,95167,
main,cand,steady,s9,DeepSea,fit,1000,46274,46602,47808,100766,
main,cand,steady,s9,Ember,apply,1000,66520,66891,84206,146991,
main,cand,steady,s9,Ember,fit,1000,52651,54800,55663,74745,
main,cand,steady,s9,SolarizedDark,apply,1000,146111,146900,148935,223678,
main,cand,steady,s9,SolarizedDark,fit,1000,131457,132691,134607,175704,
main,cand,steady,s9,SolarizedLight,apply,1000,257105,259704,270346,342697,
main,cand,steady,s9,SolarizedLight,fit,1000,240307,242546,254869,321161,
main,cand,steady,s9,OneDark,apply,1000,112038,112656,114495,159762,
main,cand,steady,s9,OneDark,fit,1000,97041,97929,99339,179778,
main,cand,steady,s9,OneLight,apply,1000,555639,558580,560439,690550,
main,cand,steady,s9,OneLight,fit,1000,540307,547569,567708,787126,
main,cand,steady,s9,RosePine,apply,1000,109547,110450,112177,120942,
main,cand,steady,s9,RosePine,fit,1000,95043,95943,97117,134726,
main,cand,steady,s9,RosePineDawn,apply,1000,380785,383445,399142,464168,
main,cand,steady,s9,RosePineDawn,fit,1000,364191,368068,393121,487923,
main,cand,steady,s9,Dracula,apply,1000,133143,133859,135819,192604,
main,cand,steady,s9,Dracula,fit,1000,117718,119144,120593,158015,
main,cand,steady,s9,Alucard,apply,1000,347010,348854,378860,520177,
main,cand,steady,s9,Alucard,fit,1000,330632,335695,350161,464358,
main,cand,steady,s9,KanagawaWave,apply,1000,123082,123807,125729,156114,
main,cand,steady,s9,KanagawaWave,fit,1000,107799,108810,110313,134662,
main,cand,steady,s9,KanagawaLotus,apply,1000,179662,180654,184148,304585,
main,cand,steady,s9,KanagawaLotus,fit,1000,163632,165110,167409,213808,
main,cand,steady,s9,Omarchy tokyo-night,apply,1000,99409,99866,101606,126193,
main,cand,steady,s9,Omarchy tokyo-night,fit,1000,84823,85352,86622,95219,
main,cand,steady,s9,Omarchy catppuccin-latte,apply,1000,368247,384143,440465,631208,
main,cand,steady,s9,Omarchy catppuccin-latte,fit,1000,352913,355611,384886,732137,
main,cand,steady,s10,Midnight,apply,1000,73529,73903,75817,106268,
main,cand,steady,s10,Midnight,fit,1000,59474,59874,61383,110855,
main,cand,steady,s10,Daylight,apply,1000,325256,327142,329573,413105,
main,cand,steady,s10,Daylight,fit,1000,308378,310898,315046,570493,
main,cand,steady,s10,Graphite,apply,1000,78731,79102,80943,100961,
main,cand,steady,s10,Graphite,fit,1000,64321,64791,65934,104259,
main,cand,steady,s10,TokyoNight,apply,1000,101780,102494,104441,145398,
main,cand,steady,s10,TokyoNight,fit,1000,86829,87539,88794,123385,
main,cand,steady,s10,CatppuccinMocha,apply,1000,88035,88565,90789,141565,
main,cand,steady,s10,CatppuccinMocha,fit,1000,73194,73865,75179,146213,
main,cand,steady,s10,Nord,apply,1000,93199,93889,95822,128754,
main,cand,steady,s10,Nord,fit,1000,78865,79532,106385,197553,
main,cand,steady,s10,Porcelain,apply,1000,140502,141170,143282,187927,
main,cand,steady,s10,Porcelain,fit,1000,126231,127260,128925,135460,
main,cand,steady,s10,Sandstone,apply,1000,593106,596350,634316,1002007,
main,cand,steady,s10,Sandstone,fit,1000,574214,582878,586686,967033,
main,cand,steady,s10,DeepSea,apply,1000,61013,61308,63062,91948,
main,cand,steady,s10,DeepSea,fit,1000,46411,47937,48415,65653,
main,cand,steady,s10,Ember,apply,1000,67599,67949,69836,168777,
main,cand,steady,s10,Ember,fit,1000,52306,54058,55198,111652,
main,cand,steady,s10,SolarizedDark,apply,1000,147318,148160,150193,181481,
main,cand,steady,s10,SolarizedDark,fit,1000,131703,134432,135871,198006,
main,cand,steady,s10,SolarizedLight,apply,1000,258899,260165,262678,374984,
main,cand,steady,s10,SolarizedLight,fit,1000,242892,246101,247835,408224,
main,cand,steady,s10,OneDark,apply,1000,113146,113885,115928,213590,
main,cand,steady,s10,OneDark,fit,1000,97974,99552,100794,130188,
main,cand,steady,s10,OneLight,apply,1000,559261,562610,602478,757781,
main,cand,steady,s10,OneLight,fit,1000,548521,551124,582449,637830,
main,cand,steady,s10,RosePine,apply,1000,110400,111039,112959,165456,
main,cand,steady,s10,RosePine,fit,1000,95172,97181,98384,124674,
main,cand,steady,s10,RosePineDawn,apply,1000,383128,384964,387390,655197,
main,cand,steady,s10,RosePineDawn,fit,1000,365675,372229,374422,524688,
main,cand,steady,s10,Dracula,apply,1000,134204,134955,137076,290863,
main,cand,steady,s10,Dracula,fit,1000,118066,120362,121657,233913,
main,cand,steady,s10,Alucard,apply,1000,348768,350914,386001,521948,
main,cand,steady,s10,Alucard,fit,1000,335326,337886,352607,384100,
main,cand,steady,s10,KanagawaWave,apply,1000,124570,129858,132318,166799,
main,cand,steady,s10,KanagawaWave,fit,1000,109416,110651,115274,164754,
main,cand,steady,s10,KanagawaLotus,apply,1000,180835,192014,194692,242722,
main,cand,steady,s10,KanagawaLotus,fit,1000,163971,167614,169076,207931,
main,cand,steady,s10,Omarchy tokyo-night,apply,1000,100606,101133,103182,164738,
main,cand,steady,s10,Omarchy tokyo-night,fit,1000,84978,87263,88434,126084,
main,cand,steady,s10,Omarchy catppuccin-latte,apply,1000,370978,373021,375196,513675,
main,cand,steady,s10,Omarchy catppuccin-latte,fit,1000,353858,360104,362198,440727,
main,base,steady,s11,Midnight,apply,1000,13758,13901,14422,60841,
main,base,steady,s11,Daylight,apply,1000,14644,14759,14841,17760,
main,base,steady,s11,Graphite,apply,1000,13713,13850,13969,22877,
main,base,steady,s11,TokyoNight,apply,1000,13781,13921,14040,15783,
main,base,steady,s11,CatppuccinMocha,apply,1000,13748,13859,13963,15935,
main,base,steady,s11,Nord,apply,1000,13779,13923,14040,16998,
main,base,steady,s11,Porcelain,apply,1000,14063,14176,14260,28335,
main,base,steady,s11,Sandstone,apply,1000,14416,14564,14645,17193,
main,base,steady,s11,DeepSea,apply,1000,13746,13905,14868,51662,
main,base,steady,s11,Ember,apply,1000,13893,14054,14144,16955,
main,base,steady,s11,SolarizedDark,apply,1000,16212,16342,16428,18238,
main,base,steady,s11,SolarizedLight,apply,1000,15971,16103,16189,17861,
main,base,steady,s11,OneDark,apply,1000,15194,15321,15432,35016,
main,base,steady,s11,OneLight,apply,1000,15805,15930,16542,60347,
main,base,steady,s11,RosePine,apply,1000,13820,13978,14063,15753,
main,base,steady,s11,RosePineDawn,apply,1000,15676,15796,16405,65800,
main,base,steady,s11,Dracula,apply,1000,14833,15004,15094,16858,
main,base,steady,s11,Alucard,apply,1000,15361,15520,15611,17541,
main,base,steady,s11,KanagawaWave,apply,1000,14341,14507,14589,16729,
main,base,steady,s11,KanagawaLotus,apply,1000,16748,16888,16972,18774,
main,base,steady,s11,Omarchy tokyo-night,apply,1000,14261,14398,14512,16332,
main,base,steady,s11,Omarchy catppuccin-latte,apply,1000,16149,16290,16374,17964,
main,base,steady,s12,Midnight,apply,1000,13676,13845,14276,43209,
main,base,steady,s12,Daylight,apply,1000,14616,14741,14829,42920,
main,base,steady,s12,Graphite,apply,1000,13699,13826,13934,15976,
main,base,steady,s12,TokyoNight,apply,1000,13754,13871,13988,37769,
main,base,steady,s12,CatppuccinMocha,apply,1000,13721,13843,13996,33492,
main,base,steady,s12,Nord,apply,1000,13753,13879,13990,15871,
main,base,steady,s12,Porcelain,apply,1000,14109,14208,14292,16902,
main,base,steady,s12,Sandstone,apply,1000,14359,14500,14594,22680,
main,base,steady,s12,DeepSea,apply,1000,13749,13886,13999,15828,
main,base,steady,s12,Ember,apply,1000,13854,14033,14129,17559,
main,base,steady,s12,SolarizedDark,apply,1000,16228,16363,18030,57705,
main,base,steady,s12,SolarizedLight,apply,1000,15999,16118,16197,32824,
main,base,steady,s12,OneDark,apply,1000,15147,15283,15399,43286,
main,base,steady,s12,OneLight,apply,1000,15807,15946,30275,68512,
main,base,steady,s12,RosePine,apply,1000,13818,13977,14057,15803,
main,base,steady,s12,RosePineDawn,apply,1000,15684,15785,15868,24474,
main,base,steady,s12,Dracula,apply,1000,15381,15519,15600,30030,
main,base,steady,s12,Alucard,apply,1000,15938,16057,16153,17963,
main,base,steady,s12,KanagawaWave,apply,1000,14857,15020,15109,17984,
main,base,steady,s12,KanagawaLotus,apply,1000,17387,17579,17678,28148,
main,base,steady,s12,Omarchy tokyo-night,apply,1000,14220,14888,15000,28417,
main,base,steady,s12,Omarchy catppuccin-latte,apply,1000,16148,16279,16373,42513,
main,cand,steady,s13,Midnight,apply,1000,73980,74379,76334,99396,
main,cand,steady,s13,Midnight,fit,1000,59287,59650,60774,77348,
main,cand,steady,s13,Daylight,apply,1000,325777,327435,344612,443100,
main,cand,steady,s13,Daylight,fit,1000,308378,310269,325696,390912,
main,cand,steady,s13,Graphite,apply,1000,78705,79177,80939,109557,
main,cand,steady,s13,Graphite,fit,1000,63995,64455,65653,93474,
main,cand,steady,s13,TokyoNight,apply,1000,101855,102630,104574,146446,
main,cand,steady,s13,TokyoNight,fit,1000,86787,87327,88865,163520,
main,cand,steady,s13,CatppuccinMocha,apply,1000,87859,88384,91184,167005,
main,cand,steady,s13,CatppuccinMocha,fit,1000,73069,73595,74812,102755,
main,cand,steady,s13,Nord,apply,1000,93894,94469,96293,137386,
main,cand,steady,s13,Nord,fit,1000,78723,79297,80703,115853,
main,cand,steady,s13,Porcelain,apply,1000,142439,143337,145516,189363,
main,cand,steady,s13,Porcelain,fit,1000,126511,127403,128900,174810,
main,cand,steady,s13,Sandstone,apply,1000,588497,591462,634433,897175,
main,cand,steady,s13,Sandstone,fit,1000,573808,576936,609295,788994,
main,cand,steady,s13,DeepSea,apply,1000,59599,59966,61571,62410,
main,cand,steady,s13,DeepSea,fit,1000,46255,46489,47512,78593,
main,cand,steady,s13,Ember,apply,1000,65959,66338,68040,92484,
main,cand,steady,s13,Ember,fit,1000,51991,52231,53345,91760,
main,cand,steady,s13,SolarizedDark,apply,1000,145573,146392,148344,212613,
main,cand,steady,s13,SolarizedDark,fit,1000,131327,132129,133994,175988,
main,cand,steady,s13,SolarizedLight,apply,1000,256542,257729,260488,414182,
main,cand,steady,s13,SolarizedLight,fit,1000,240418,241853,245585,284889,
main,cand,steady,s13,OneDark,apply,1000,111331,111985,113771,193617,
main,cand,steady,s13,OneDark,fit,1000,96647,97285,98909,126407,
main,cand,steady,s13,OneLight,apply,1000,554610,557771,559705,813944,
main,cand,steady,s13,OneLight,fit,1000,540917,544072,566755,737478,
main,cand,steady,s13,RosePine,apply,1000,109121,109940,111958,167411,
main,cand,steady,s13,RosePine,fit,1000,95064,95622,97206,163958,
main,cand,steady,s13,RosePineDawn,apply,1000,379786,381458,383591,463353,
main,cand,steady,s13,RosePineDawn,fit,1000,364327,366626,370966,562591,
main,cand,steady,s13,Dracula,apply,1000,132884,133658,135482,160293,
main,cand,steady,s13,Dracula,fit,1000,117627,118636,120509,163146,
main,cand,steady,s13,Alucard,apply,1000,345858,347301,349439,441924,
main,cand,steady,s13,Alucard,fit,1000,331276,333108,338743,465736,
main,cand,steady,s13,KanagawaWave,apply,1000,122872,123599,125438,162578,
main,cand,steady,s13,KanagawaWave,fit,1000,108035,108787,115120,218001,
main,cand,steady,s13,KanagawaLotus,apply,1000,178831,179885,187156,214507,
main,cand,steady,s13,KanagawaLotus,fit,1000,163603,165015,167658,293950,
main,cand,steady,s13,Omarchy tokyo-night,apply,1000,98814,99419,101401,147799,
main,cand,steady,s13,Omarchy tokyo-night,fit,1000,84669,85106,86447,106269,
main,cand,steady,s13,Omarchy catppuccin-latte,apply,1000,368006,369832,371996,424646,
main,cand,steady,s13,Omarchy catppuccin-latte,fit,1000,353539,355708,361360,498097,
main,cand,steady,s14,Midnight,apply,1000,72583,72984,74641,76465,
main,cand,steady,s14,Midnight,fit,1000,59382,59749,62977,83356,
main,cand,steady,s14,Daylight,apply,1000,321470,322925,324990,409150,
main,cand,steady,s14,Daylight,fit,1000,308301,310942,323106,459402,
main,cand,steady,s14,Graphite,apply,1000,77149,77539,79344,160662,
main,cand,steady,s14,Graphite,fit,1000,63878,64419,67914,102442,
main,cand,steady,s14,TokyoNight,apply,1000,99931,100571,102268,134952,
main,cand,steady,s14,TokyoNight,fit,1000,86471,87443,91249,122912,
main,cand,steady,s14,CatppuccinMocha,apply,1000,86611,87200,93795,139320,
main,cand,steady,s14,CatppuccinMocha,fit,1000,73445,76432,95979,176266,
main,cand,steady,s14,Nord,apply,1000,92347,93006,96748,109126,
main,cand,steady,s14,Nord,fit,1000,78954,80046,83659,123625,
main,cand,steady,s14,Porcelain,apply,1000,139246,140026,141817,202185,
main,cand,steady,s14,Porcelain,fit,1000,125989,127317,134194,174263,
main,cand,steady,s14,Sandstone,apply,1000,586451,589078,596851,879848,
main,cand,steady,s14,Sandstone,fit,1000,573750,576988,584259,659150,
main,cand,steady,s14,DeepSea,apply,1000,59777,60089,61708,84702,
main,cand,steady,s14,DeepSea,fit,1000,46390,46717,47239,54221,
main,cand,steady,s14,Ember,apply,1000,65891,66259,68299,124658,
main,cand,steady,s14,Ember,fit,1000,52101,52461,53366,81943,
main,cand,steady,s14,SolarizedDark,apply,1000,145350,146160,148363,231272,
main,cand,steady,s14,SolarizedDark,fit,1000,131403,132601,134552,203616,
main,cand,steady,s14,SolarizedLight,apply,1000,255543,256654,258784,471252,
main,cand,steady,s14,SolarizedLight,fit,1000,240242,242643,255275,368374,
main,cand,steady,s14,OneDark,apply,1000,110782,111703,113462,155431,
main,cand,steady,s14,OneDark,fit,1000,96719,97639,115858,195570,
main,cand,steady,s14,OneLight,apply,1000,553404,555884,557671,674573,
main,cand,steady,s14,OneLight,fit,1000,540848,544411,550521,675108,
main,cand,steady,s14,RosePine,apply,1000,108794,109478,111404,212789,
main,cand,steady,s14,RosePine,fit,1000,94633,95442,96982,148798,
main,cand,steady,s14,RosePineDawn,apply,1000,378472,380346,382400,471876,
main,cand,steady,s14,RosePineDawn,fit,1000,364220,367366,371556,571787,
main,cand,steady,s14,Dracula,apply,1000,137162,140106,180330,213474,
main,cand,steady,s14,Dracula,fit,1000,117498,119618,127570,209829,
main,cand,steady,s14,Alucard,apply,1000,344643,346304,348532,434246,
main,cand,steady,s14,Alucard,fit,1000,330350,333796,337487,451206,
main,cand,steady,s14,KanagawaWave,apply,1000,122497,123229,125064,155415,
main,cand,steady,s14,KanagawaWave,fit,1000,107780,108994,110198,116133,
main,cand,steady,s14,KanagawaLotus,apply,1000,178631,179670,183084,251400,
main,cand,steady,s14,KanagawaLotus,fit,1000,163694,165286,167273,203882,
main,cand,steady,s14,Omarchy tokyo-night,apply,1000,98523,99039,101021,156858,
main,cand,steady,s14,Omarchy tokyo-night,fit,1000,84419,85328,86754,126569,
main,cand,steady,s14,Omarchy catppuccin-latte,apply,1000,366684,368148,370583,488831,
main,cand,steady,s14,Omarchy catppuccin-latte,fit,1000,353121,356051,360057,439104,
main,base,steady,s15,Midnight,apply,1000,13675,13825,13973,56533,
main,base,steady,s15,Daylight,apply,1000,14545,14670,14751,95704,
main,base,steady,s15,Graphite,apply,1000,13668,13793,26275,50945,
main,base,steady,s15,TokyoNight,apply,1000,13702,13842,13957,15733,
main,base,steady,s15,CatppuccinMocha,apply,1000,13651,13793,13915,15713,
main,base,steady,s15,Nord,apply,1000,13725,14336,14473,34478,
main,base,steady,s15,Porcelain,apply,1000,14551,14677,14758,18188,
main,base,steady,s15,Sandstone,apply,1000,14806,14964,15056,17284,
main,base,steady,s15,DeepSea,apply,1000,14208,14357,14468,33825,
main,base,steady,s15,Ember,apply,1000,14356,14501,14605,17188,
main,base,steady,s15,SolarizedDark,apply,1000,16154,16362,16973,29968,
main,base,steady,s15,SolarizedLight,apply,1000,15890,16021,16108,35756,
main,base,steady,s15,OneDark,apply,1000,15132,15255,15373,35114,
main,base,steady,s15,OneLight,apply,1000,15734,15845,15931,21937,
main,base,steady,s15,RosePine,apply,1000,13758,13924,14005,31907,
main,base,steady,s15,RosePineDawn,apply,1000,15566,15705,15791,29992,
main,base,steady,s15,Dracula,apply,1000,14776,14931,15018,33286,
main,base,steady,s15,Alucard,apply,1000,15295,15427,15508,17528,
main,base,steady,s15,KanagawaWave,apply,1000,14307,14455,14542,16320,
main,base,steady,s15,KanagawaLotus,apply,1000,16724,16876,16972,18694,
main,base,steady,s15,Omarchy tokyo-night,apply,1000,14210,14320,14424,21186,
main,base,steady,s15,Omarchy catppuccin-latte,apply,1000,16087,16211,16296,23599,
main,base,steady,s16,Midnight,apply,1000,13825,14029,14166,55673,
main,base,steady,s16,Daylight,apply,1000,14839,14991,15087,57686,
main,base,steady,s16,Graphite,apply,1000,13877,14053,14179,30876,
main,base,steady,s16,TokyoNight,apply,1000,13931,14076,14291,60079,
main,base,steady,s16,CatppuccinMocha,apply,1000,13849,14003,14130,16308,
main,base,steady,s16,Nord,apply,1000,13931,14065,14193,34964,
main,base,steady,s16,Porcelain,apply,1000,14321,14466,14555,17698,
main,base,steady,s16,Sandstone,apply,1000,14676,14824,14929,29195,
main,base,steady,s16,DeepSea,apply,1000,13938,14094,14211,19541,
main,base,steady,s16,Ember,apply,1000,14055,14258,14387,51778,
main,base,steady,s16,SolarizedDark,apply,1000,16464,16600,16702,19725,
main,base,steady,s16,SolarizedLight,apply,1000,16174,16349,16453,18235,
main,base,steady,s16,OneDark,apply,1000,15341,15496,15631,40315,
main,base,steady,s16,OneLight,apply,1000,16048,16229,16333,30356,
main,base,steady,s16,RosePine,apply,1000,13976,14152,14266,16231,
main,base,steady,s16,RosePineDawn,apply,1000,15951,16131,16235,21149,
main,base,steady,s16,Dracula,apply,1000,14981,15178,15301,42612,
main,base,steady,s16,Alucard,apply,1000,15582,15751,15856,17745,
main,base,steady,s16,KanagawaWave,apply,1000,14481,14657,14755,27645,
main,base,steady,s16,KanagawaLotus,apply,1000,16956,17203,17339,41629,
main,base,steady,s16,Omarchy tokyo-night,apply,1000,14385,14546,14678,32907,
main,base,steady,s16,Omarchy catppuccin-latte,apply,1000,16425,16608,16726,44411,
main,cand,steady,s17,Midnight,apply,1000,72614,73102,75284,135593,
main,cand,steady,s17,Midnight,fit,1000,59459,59882,62974,103665,
main,cand,steady,s17,Daylight,apply,1000,321661,323259,325816,391976,
main,cand,steady,s17,Daylight,fit,1000,308425,311058,322387,383247,
main,cand,steady,s17,Graphite,apply,1000,77460,77847,79795,127969,
main,cand,steady,s17,Graphite,fit,1000,64383,64845,68188,124001,
main,cand,steady,s17,TokyoNight,apply,1000,100134,100656,103834,149842,
main,cand,steady,s17,TokyoNight,fit,1000,86745,87377,91068,128038,
main,cand,steady,s17,CatppuccinMocha,apply,1000,86414,86968,89081,128533,
main,cand,steady,s17,CatppuccinMocha,fit,1000,72948,73612,77061,91751,
main,cand,steady,s17,Nord,apply,1000,92399,92886,94873,181422,
main,cand,steady,s17,Nord,fit,1000,79032,79642,83466,121805,
main,cand,steady,s17,Porcelain,apply,1000,139499,140376,142400,181912,
main,cand,steady,s17,Porcelain,fit,1000,126250,127272,133249,251012,
main,cand,steady,s17,Sandstone,apply,1000,586445,589815,630263,785601,
main,cand,steady,s17,Sandstone,fit,1000,573860,577275,606073,668692,
main,cand,steady,s17,DeepSea,apply,1000,59411,59736,61523,77351,
main,cand,steady,s17,DeepSea,fit,1000,46109,46393,46845,48893,
main,cand,steady,s17,Ember,apply,1000,65845,66283,68138,72516,
main,cand,steady,s17,Ember,fit,1000,52133,52494,53454,81251,
main,cand,steady,s17,SolarizedDark,apply,1000,145672,146437,148635,246118,
main,cand,steady,s17,SolarizedDark,fit,1000,131594,132772,134260,143696,
main,cand,steady,s17,SolarizedLight,apply,1000,255253,256472,259755,320636,
main,cand,steady,s17,SolarizedLight,fit,1000,240182,242331,245391,323953,
main,cand,steady,s17,OneDark,apply,1000,111320,112050,114227,155824,
main,cand,steady,s17,OneDark,fit,1000,96701,97591,99613,141563,
main,cand,steady,s17,OneLight,apply,1000,552659,556427,579404,759208,
main,cand,steady,s17,OneLight,fit,1000,541059,546459,612135,849116,
main,cand,steady,s17,RosePine,apply,1000,108794,109666,111667,196005,
main,cand,steady,s17,RosePine,fit,1000,94739,95620,96904,134834,
main,cand,steady,s17,RosePineDawn,apply,1000,378955,380764,383654,486949,
main,cand,steady,s17,RosePineDawn,fit,1000,364909,367456,371266,445340,
main,cand,steady,s17,Dracula,apply,1000,132278,132942,135059,199474,
main,cand,steady,s17,Dracula,fit,1000,117607,118703,120673,167384,
main,cand,steady,s17,Alucard,apply,1000,345297,346988,362614,500007,
main,cand,steady,s17,Alucard,fit,1000,331172,335076,348282,406904,
main,cand,steady,s17,KanagawaWave,apply,1000,122593,123139,139887,195716,
main,cand,steady,s17,KanagawaWave,fit,1000,107824,108802,110265,151417,
main,cand,steady,s17,KanagawaLotus,apply,1000,178416,179462,181880,256329,
main,cand,steady,s17,KanagawaLotus,fit,1000,163329,165016,166979,243441,
main,cand,steady,s17,Omarchy tokyo-night,apply,1000,98558,99088,101109,117586,
main,cand,steady,s17,Omarchy tokyo-night,fit,1000,84482,85164,86251,102597,
main,cand,steady,s17,Omarchy catppuccin-latte,apply,1000,367130,368747,371287,462304,
main,cand,steady,s17,Omarchy catppuccin-latte,fit,1000,353344,356316,360250,440466,
main,cand,steady,s18,Midnight,apply,1000,74026,74391,76420,94239,
main,cand,steady,s18,Midnight,fit,1000,59309,59631,60723,62323,
main,cand,steady,s18,Daylight,apply,1000,325613,327451,330952,383002,
main,cand,steady,s18,Daylight,fit,1000,308287,312526,342907,564217,
main,cand,steady,s18,Graphite,apply,1000,78748,79149,81006,124303,
main,cand,steady,s18,Graphite,fit,1000,64254,64660,67938,149316,
main,cand,steady,s18,TokyoNight,apply,1000,101784,102552,106681,240127,
main,cand,steady,s18,TokyoNight,fit,1000,86703,87181,88632,144160,
main,cand,steady,s18,CatppuccinMocha,apply,1000,88158,88662,90567,131219,
main,cand,steady,s18,CatppuccinMocha,fit,1000,73137,73690,74886,96195,
main,cand,steady,s18,Nord,apply,1000,94030,94540,96487,138648,
main,cand,steady,s18,Nord,fit,1000,78934,79401,80998,134009,
main,cand,steady,s18,Porcelain,apply,1000,142304,143185,145198,173462,
main,cand,steady,s18,Porcelain,fit,1000,126637,127358,128789,195589,
main,cand,steady,s18,Sandstone,apply,1000,591664,594836,630794,820439,
main,cand,steady,s18,Sandstone,fit,1000,573182,576416,584534,977252,
main,cand,steady,s18,DeepSea,apply,1000,60461,60752,62606,89984,
main,cand,steady,s18,DeepSea,fit,1000,46220,46457,47160,58981,
main,cand,steady,s18,Ember,apply,1000,66321,66663,68721,114318,
main,cand,steady,s18,Ember,fit,1000,52018,52261,54289,112637,
main,cand,steady,s18,SolarizedDark,apply,1000,147376,153488,155871,187004,
main,cand,steady,s18,SolarizedDark,fit,1000,131384,132124,134186,203059,
main,cand,steady,s18,SolarizedLight,apply,1000,258374,259553,264251,387182,
main,cand,steady,s18,SolarizedLight,fit,1000,240540,241972,245240,386587,
main,cand,steady,s18,OneDark,apply,1000,112452,113263,115298,141155,
main,cand,steady,s18,OneDark,fit,1000,96681,97323,98714,133839,
main,cand,steady,s18,OneLight,apply,1000,558413,561717,564071,818129,
main,cand,steady,s18,OneLight,fit,1000,541736,544261,550070,850547,
main,cand,steady,s18,RosePine,apply,1000,110773,111631,113619,122688,
main,cand,steady,s18,RosePine,fit,1000,95110,95793,97190,128896,
main,cand,steady,s18,RosePineDawn,apply,1000,382175,385264,409680,698706,
main,cand,steady,s18,RosePineDawn,fit,1000,364912,366963,390493,597885,
main,cand,steady,s18,Dracula,apply,1000,133733,134473,136571,178422,
main,cand,steady,s18,Dracula,fit,1000,117549,118360,120456,189729,
main,cand,steady,s18,Alucard,apply,1000,349188,350798,353122,601740,
main,cand,steady,s18,Alucard,fit,1000,331032,332990,337048,423646,
main,cand,steady,s18,KanagawaWave,apply,1000,124137,124765,126951,235626,
main,cand,steady,s18,KanagawaWave,fit,1000,107932,108584,110537,183247,
main,cand,steady,s18,KanagawaLotus,apply,1000,180213,181166,183422,226083,
main,cand,steady,s18,KanagawaLotus,fit,1000,163812,164819,166949,300049,
main,cand,steady,s18,Omarchy tokyo-night,apply,1000,99945,100433,102395,146924,
main,cand,steady,s18,Omarchy tokyo-night,fit,1000,84838,85193,86522,125930,
main,cand,steady,s18,Omarchy catppuccin-latte,apply,1000,371885,374669,390504,589422,
main,cand,steady,s18,Omarchy catppuccin-latte,fit,1000,353520,355821,363656,545241,
main,base,steady,s19,Midnight,apply,1000,13751,13889,13995,47522,
main,base,steady,s19,Daylight,apply,1000,14610,14754,14834,17032,
main,base,steady,s19,Graphite,apply,1000,13665,13817,13929,15879,
main,base,steady,s19,TokyoNight,apply,1000,13752,13881,13991,15707,
main,base,steady,s19,CatppuccinMocha,apply,1000,13730,13840,13955,30407,
main,base,steady,s19,Nord,apply,1000,13763,13889,14000,15680,
main,base,steady,s19,Porcelain,apply,1000,14077,14188,14260,16033,
main,base,steady,s19,Sandstone,apply,1000,14356,14499,14581,17228,
main,base,steady,s19,DeepSea,apply,1000,13796,13939,14036,33308,
main,base,steady,s19,Ember,apply,1000,13886,14043,14140,19981,
main,base,steady,s19,SolarizedDark,apply,1000,16231,16351,16428,44005,
main,base,steady,s19,SolarizedLight,apply,1000,15978,16127,16207,18107,
main,base,steady,s19,OneDark,apply,1000,15165,15296,15407,17182,
main,base,steady,s19,OneLight,apply,1000,15787,15922,16010,18392,
main,base,steady,s19,RosePine,apply,1000,13802,13969,15537,114499,
main,base,steady,s19,RosePineDawn,apply,1000,15645,15770,15851,17705,
main,base,steady,s19,Dracula,apply,1000,14829,14971,15097,55037,
main,base,steady,s19,Alucard,apply,1000,15347,15492,15602,61050,
main,base,steady,s19,KanagawaWave,apply,1000,14274,14472,15049,53404,
main,base,steady,s19,KanagawaLotus,apply,1000,16747,16884,17036,61931,
main,base,steady,s19,Omarchy tokyo-night,apply,1000,14214,14338,14449,36674,
main,base,steady,s19,Omarchy catppuccin-latte,apply,1000,16113,16237,16321,18170,
main,base,first,f0,Midnight,apply,1,,,,,46147
main,cand,first,f0,Midnight,apply,1,,,,,161561
main,base,first,f0,Daylight,apply,1,,,,,44679
main,cand,first,f0,Daylight,apply,1,,,,,381625
main,base,first,f0,Graphite,apply,1,,,,,42690
main,cand,first,f0,Graphite,apply,1,,,,,110815
main,base,first,f0,TokyoNight,apply,1,,,,,46122
main,cand,first,f0,TokyoNight,apply,1,,,,,135341
main,base,first,f0,CatppuccinMocha,apply,1,,,,,39174
main,cand,first,f0,CatppuccinMocha,apply,1,,,,,160596
main,base,first,f0,Nord,apply,1,,,,,44344
main,cand,first,f0,Nord,apply,1,,,,,125005
main,base,first,f0,Porcelain,apply,1,,,,,47297
main,cand,first,f0,Porcelain,apply,1,,,,,173660
main,base,first,f0,Sandstone,apply,1,,,,,41759
main,cand,first,f0,Sandstone,apply,1,,,,,641188
main,base,first,f0,DeepSea,apply,1,,,,,41676
main,cand,first,f0,DeepSea,apply,1,,,,,92316
main,base,first,f0,Ember,apply,1,,,,,42511
main,cand,first,f0,Ember,apply,1,,,,,97594
main,base,first,f0,SolarizedDark,apply,1,,,,,46436
main,cand,first,f0,SolarizedDark,apply,1,,,,,223437
main,base,first,f0,SolarizedLight,apply,1,,,,,45806
main,cand,first,f0,SolarizedLight,apply,1,,,,,367143
main,base,first,f0,OneDark,apply,1,,,,,43449
main,cand,first,f0,OneDark,apply,1,,,,,145498
main,base,first,f0,OneLight,apply,1,,,,,44685
main,cand,first,f0,OneLight,apply,1,,,,,583705
main,base,first,f0,RosePine,apply,1,,,,,42358
main,cand,first,f0,RosePine,apply,1,,,,,140298
main,base,first,f0,RosePineDawn,apply,1,,,,,42463
main,cand,first,f0,RosePineDawn,apply,1,,,,,468136
main,base,first,f0,Dracula,apply,1,,,,,42400
main,cand,first,f0,Dracula,apply,1,,,,,168929
main,base,first,f0,Alucard,apply,1,,,,,49915
main,cand,first,f0,Alucard,apply,1,,,,,372843
main,base,first,f0,KanagawaWave,apply,1,,,,,42935
main,cand,first,f0,KanagawaWave,apply,1,,,,,156812
main,base,first,f0,KanagawaLotus,apply,1,,,,,45843
main,cand,first,f0,KanagawaLotus,apply,1,,,,,214261
main,base,first,f0,Omarchy tokyo-night,apply,1,,,,,42092
main,cand,first,f0,Omarchy tokyo-night,apply,1,,,,,130130
main,base,first,f0,Omarchy catppuccin-latte,apply,1,,,,,43459
main,cand,first,f0,Omarchy catppuccin-latte,apply,1,,,,,393989
main,base,first,f1,Midnight,apply,1,,,,,46878
main,cand,first,f1,Midnight,apply,1,,,,,104781
main,base,first,f1,Daylight,apply,1,,,,,43659
main,cand,first,f1,Daylight,apply,1,,,,,413275
main,base,first,f1,Graphite,apply,1,,,,,57033
main,cand,first,f1,Graphite,apply,1,,,,,110188
main,base,first,f1,TokyoNight,apply,1,,,,,44282
main,cand,first,f1,TokyoNight,apply,1,,,,,148353
main,base,first,f1,CatppuccinMocha,apply,1,,,,,67638
main,cand,first,f1,CatppuccinMocha,apply,1,,,,,120344
main,base,first,f1,Nord,apply,1,,,,,41861
main,cand,first,f1,Nord,apply,1,,,,,134652
main,base,first,f1,Porcelain,apply,1,,,,,44400
main,cand,first,f1,Porcelain,apply,1,,,,,177836
main,base,first,f1,Sandstone,apply,1,,,,,44072
main,cand,first,f1,Sandstone,apply,1,,,,,642772
main,base,first,f1,DeepSea,apply,1,,,,,43050
main,cand,first,f1,DeepSea,apply,1,,,,,95769
main,base,first,f1,Ember,apply,1,,,,,44503
main,cand,first,f1,Ember,apply,1,,,,,105570
main,base,first,f1,SolarizedDark,apply,1,,,,,48609
main,cand,first,f1,SolarizedDark,apply,1,,,,,233309
main,base,first,f1,SolarizedLight,apply,1,,,,,50792
main,cand,first,f1,SolarizedLight,apply,1,,,,,303941
main,base,first,f1,OneDark,apply,1,,,,,45769
main,cand,first,f1,OneDark,apply,1,,,,,155328
main,base,first,f1,OneLight,apply,1,,,,,48120
main,cand,first,f1,OneLight,apply,1,,,,,605567
main,base,first,f1,RosePine,apply,1,,,,,45044
main,cand,first,f1,RosePine,apply,1,,,,,145699
main,base,first,f1,RosePineDawn,apply,1,,,,,46532
main,cand,first,f1,RosePineDawn,apply,1,,,,,475139
main,base,first,f1,Dracula,apply,1,,,,,89656
main,cand,first,f1,Dracula,apply,1,,,,,171468
main,base,first,f1,Alucard,apply,1,,,,,48136
main,cand,first,f1,Alucard,apply,1,,,,,390053
main,base,first,f1,KanagawaWave,apply,1,,,,,43927
main,cand,first,f1,KanagawaWave,apply,1,,,,,162650
main,base,first,f1,KanagawaLotus,apply,1,,,,,45775
main,cand,first,f1,KanagawaLotus,apply,1,,,,,216762
main,base,first,f1,Omarchy tokyo-night,apply,1,,,,,42898
main,cand,first,f1,Omarchy tokyo-night,apply,1,,,,,139458
main,base,first,f1,Omarchy catppuccin-latte,apply,1,,,,,49291
main,cand,first,f1,Omarchy catppuccin-latte,apply,1,,,,,409732
main,base,first,f2,Midnight,apply,1,,,,,42534
main,cand,first,f2,Midnight,apply,1,,,,,116014
main,base,first,f2,Daylight,apply,1,,,,,49201
main,cand,first,f2,Daylight,apply,1,,,,,364885
main,base,first,f2,Graphite,apply,1,,,,,43474
main,cand,first,f2,Graphite,apply,1,,,,,118936
main,base,first,f2,TokyoNight,apply,1,,,,,43473
main,cand,first,f2,TokyoNight,apply,1,,,,,135728
main,base,first,f2,CatppuccinMocha,apply,1,,,,,47259
main,cand,first,f2,CatppuccinMocha,apply,1,,,,,126471
main,base,first,f2,Nord,apply,1,,,,,44015
main,cand,first,f2,Nord,apply,1,,,,,129358
main,base,first,f2,Porcelain,apply,1,,,,,43480
main,cand,first,f2,Porcelain,apply,1,,,,,202694
main,base,first,f2,Sandstone,apply,1,,,,,47766
main,cand,first,f2,Sandstone,apply,1,,,,,649007
main,base,first,f2,DeepSea,apply,1,,,,,47756
main,cand,first,f2,DeepSea,apply,1,,,,,94433
main,base,first,f2,Ember,apply,1,,,,,43997
main,cand,first,f2,Ember,apply,1,,,,,102924
main,base,first,f2,SolarizedDark,apply,1,,,,,46857
main,cand,first,f2,SolarizedDark,apply,1,,,,,181896
main,base,first,f2,SolarizedLight,apply,1,,,,,46318
main,cand,first,f2,SolarizedLight,apply,1,,,,,300242
main,base,first,f2,OneDark,apply,1,,,,,45517
main,cand,first,f2,OneDark,apply,1,,,,,153144
main,base,first,f2,OneLight,apply,1,,,,,47620
main,cand,first,f2,OneLight,apply,1,,,,,614869
main,base,first,f2,RosePine,apply,1,,,,,42548
main,cand,first,f2,RosePine,apply,1,,,,,146990
main,base,first,f2,RosePineDawn,apply,1,,,,,48530
main,cand,first,f2,RosePineDawn,apply,1,,,,,427765
main,base,first,f2,Dracula,apply,1,,,,,43952
main,cand,first,f2,Dracula,apply,1,,,,,169329
main,base,first,f2,Alucard,apply,1,,,,,45056
main,cand,first,f2,Alucard,apply,1,,,,,392471
main,base,first,f2,KanagawaWave,apply,1,,,,,41581
main,cand,first,f2,KanagawaWave,apply,1,,,,,162890
main,base,first,f2,KanagawaLotus,apply,1,,,,,47456
main,cand,first,f2,KanagawaLotus,apply,1,,,,,217292
main,base,first,f2,Omarchy tokyo-night,apply,1,,,,,45050
main,cand,first,f2,Omarchy tokyo-night,apply,1,,,,,184184
main,base,first,f2,Omarchy catppuccin-latte,apply,1,,,,,44888
main,cand,first,f2,Omarchy catppuccin-latte,apply,1,,,,,411513
main,base,first,f3,Midnight,apply,1,,,,,46289
main,cand,first,f3,Midnight,apply,1,,,,,156097
main,base,first,f3,Daylight,apply,1,,,,,51594
main,cand,first,f3,Daylight,apply,1,,,,,364861
main,base,first,f3,Graphite,apply,1,,,,,48248
main,cand,first,f3,Graphite,apply,1,,,,,113460
main,base,first,f3,TokyoNight,apply,1,,,,,44959
main,cand,first,f3,TokyoNight,apply,1,,,,,136552
main,base,first,f3,CatppuccinMocha,apply,1,,,,,43071
main,cand,first,f3,CatppuccinMocha,apply,1,,,,,132097
main,base,first,f3,Nord,apply,1,,,,,88773
main,cand,first,f3,Nord,apply,1,,,,,130713
main,base,first,f3,Porcelain,apply,1,,,,,45405
main,cand,first,f3,Porcelain,apply,1,,,,,180849
main,base,first,f3,Sandstone,apply,1,,,,,43731
main,cand,first,f3,Sandstone,apply,1,,,,,646854
main,base,first,f3,DeepSea,apply,1,,,,,47256
main,cand,first,f3,DeepSea,apply,1,,,,,94552
main,base,first,f3,Ember,apply,1,,,,,46394
main,cand,first,f3,Ember,apply,1,,,,,100163
main,base,first,f3,SolarizedDark,apply,1,,,,,46650
main,cand,first,f3,SolarizedDark,apply,1,,,,,184513
main,base,first,f3,SolarizedLight,apply,1,,,,,49883
main,cand,first,f3,SolarizedLight,apply,1,,,,,316672
main,base,first,f3,OneDark,apply,1,,,,,46518
main,cand,first,f3,OneDark,apply,1,,,,,148832
main,base,first,f3,OneLight,apply,1,,,,,49939
main,cand,first,f3,OneLight,apply,1,,,,,650364
main,base,first,f3,RosePine,apply,1,,,,,59024
main,cand,first,f3,RosePine,apply,1,,,,,144711
main,base,first,f3,RosePineDawn,apply,1,,,,,44861
main,cand,first,f3,RosePineDawn,apply,1,,,,,429502
main,base,first,f3,Dracula,apply,1,,,,,45803
main,cand,first,f3,Dracula,apply,1,,,,,179116
main,base,first,f3,Alucard,apply,1,,,,,47218
main,cand,first,f3,Alucard,apply,1,,,,,395985
main,base,first,f3,KanagawaWave,apply,1,,,,,43889
main,cand,first,f3,KanagawaWave,apply,1,,,,,163602
main,base,first,f3,KanagawaLotus,apply,1,,,,,47263
main,cand,first,f3,KanagawaLotus,apply,1,,,,,224822
main,base,first,f3,Omarchy tokyo-night,apply,1,,,,,50851
main,cand,first,f3,Omarchy tokyo-night,apply,1,,,,,136061
main,base,first,f3,Omarchy catppuccin-latte,apply,1,,,,,46996
main,cand,first,f3,Omarchy catppuccin-latte,apply,1,,,,,417515
main,base,first,f4,Midnight,apply,1,,,,,46021
main,cand,first,f4,Midnight,apply,1,,,,,111153
main,base,first,f4,Daylight,apply,1,,,,,43808
main,cand,first,f4,Daylight,apply,1,,,,,368607
main,base,first,f4,Graphite,apply,1,,,,,42669
main,cand,first,f4,Graphite,apply,1,,,,,115911
main,base,first,f4,TokyoNight,apply,1,,,,,42525
main,cand,first,f4,TokyoNight,apply,1,,,,,138841
main,base,first,f4,CatppuccinMocha,apply,1,,,,,78448
main,cand,first,f4,CatppuccinMocha,apply,1,,,,,127088
main,base,first,f4,Nord,apply,1,,,,,44992
main,cand,first,f4,Nord,apply,1,,,,,129267
main,base,first,f4,Porcelain,apply,1,,,,,44193
main,cand,first,f4,Porcelain,apply,1,,,,,180435
main,base,first,f4,Sandstone,apply,1,,,,,44342
main,cand,first,f4,Sandstone,apply,1,,,,,684126
main,base,first,f4,DeepSea,apply,1,,,,,45486
main,cand,first,f4,DeepSea,apply,1,,,,,93205
main,base,first,f4,Ember,apply,1,,,,,48054
main,cand,first,f4,Ember,apply,1,,,,,106768
main,base,first,f4,SolarizedDark,apply,1,,,,,59925
main,cand,first,f4,SolarizedDark,apply,1,,,,,184543
main,base,first,f4,SolarizedLight,apply,1,,,,,46807
main,cand,first,f4,SolarizedLight,apply,1,,,,,295948
main,base,first,f4,OneDark,apply,1,,,,,44241
main,cand,first,f4,OneDark,apply,1,,,,,150549
main,base,first,f4,OneLight,apply,1,,,,,51102
main,cand,first,f4,OneLight,apply,1,,,,,611333
main,base,first,f4,RosePine,apply,1,,,,,43651
main,cand,first,f4,RosePine,apply,1,,,,,144957
main,base,first,f4,RosePineDawn,apply,1,,,,,47787
main,cand,first,f4,RosePineDawn,apply,1,,,,,433658
main,base,first,f4,Dracula,apply,1,,,,,45051
main,cand,first,f4,Dracula,apply,1,,,,,170842
main,base,first,f4,Alucard,apply,1,,,,,43394
main,cand,first,f4,Alucard,apply,1,,,,,396220
main,base,first,f4,KanagawaWave,apply,1,,,,,45034
main,cand,first,f4,KanagawaWave,apply,1,,,,,159963
main,base,first,f4,KanagawaLotus,apply,1,,,,,46040
main,cand,first,f4,KanagawaLotus,apply,1,,,,,232805
main,base,first,f4,Omarchy tokyo-night,apply,1,,,,,46573
main,cand,first,f4,Omarchy tokyo-night,apply,1,,,,,135351
main,base,first,f4,Omarchy catppuccin-latte,apply,1,,,,,44744
main,cand,first,f4,Omarchy catppuccin-latte,apply,1,,,,,414283
stress,base,steady,s0,Midnight,apply,1000,13669,13839,14695,64105,
stress,base,steady,s0,Daylight,apply,1000,14508,14630,15527,61471,
stress,base,steady,s0,Graphite,apply,1000,13733,14638,14777,30613,
stress,base,steady,s0,TokyoNight,apply,1000,14494,14672,14802,22809,
stress,base,steady,s0,CatppuccinMocha,apply,1000,14547,14694,14813,16611,
stress,base,steady,s0,Nord,apply,1000,14539,14707,14830,26877,
stress,base,steady,s0,Porcelain,apply,1000,14877,14995,15090,17113,
stress,base,steady,s0,Sandstone,apply,1000,14272,14426,15275,28959,
stress,base,steady,s0,DeepSea,apply,1000,13705,13878,13999,45390,
stress,base,steady,s0,Ember,apply,1000,13841,14008,14114,16686,
stress,base,steady,s0,SolarizedDark,apply,1000,16202,16321,16414,18146,
stress,base,steady,s0,SolarizedLight,apply,1000,15867,16007,16105,48966,
stress,base,steady,s0,OneDark,apply,1000,15109,15273,15404,36646,
stress,base,steady,s0,OneLight,apply,1000,15712,15849,15941,38155,
stress,base,steady,s0,RosePine,apply,1000,13759,13936,14049,15783,
stress,base,steady,s0,RosePineDawn,apply,1000,15554,15693,15779,17774,
stress,base,steady,s0,Dracula,apply,1000,14774,14951,15045,16892,
stress,base,steady,s0,Alucard,apply,1000,15262,15401,15491,17238,
stress,base,steady,s0,KanagawaWave,apply,1000,14264,14452,14552,30969,
stress,base,steady,s0,KanagawaLotus,apply,1000,16688,16809,16895,18700,
stress,base,steady,s0,Omarchy tokyo-night,apply,1000,14199,14339,14472,16403,
stress,base,steady,s0,Omarchy catppuccin-latte,apply,1000,16111,16221,16310,253179,
stress,base,steady,s0,Stress dark,apply,1000,13086,13226,13344,15167,
stress,base,steady,s0,Stress light,apply,1000,13418,13543,13635,68039,
stress,cand,steady,s1,Midnight,apply,1000,72873,73197,75372,107410,
stress,cand,steady,s1,Midnight,fit,1000,58422,58749,59802,64914,
stress,cand,steady,s1,Daylight,apply,1000,325442,326850,329175,364624,
stress,cand,steady,s1,Daylight,fit,1000,307853,309652,311812,392831,
stress,cand,steady,s1,Graphite,apply,1000,77850,78189,80194,101369,
stress,cand,steady,s1,Graphite,fit,1000,63067,63448,64567,101291,
stress,cand,steady,s1,TokyoNight,apply,1000,100515,101356,103623,148163,
stress,cand,steady,s1,TokyoNight,fit,1000,85330,86007,87132,112908,
stress,cand,steady,s1,CatppuccinMocha,apply,1000,86667,87206,89268,117560,
stress,cand,steady,s1,CatppuccinMocha,fit,1000,71961,72396,73461,77535,
stress,cand,steady,s1,Nord,apply,1000,92689,93368,110174,192462,
stress,cand,steady,s1,Nord,fit,1000,77976,81465,119037,262710,
stress,cand,steady,s1,Porcelain,apply,1000,149740,150875,154517,226105,
stress,cand,steady,s1,Porcelain,fit,1000,133150,134359,137721,197202,
stress,cand,steady,s1,Sandstone,apply,1000,588143,591970,633677,703563,
stress,cand,steady,s1,Sandstone,fit,1000,569901,572619,589946,835238,
stress,cand,steady,s1,DeepSea,apply,1000,59407,59640,61783,112553,
stress,cand,steady,s1,DeepSea,fit,1000,45354,45549,47721,72980,
stress,cand,steady,s1,Ember,apply,1000,66310,66615,68700,91679,
stress,cand,steady,s1,Ember,fit,1000,52042,52311,55072,87392,
stress,cand,steady,s1,SolarizedDark,apply,1000,146419,147158,149455,214417,
stress,cand,steady,s1,SolarizedDark,fit,1000,131117,132233,137445,175844,
stress,cand,steady,s1,SolarizedLight,apply,1000,257185,258235,260494,431203,
stress,cand,steady,s1,SolarizedLight,fit,1000,240866,242388,277958,385866,
stress,cand,steady,s1,OneDark,apply,1000,111481,116290,118554,131251,
stress,cand,steady,s1,OneDark,fit,1000,95995,96680,101188,155272,
stress,cand,steady,s1,OneLight,apply,1000,556803,560061,564964,763654,
stress,cand,steady,s1,OneLight,fit,1000,538763,541184,557802,681129,
stress,cand,steady,s1,RosePine,apply,1000,109193,109938,112105,150352,
stress,cand,steady,s1,RosePine,fit,1000,94050,94636,98116,200329,
stress,cand,steady,s1,RosePineDawn,apply,1000,379861,381510,384468,503642,
stress,cand,steady,s1,RosePineDawn,fit,1000,363480,365482,377609,586682,
stress,cand,steady,s1,Dracula,apply,1000,132846,133597,135841,150836,
stress,cand,steady,s1,Dracula,fit,1000,117298,118870,132389,220058,
stress,cand,steady,s1,Alucard,apply,1000,346623,347912,350635,505047,
stress,cand,steady,s1,Alucard,fit,1000,330206,331756,343822,445907,
stress,cand,steady,s1,KanagawaWave,apply,1000,122944,123867,138091,183757,
stress,cand,steady,s1,KanagawaWave,fit,1000,107505,108148,113360,172623,
stress,cand,steady,s1,KanagawaLotus,apply,1000,179726,180498,182833,222332,
stress,cand,steady,s1,KanagawaLotus,fit,1000,163689,164864,171277,267176,
stress,cand,steady,s1,Omarchy tokyo-night,apply,1000,98663,99298,101418,104795,
stress,cand,steady,s1,Omarchy tokyo-night,fit,1000,84101,84707,88726,157381,
stress,cand,steady,s1,Omarchy catppuccin-latte,apply,1000,368913,370414,373694,431028,
stress,cand,steady,s1,Omarchy catppuccin-latte,fit,1000,351957,354013,366980,546608,
stress,cand,steady,s1,Stress dark,apply,1000,489281,492032,523701,702120,
stress,cand,steady,s1,Stress dark,fit,1000,469615,471385,496409,648286,
stress,cand,steady,s1,Stress light,apply,1000,504388,507201,547057,639426,
stress,cand,steady,s1,Stress light,fit,1000,484098,486005,519234,634641,
stress,cand,steady,s2,Midnight,apply,1000,72562,72955,74981,118123,
stress,cand,steady,s2,Midnight,fit,1000,58473,58782,59848,86848,
stress,cand,steady,s2,Daylight,apply,1000,325343,326698,329257,444580,
stress,cand,steady,s2,Daylight,fit,1000,307829,309922,324673,494032,
stress,cand,steady,s2,Graphite,apply,1000,77635,80760,82917,97484,
stress,cand,steady,s2,Graphite,fit,1000,63136,63452,66628,77286,
stress,cand,steady,s2,TokyoNight,apply,1000,100528,101469,103549,124166,
stress,cand,steady,s2,TokyoNight,fit,1000,85824,86339,87592,104952,
stress,cand,steady,s2,CatppuccinMocha,apply,1000,86740,87362,89828,183747,
stress,cand,steady,s2,CatppuccinMocha,fit,1000,72370,72804,75732,116119,
stress,cand,steady,s2,Nord,apply,1000,92590,93133,95220,110300,
stress,cand,steady,s2,Nord,fit,1000,77985,78596,81877,128541,
stress,cand,steady,s2,Porcelain,apply,1000,141065,141853,144000,232626,
stress,cand,steady,s2,Porcelain,fit,1000,125480,126435,127956,172536,
stress,cand,steady,s2,Sandstone,apply,1000,588424,591952,602615,742646,
stress,cand,steady,s2,Sandstone,fit,1000,570256,573102,614325,1166855,
stress,cand,steady,s2,DeepSea,apply,1000,59262,59626,61379,62493,
stress,cand,steady,s2,DeepSea,fit,1000,45670,45877,47935,52956,
stress,cand,steady,s2,Ember,apply,1000,65739,66101,68131,100538,
stress,cand,steady,s2,Ember,fit,1000,51844,52088,55201,92319,
stress,cand,steady,s2,SolarizedDark,apply,1000,145976,146919,149434,244996,
stress,cand,steady,s2,SolarizedDark,fit,1000,131384,137224,142088,167894,
stress,cand,steady,s2,SolarizedLight,apply,1000,256628,257862,273588,405722,
stress,cand,steady,s2,SolarizedLight,fit,1000,240848,242850,261795,345304,
stress,cand,steady,s2,OneDark,apply,1000,111308,112058,114210,150691,
stress,cand,steady,s2,OneDark,fit,1000,96309,97085,101274,137632,
stress,cand,steady,s2,OneLight,apply,1000,557575,560476,562720,726652,
stress,cand,steady,s2,OneLight,fit,1000,539274,542018,568769,695060,
stress,cand,steady,s2,RosePine,apply,1000,108919,109735,113608,156557,
stress,cand,steady,s2,RosePine,fit,1000,94006,94680,98171,120141,
stress,cand,steady,s2,RosePineDawn,apply,1000,379812,382893,446022,543805,
stress,cand,steady,s2,RosePineDawn,fit,1000,363558,365365,400153,553252,
stress,cand,steady,s2,Dracula,apply,1000,132263,133128,135391,163900,
stress,cand,steady,s2,Dracula,fit,1000,117151,117942,122668,243198,
stress,cand,steady,s2,Alucard,apply,1000,346465,347961,350486,430140,
stress,cand,steady,s2,Alucard,fit,1000,330357,332177,345526,510053,
stress,cand,steady,s2,KanagawaWave,apply,1000,122294,123173,125346,341326,
stress,cand,steady,s2,KanagawaWave,fit,1000,107356,108012,112591,166029,
stress,cand,steady,s2,KanagawaLotus,apply,1000,179274,180222,182721,259554,
stress,cand,steady,s2,KanagawaLotus,fit,1000,164083,165135,171206,258427,
stress,cand,steady,s2,Omarchy tokyo-night,apply,1000,98670,99271,107311,142070,
stress,cand,steady,s2,Omarchy tokyo-night,fit,1000,84323,84811,89123,132328,
stress,cand,steady,s2,Omarchy catppuccin-latte,apply,1000,368294,370906,387555,514372,
stress,cand,steady,s2,Omarchy catppuccin-latte,fit,1000,352055,353922,370866,494319,
stress,cand,steady,s2,Stress dark,apply,1000,489516,491499,492932,619024,
stress,cand,steady,s2,Stress dark,fit,1000,470195,471868,496610,644244,
stress,cand,steady,s2,Stress light,apply,1000,503879,506207,507916,595353,
stress,cand,steady,s2,Stress light,fit,1000,483866,485934,511901,758913,
stress,base,steady,s3,Midnight,apply,1000,13629,13807,14268,41053,
stress,base,steady,s3,Daylight,apply,1000,14473,14603,14698,42958,
stress,base,steady,s3,Graphite,apply,1000,13594,13737,13851,31804,
stress,base,steady,s3,TokyoNight,apply,1000,13667,13795,13920,16908,
stress,base,steady,s3,CatppuccinMocha,apply,1000,14098,14218,14299,16292,
stress,base,steady,s3,Nord,apply,1000,13671,14232,14377,39264,
stress,base,steady,s3,Porcelain,apply,1000,13996,14500,14592,17041,
stress,base,steady,s3,Sandstone,apply,1000,14251,14412,15905,57420,
stress,base,steady,s3,DeepSea,apply,1000,13653,13811,13959,48302,
stress,base,steady,s3,Ember,apply,1000,13799,14027,14480,38947,
stress,base,steady,s3,SolarizedDark,apply,1000,16533,17241,17364,42148,
stress,base,steady,s3,SolarizedLight,apply,1000,16482,16619,16722,18620,
stress,base,steady,s3,OneDark,apply,1000,15689,15881,16331,19074,
stress,base,steady,s3,OneLight,apply,1000,16706,16872,16974,18636,
stress,base,steady,s3,RosePine,apply,1000,14206,14828,14922,28114,
stress,base,steady,s3,RosePineDawn,apply,1000,15551,16128,16225,21677,
stress,base,steady,s3,Dracula,apply,1000,15173,15298,15390,17281,
stress,base,steady,s3,Alucard,apply,1000,15678,15828,15924,17791,
stress,base,steady,s3,KanagawaWave,apply,1000,14685,14804,14880,17397,
stress,base,steady,s3,KanagawaLotus,apply,1000,17057,17257,17357,19195,
stress,base,steady,s3,Omarchy tokyo-night,apply,1000,14167,14721,14818,18653,
stress,base,steady,s3,Omarchy catppuccin-latte,apply,1000,16085,16242,16713,40427,
stress,base,steady,s3,Stress dark,apply,1000,13510,13620,13698,15516,
stress,base,steady,s3,Stress light,apply,1000,13769,13906,13991,15853,
stress,base,steady,s4,Midnight,apply,1000,13763,13931,14038,25940,
stress,base,steady,s4,Daylight,apply,1000,14629,14745,14837,17775,
stress,base,steady,s4,Graphite,apply,1000,13734,13888,14753,53455,
stress,base,steady,s4,TokyoNight,apply,1000,13767,13939,14470,39332,
stress,base,steady,s4,CatppuccinMocha,apply,1000,13740,13882,14009,38628,
stress,base,steady,s4,Nord,apply,1000,13789,13937,14065,15826,
stress,base,steady,s4,Porcelain,apply,1000,14103,14253,14337,22115,
stress,base,steady,s4,Sandstone,apply,1000,14430,14598,15514,46357,
stress,base,steady,s4,DeepSea,apply,1000,13785,13954,14479,54873,
stress,base,steady,s4,Ember,apply,1000,13908,14083,14602,40905,
stress,base,steady,s4,SolarizedDark,apply,1000,16232,16414,16514,27394,
stress,base,steady,s4,SolarizedLight,apply,1000,16008,16138,16231,22075,
stress,base,steady,s4,OneDark,apply,1000,15200,15354,15511,33472,
stress,base,steady,s4,OneLight,apply,1000,15848,15988,16076,20239,
stress,base,steady,s4,RosePine,apply,1000,13883,14026,14130,16102,
stress,base,steady,s4,RosePineDawn,apply,1000,15649,15788,15882,18437,
stress,base,steady,s4,Dracula,apply,1000,14842,15010,15100,20391,
stress,base,steady,s4,Alucard,apply,1000,15362,15504,15594,17427,
stress,base,steady,s4,KanagawaWave,apply,1000,14363,14522,14608,16331,
stress,base,steady,s4,KanagawaLotus,apply,1000,16768,16921,17019,19518,
stress,base,steady,s4,Omarchy tokyo-night,apply,1000,14265,14410,14530,16341,
stress,base,steady,s4,Omarchy catppuccin-latte,apply,1000,16168,16310,16513,54678,
stress,base,steady,s4,Stress dark,apply,1000,13150,13286,13418,27588,
stress,base,steady,s4,Stress light,apply,1000,13497,13628,13754,38418,
stress,cand,steady,s5,Midnight,apply,1000,72408,72771,74618,103028,
stress,cand,steady,s5,Midnight,fit,1000,58310,58595,59664,68660,
stress,cand,steady,s5,Daylight,apply,1000,325126,326572,329628,413360,
stress,cand,steady,s5,Daylight,fit,1000,307742,309782,313006,500368,
stress,cand,steady,s5,Graphite,apply,1000,77878,78220,80108,125980,
stress,cand,steady,s5,Graphite,fit,1000,63420,63765,64920,92147,
stress,cand,steady,s5,TokyoNight,apply,1000,100801,101552,103456,140875,
stress,cand,steady,s5,TokyoNight,fit,1000,85713,86253,87862,129336,
stress,cand,steady,s5,CatppuccinMocha,apply,1000,87013,87565,89384,154875,
stress,cand,steady,s5,CatppuccinMocha,fit,1000,72544,73054,74569,111554,
stress,cand,steady,s5,Nord,apply,1000,92414,92883,94752,137304,
stress,cand,steady,s5,Nord,fit,1000,77698,78226,79514,131474,
stress,cand,steady,s5,Porcelain,apply,1000,141361,142293,144352,220867,
stress,cand,steady,s5,Porcelain,fit,1000,125630,126694,128333,196226,
stress,cand,steady,s5,Sandstone,apply,1000,588970,592014,616685,769093,
stress,cand,steady,s5,Sandstone,fit,1000,570810,574109,646163,884435,
stress,cand,steady,s5,DeepSea,apply,1000,58977,59331,61001,79754,
stress,cand,steady,s5,DeepSea,fit,1000,45455,45702,47853,80150,
stress,cand,steady,s5,Ember,apply,1000,65655,66044,67752,124862,
stress,cand,steady,s5,Ember,fit,1000,51687,51916,53688,66055,
stress,cand,steady,s5,SolarizedDark,apply,1000,145792,146551,148618,231947,
stress,cand,steady,s5,SolarizedDark,fit,1000,130853,131700,136486,194880,
stress,cand,steady,s5,SolarizedLight,apply,1000,256739,257751,260101,325772,
stress,cand,steady,s5,SolarizedLight,fit,1000,240592,242071,251710,362500,
stress,cand,steady,s5,OneDark,apply,1000,111238,112336,114618,159685,
stress,cand,steady,s5,OneDark,fit,1000,96421,97141,100932,109036,
stress,cand,steady,s5,OneLight,apply,1000,556846,560419,598157,789550,
stress,cand,steady,s5,OneLight,fit,1000,538685,541697,557599,651225,
stress,cand,steady,s5,RosePine,apply,1000,108898,109890,111769,140473,
stress,cand,steady,s5,RosePine,fit,1000,94123,94678,98064,136097,
stress,cand,steady,s5,RosePineDawn,apply,1000,379053,380868,382994,487519,
stress,cand,steady,s5,RosePineDawn,fit,1000,362636,364959,377063,505832,
stress,cand,steady,s5,Dracula,apply,1000,132609,133380,135342,164800,
stress,cand,steady,s5,Dracula,fit,1000,117590,118356,123107,175713,
stress,cand,steady,s5,Alucard,apply,1000,345941,347439,363721,529273,
stress,cand,steady,s5,Alucard,fit,1000,329669,350740,359055,513721,
stress,cand,steady,s5,KanagawaWave,apply,1000,127638,128413,131336,202687,
stress,cand,steady,s5,KanagawaWave,fit,1000,111898,114529,132426,252327,
stress,cand,steady,s5,KanagawaLotus,apply,1000,179112,180266,182551,264526,
stress,cand,steady,s5,KanagawaLotus,fit,1000,164174,165114,171627,382566,
stress,cand,steady,s5,Omarchy tokyo-night,apply,1000,98642,99234,101412,134778,
stress,cand,steady,s5,Omarchy tokyo-night,fit,1000,84170,84785,91203,148165,
stress,cand,steady,s5,Omarchy catppuccin-latte,apply,1000,368299,369986,378621,486118,
stress,cand,steady,s5,Omarchy catppuccin-latte,fit,1000,351858,354088,366488,496018,
stress,cand,steady,s5,Stress dark,apply,1000,489121,491008,492462,687503,
stress,cand,steady,s5,Stress dark,fit,1000,469827,472123,497524,642789,
stress,cand,steady,s5,Stress light,apply,1000,503786,506165,526326,656687,
stress,cand,steady,s5,Stress light,fit,1000,483856,485613,510588,730341,
stress,cand,steady,s6,Midnight,apply,1000,73384,73798,75861,143134,
stress,cand,steady,s6,Midnight,fit,1000,58586,59013,59951,61262,
stress,cand,steady,s6,Daylight,apply,1000,327535,328806,331066,375244,
stress,cand,steady,s6,Daylight,fit,1000,308457,310501,313508,442478,
stress,cand,steady,s6,Graphite,apply,1000,78091,78539,80391,108117,
stress,cand,steady,s6,Graphite,fit,1000,63111,63481,64513,96781,
stress,cand,steady,s6,TokyoNight,apply,1000,101648,102351,104564,143545,
stress,cand,steady,s6,TokyoNight,fit,1000,85645,86334,87436,151030,
stress,cand,steady,s6,CatppuccinMocha,apply,1000,87708,88388,106123,164492,
stress,cand,steady,s6,CatppuccinMocha,fit,1000,75339,75865,76930,85681,
stress,cand,steady,s6,Nord,apply,1000,93740,94259,96140,112011,
stress,cand,steady,s6,Nord,fit,1000,78044,78744,79720,102493,
stress,cand,steady,s6,Porcelain,apply,1000,142966,143833,147263,242214,
stress,cand,steady,s6,Porcelain,fit,1000,125821,126864,128320,165536,
stress,cand,steady,s6,Sandstone,apply,1000,589098,592132,607490,775904,
stress,cand,steady,s6,Sandstone,fit,1000,569608,572632,593600,717682,
stress,cand,steady,s6,DeepSea,apply,1000,59541,59818,61548,81608,
stress,cand,steady,s6,DeepSea,fit,1000,45662,45875,48238,71083,
stress,cand,steady,s6,Ember,apply,1000,65966,66314,68061,89131,
stress,cand,steady,s6,Ember,fit,1000,51790,52025,54290,56215,
stress,cand,steady,s6,SolarizedDark,apply,1000,146585,147443,149513,178035,
stress,cand,steady,s6,SolarizedDark,fit,1000,131334,132249,137448,196928,
stress,cand,steady,s6,SolarizedLight,apply,1000,257884,259078,269652,435862,
stress,cand,steady,s6,SolarizedLight,fit,1000,240594,242286,261918,313575,
stress,cand,steady,s6,OneDark,apply,1000,111510,112546,114473,127175,
stress,cand,steady,s6,OneDark,fit,1000,96144,96774,102842,138327,
stress,cand,steady,s6,OneLight,apply,1000,557936,560767,562739,683938,
stress,cand,steady,s6,OneLight,fit,1000,538881,541447,558592,699391,
stress,cand,steady,s6,RosePine,apply,1000,109438,110268,112234,150048,
stress,cand,steady,s6,RosePine,fit,1000,93993,94622,98923,142107,
stress,cand,steady,s6,RosePineDawn,apply,1000,380473,382173,385507,501736,
stress,cand,steady,s6,RosePineDawn,fit,1000,362821,364895,378376,561504,
stress,cand,steady,s6,Dracula,apply,1000,133198,134267,140027,160157,
stress,cand,steady,s6,Dracula,fit,1000,117434,118236,123569,164744,
stress,cand,steady,s6,Alucard,apply,1000,347298,348598,351223,443609,
stress,cand,steady,s6,Alucard,fit,1000,330014,331695,345830,405714,
stress,cand,steady,s6,KanagawaWave,apply,1000,123167,123878,125763,183773,
stress,cand,steady,s6,KanagawaWave,fit,1000,107202,108058,113139,150567,
stress,cand,steady,s6,KanagawaLotus,apply,1000,180365,181294,183533,206010,
stress,cand,steady,s6,KanagawaLotus,fit,1000,163960,165148,172551,224844,
stress,cand,steady,s6,Omarchy tokyo-night,apply,1000,98908,99625,101578,185862,
stress,cand,steady,s6,Omarchy tokyo-night,fit,1000,84243,84759,89178,136306,
stress,cand,steady,s6,Omarchy catppuccin-latte,apply,1000,369135,370991,373826,461303,
stress,cand,steady,s6,Omarchy catppuccin-latte,fit,1000,351884,353983,367586,451401,
stress,cand,steady,s6,Stress dark,apply,1000,488783,490980,520826,619763,
stress,cand,steady,s6,Stress dark,fit,1000,469089,471125,498336,604311,
stress,cand,steady,s6,Stress light,apply,1000,504742,507014,508302,647213,
stress,cand,steady,s6,Stress light,fit,1000,484012,485843,511939,598734,
stress,base,steady,s7,Midnight,apply,1000,13741,13884,14396,55840,
stress,base,steady,s7,Daylight,apply,1000,14614,14735,14893,42307,
stress,base,steady,s7,Graphite,apply,1000,13746,13867,13996,30096,
stress,base,steady,s7,TokyoNight,apply,1000,13778,13908,14033,15919,
stress,base,steady,s7,CatppuccinMocha,apply,1000,13699,13853,13982,15913,
stress,base,steady,s7,Nord,apply,1000,13744,13897,14018,18621,
stress,base,steady,s7,Porcelain,apply,1000,14101,14228,15117,50739,
stress,base,steady,s7,Sandstone,apply,1000,14421,14556,14647,16633,
stress,base,steady,s7,DeepSea,apply,1000,13789,13924,14037,15758,
stress,base,steady,s7,Ember,apply,1000,13887,14051,14146,16530,
stress,base,steady,s7,SolarizedDark,apply,1000,16183,16336,16437,18373,
stress,base,steady,s7,SolarizedLight,apply,1000,15951,16132,16233,43471,
stress,base,steady,s7,OneDark,apply,1000,15172,15307,15426,17923,
stress,base,steady,s7,OneLight,apply,1000,15814,15941,16024,17784,
stress,base,steady,s7,RosePine,apply,1000,13823,13976,14083,31193,
stress,base,steady,s7,RosePineDawn,apply,1000,15604,15741,15845,30129,
stress,base,steady,s7,Dracula,apply,1000,14825,14997,15476,55325,
stress,base,steady,s7,Alucard,apply,1000,15418,15563,15673,43339,
stress,base,steady,s7,KanagawaWave,apply,1000,14329,14504,14594,16681,
stress,base,steady,s7,KanagawaLotus,apply,1000,16824,16995,17139,19052,
stress,base,steady,s7,Omarchy tokyo-night,apply,1000,14279,14397,14531,21256,
stress,base,steady,s7,Omarchy catppuccin-latte,apply,1000,16185,16323,16942,52055,
stress,base,steady,s7,Stress dark,apply,1000,13068,13181,13301,15261,
stress,base,steady,s7,Stress light,apply,1000,13376,13510,13603,19640,
