launch,build,phase,i,key,t_ms,dbus_ms,raw_ms,trace_ms,trace_rx_ms,first_ms,patch_ms,patch_alt_ms,last_ms,frames,damage_events,traces,cpu_ms,cpu_to_patch_ms,proc_cpu_ms,wait_ms,slices,cpu,mhz
0,cand,cold,0,Down,0.0,0.29,1.0,278.645,285.797,11.992,301.132,301.132,310.23,3,3,1,27.687,23.52,301.245,0.008,102,1,5300
0,cand,warmup,0,Up,723.306,0.357,0.961,16.989,20.461,25.94,25.94,25.94,25.94,1,1,1,21.452,20.328,23.09,0.053,103,1,5300
0,cand,warmup,1,Down,1423.703,0.393,0.933,16.891,20.22,25.672,25.672,25.672,25.672,1,1,1,21.585,20.433,22.59,0.042,101,1,5108
0,cand,warmup,2,Up,2123.512,0.387,0.715,15.829,18.773,23.79,23.79,23.79,23.79,1,1,1,20.289,19.168,21.058,0.062,103,1,5254
0,cand,warmup,3,Down,2823.036,0.433,1.023,16.856,20.444,25.193,25.193,25.193,25.193,1,1,1,21.168,20.065,22.277,0.07,102,1,5300
0,cand,warmup,4,Up,3523.277,0.45,0.895,16.542,19.908,25.034,25.034,25.034,25.034,1,1,1,21.111,19.914,22.218,0.041,103,1,5236
0,cand,warmup,5,Down,4223.714,0.315,1.013,17.357,20.908,26.44,26.44,26.44,26.44,1,1,1,22.021,20.849,23.05,0.067,103,1,5300
0,cand,recorded,0,Up,4946.545,0.348,0.744,16.724,19.793,25.289,25.289,25.289,25.289,1,1,1,21.082,20.037,21.953,0.025,102,1,5295
0,cand,recorded,1,Down,5646.097,0.402,1.0,17.056,20.57,25.687,25.687,25.687,25.687,1,1,1,21.563,20.368,22.596,0.014,100,1,5300
0,cand,recorded,2,Up,6346.536,0.427,0.92,17.069,20.457,25.818,25.818,25.818,25.818,1,1,1,21.616,20.437,22.663,0.057,102,7,5315
0,cand,recorded,3,Down,7046.404,0.415,0.746,17.042,19.827,24.817,24.817,24.817,24.817,1,1,1,21.664,20.432,22.669,0.02,103,7,5100
0,cand,recorded,4,Up,7746.547,0.411,0.682,17.312,20.39,25.385,25.385,25.385,25.385,1,1,1,22.078,20.82,22.869,0.003,103,7,5290
0,cand,recorded,5,Down,8446.0,0.333,1.017,16.956,20.822,26.3,26.3,26.3,26.3,1,1,1,21.438,20.259,22.477,0.012,101,6,5276
0,cand,recorded,6,Up,9146.427,0.404,0.692,17.345,20.189,25.679,25.679,25.679,25.679,1,1,1,21.995,20.82,22.985,0.002,102,6,5300
0,cand,recorded,7,Down,9846.524,0.47,1.116,17.024,20.81,26.407,26.407,26.407,26.407,1,1,1,21.446,20.217,22.593,0.0,101,6,5300
0,cand,recorded,8,Up,10546.004,0.426,0.976,17.033,20.596,25.953,25.953,25.953,25.953,1,1,1,21.439,20.24,22.193,0.0,101,6,5300
0,cand,recorded,9,Down,11246.479,0.412,0.881,7.26,10.611,7.941,26.405,7.941,30.492,3,3,1,26.026,22.05,27.116,0.351,104,6,5300
0,cand,recorded,10,Up,11945.868,0.393,1.141,16.795,20.059,25.398,25.398,25.398,25.398,1,1,1,21.35,20.15,22.563,0.011,101,6,5258
0,cand,recorded,11,Down,12646.191,0.433,0.907,16.801,19.942,25.144,25.144,25.144,25.144,1,1,1,21.43,20.159,22.361,0.005,103,6,5292
0,cand,recorded,12,Up,13346.129,0.429,0.882,16.923,20.115,25.212,25.212,25.212,25.212,1,1,1,21.526,20.261,22.429,0.014,101,6,5242
0,cand,recorded,13,Down,14045.965,0.407,0.723,16.645,19.894,25.476,25.476,25.476,25.476,1,1,1,21.402,20.164,22.477,0.004,103,6,5300
0,cand,recorded,14,Up,14746.545,0.406,0.829,16.772,20.205,25.803,25.803,25.803,25.803,1,1,1,21.404,20.154,22.295,0.01,101,6,5291
0,cand,recorded,15,Down,15446.544,0.397,1.058,16.629,20.188,25.317,25.317,25.317,25.317,1,1,1,21.169,19.927,22.569,0.002,102,6,5303
0,cand,recorded,16,Up,16146.465,0.358,1.052,17.241,20.984,26.514,26.514,26.514,26.514,1,1,1,22.163,20.901,23.209,0.02,103,7,5285
0,cand,recorded,17,Down,16846.451,0.41,0.848,16.744,19.886,24.931,24.931,24.931,24.931,1,1,1,21.532,20.359,22.774,0.051,100,7,5292
0,cand,recorded,18,Up,17546.562,0.403,0.99,16.844,20.162,25.334,25.334,25.334,25.334,1,1,1,21.586,20.332,22.488,0.006,101,7,5300
0,cand,recorded,19,Down,18246.411,0.394,0.861,17.153,20.418,25.847,25.847,25.847,25.847,1,1,1,21.655,20.406,23.113,0.031,102,7,5256
0,cand,recorded,20,Up,18945.969,2.161,3.011,17.4,22.77,28.36,28.36,28.36,28.36,1,1,1,22.559,20.919,23.513,0.019,103,7,5058
0,cand,recorded,21,Down,19646.159,0.426,0.775,16.711,19.804,25.233,25.233,25.233,25.233,1,1,1,21.311,20.097,22.508,0.018,103,6,5263
0,cand,recorded,22,Up,20346.037,0.472,1.13,17.05,20.558,26.137,26.137,26.137,26.137,1,1,1,21.729,20.476,22.594,0.003,102,6,5300
0,cand,recorded,23,Down,21046.517,0.469,1.137,16.757,20.256,25.702,25.702,25.702,25.702,1,1,1,21.419,20.168,22.394,0.008,102,6,5242
0,cand,recorded,24,Up,21745.959,0.452,1.182,18.833,21.99,27.437,27.437,27.437,27.437,1,1,1,24.167,22.709,25.271,0.012,100,7,5004
0,cand,recorded,25,Down,22445.971,0.399,1.025,17.326,20.326,25.452,25.452,25.452,25.452,1,1,1,22.193,20.922,23.267,0.015,102,7,5100
0,cand,recorded,26,Up,23146.48,0.401,0.959,17.355,20.695,25.804,25.804,25.804,25.804,1,1,1,22.398,20.889,23.466,0.009,102,7,5263
0,cand,recorded,27,Down,23846.107,0.545,1.032,17.166,20.266,25.952,25.952,25.952,25.952,1,1,1,22.039,20.707,23.531,0.005,102,7,5195
0,cand,recorded,28,Up,24546.404,0.456,1.072,16.992,20.439,25.978,25.978,25.978,25.978,1,1,1,21.606,20.341,22.707,0.015,100,7,5287
0,cand,recorded,29,Down,25245.893,0.443,1.021,16.847,20.172,25.412,25.412,25.412,25.412,1,1,1,21.524,20.352,22.587,0.025,102,7,5291
0,cand,recorded,30,Up,25945.858,0.396,1.146,16.856,20.161,25.541,25.541,25.541,25.541,1,1,1,21.868,20.439,22.756,0.009,103,7,5156
0,cand,recorded,31,Down,26646.328,0.379,1.0,17.105,21.026,26.088,26.088,26.088,26.088,1,1,1,21.789,20.489,22.56,0.049,101,7,5298
0,cand,recorded,32,Up,27345.88,0.332,0.999,16.92,20.357,25.712,25.712,25.712,25.712,1,1,1,21.516,20.281,22.983,0.005,101,5,5300
0,cand,recorded,33,Down,28046.465,0.408,0.679,16.827,19.432,24.822,24.822,24.822,24.822,1,1,1,21.541,20.273,22.372,0.047,101,6,5108
0,cand,recorded,34,Up,28746.107,0.554,0.932,16.73,19.958,25.241,25.241,25.241,25.241,1,1,1,21.438,20.234,22.59,0.003,102,6,5311
0,cand,recorded,35,Down,29446.536,0.416,1.07,17.103,20.757,25.845,25.845,25.845,25.845,1,1,1,21.905,20.701,22.736,0.007,102,6,5282
0,cand,recorded,36,Up,30146.546,0.417,1.098,17.256,20.678,27.418,27.418,27.418,27.418,1,1,1,21.828,20.633,22.806,0.057,101,6,5300
0,cand,recorded,37,Down,30846.184,0.473,1.127,16.467,19.68,24.805,24.805,24.805,24.805,1,1,1,21.244,20.108,22.03,0.098,103,1,5303
0,cand,recorded,38,Up,31546.543,0.437,1.105,16.39,19.674,24.997,24.997,24.997,24.997,1,1,1,21.287,20.0,22.313,0.01,101,1,5296
0,cand,recorded,39,Down,32246.527,0.349,1.005,17.148,20.27,25.221,25.221,25.221,25.221,1,1,1,21.874,20.671,22.683,0.005,101,4,5304
0,cand,idle,0,,32969.428,,,,,,,,,0,0,0,1.207,,2.364,0.013,97,,
0,cand,idle,1,,33670.44,,,,,,,,,0,0,0,1.202,,2.203,0.007,96,,
0,cand,idle,2,,34370.45,,,,,,,,,0,0,0,1.188,,1.871,0.003,97,,
0,cand,idle,3,,35070.167,,,,,,,,,0,0,0,1.254,,2.158,0.003,96,,
0,cand,idle,4,,35770.084,,,,,,,,,0,0,0,1.177,,1.935,0.047,97,,
1,base,cold,0,Down,0.0,0.471,1.196,282.659,289.745,12.013,305.32,305.32,316.529,3,3,1,27.691,23.589,302.181,0.012,103,2,5314
1,base,warmup,0,Up,723.237,0.385,1.099,16.753,20.155,25.843,25.843,25.843,25.843,1,1,1,21.718,20.195,23.322,0.013,102,1,5298
1,base,warmup,1,Down,1423.33,0.356,0.993,17.178,20.157,25.661,25.661,25.661,25.661,1,1,1,21.934,20.797,22.739,0.007,102,1,5101
1,base,warmup,2,Up,2123.296,0.488,1.135,15.585,18.87,23.863,23.863,23.863,23.863,1,1,1,20.167,18.931,20.972,0.016,102,1,5244
1,base,warmup,3,Down,2822.627,0.441,1.081,7.205,10.584,7.942,25.914,7.942,32.435,3,3,1,24.496,20.466,25.341,0.006,103,1,5300
1,base,warmup,4,Up,3522.777,0.461,1.152,16.645,19.966,25.429,25.429,25.429,25.429,1,1,1,21.448,20.199,22.233,0.011,101,1,5290
1,base,warmup,5,Down,4223.28,0.444,1.165,16.906,20.525,26.082,26.082,26.082,26.082,1,1,1,21.73,20.44,22.519,0.018,103,1,5296
1,base,recorded,0,Up,4946.73,0.361,1.024,16.698,20.056,25.421,25.421,25.421,25.421,1,1,1,21.441,20.127,22.372,0.007,103,1,5299
1,base,recorded,1,Down,5646.71,0.401,1.134,16.713,20.1,25.662,25.662,25.662,25.662,1,1,1,21.558,20.276,22.395,0.005,101,1,5301
1,base,recorded,2,Up,6346.583,0.44,1.057,16.754,20.028,25.581,25.581,25.581,25.581,1,1,1,21.56,20.321,22.491,0.012,104,1,5300
1,base,recorded,3,Down,7047.125,0.397,1.115,16.612,20.298,25.145,25.145,25.145,25.145,1,1,1,21.19,19.911,22.007,0.024,102,1,5296
1,base,recorded,4,Up,7747.152,0.463,1.17,16.557,19.953,25.096,25.096,25.096,25.096,1,1,1,21.175,19.997,22.055,0.013,103,1,5295
1,base,recorded,5,Down,8446.633,0.41,1.051,16.742,20.161,25.555,25.555,25.555,25.555,1,1,1,21.452,20.203,22.507,0.007,101,1,5299
1,base,recorded,6,Up,9147.127,0.443,1.119,16.8,20.471,25.988,25.988,25.988,25.988,1,1,1,21.18,19.985,22.278,0.041,101,1,5290
1,base,recorded,7,Down,9847.144,0.45,1.17,17.043,20.559,26.093,26.093,26.093,26.093,1,1,1,21.66,20.487,22.679,0.01,101,5,5300
1,base,recorded,8,Up,10546.479,0.433,1.068,16.773,19.919,25.499,25.499,25.499,25.499,1,1,1,21.285,20.053,22.045,0.017,100,5,5306
1,base,recorded,9,Down,11246.947,0.503,1.125,17.193,20.468,25.928,25.928,25.928,25.928,1,1,1,21.753,20.498,22.517,0.013,101,5,5297
1,base,recorded,10,Up,11947.173,0.575,1.372,16.551,20.138,25.243,25.243,25.243,25.243,1,1,1,21.265,20.018,22.132,0.0,100,6,5293
1,base,recorded,11,Down,12646.89,0.543,1.073,16.79,19.898,25.113,25.113,25.113,25.113,1,1,1,21.593,20.356,22.318,0.004,102,6,5299
1,base,recorded,12,Up,13346.809,0.598,1.239,6.973,10.44,7.775,26.697,7.775,38.264,3,3,1,25.805,20.961,27.298,0.008,104,6,5300
1,base,recorded,13,Down,14046.795,0.584,1.172,16.58,19.885,25.423,25.423,25.423,25.423,1,1,1,21.335,20.093,22.166,0.006,101,6,5301
1,base,recorded,14,Up,14747.149,0.523,1.047,16.825,19.826,25.393,25.393,25.393,25.393,1,1,1,21.661,20.289,22.421,0.007,104,6,5300
1,base,recorded,15,Down,15447.2,0.468,1.039,16.816,20.395,26.009,26.009,26.009,26.009,1,1,1,21.586,20.229,22.507,0.0,100,6,5317
1,base,recorded,16,Up,16147.136,0.739,1.397,16.94,20.551,25.915,25.915,25.915,25.915,1,1,1,21.708,20.472,22.537,0.049,102,6,5300
1,base,recorded,17,Down,16846.769,0.661,1.385,17.079,20.708,25.743,25.743,25.743,25.743,1,1,1,21.926,20.627,23.583,0.011,102,1,5297
1,base,recorded,18,Up,17546.892,0.583,1.209,16.822,20.925,26.252,26.252,26.252,26.252,1,1,1,21.505,20.276,22.438,0.021,102,1,5258
1,base,recorded,19,Down,18247.151,0.585,1.286,16.902,20.777,26.348,26.348,26.348,26.348,1,1,1,21.715,20.457,22.563,0.114,103,1,5300
1,base,recorded,20,Up,18946.478,0.458,1.116,16.598,20.142,25.875,25.875,25.875,25.875,1,1,1,21.114,19.936,21.869,0.046,102,5,5255
1,base,recorded,21,Down,19647.143,0.461,1.108,16.829,20.597,26.067,26.067,26.067,26.067,1,1,1,21.696,20.437,22.608,0.01,103,1,5233
1,base,recorded,22,Up,20346.938,0.467,1.129,16.941,20.475,25.489,25.489,25.489,25.489,1,1,1,21.514,20.367,22.287,0.043,101,1,5118
1,base,recorded,23,Down,21047.144,0.457,1.17,16.913,20.447,25.788,25.788,25.788,25.788,1,1,1,21.586,20.391,22.417,0.009,102,1,5209
1,base,recorded,24,Up,21746.479,0.444,1.085,17.115,20.637,25.465,25.465,25.465,25.465,1,1,1,21.707,20.475,22.444,0.054,102,1,5300
1,base,recorded,25,Down,22447.072,0.437,1.035,17.493,20.621,25.999,25.999,25.999,25.999,1,1,1,22.071,20.88,22.836,0.074,101,7,5100
1,base,recorded,26,Up,23146.486,0.452,1.144,17.187,20.99,26.617,26.617,26.617,26.617,1,1,1,21.792,20.578,23.204,0.014,103,7,5300
1,base,recorded,27,Down,23846.945,0.335,1.004,17.127,20.729,26.132,26.132,26.132,26.132,1,1,1,21.611,20.477,22.598,0.01,100,5,5293
1,base,recorded,28,Up,24547.134,0.457,1.11,16.734,20.234,25.385,25.385,25.385,25.385,1,1,1,21.446,20.224,22.188,0.056,101,5,5300
1,base,recorded,29,Down,25246.491,0.466,1.131,17.442,21.02,26.134,26.134,26.134,26.134,1,1,1,21.784,20.554,22.544,0.007,101,7,5295
1,base,recorded,30,Up,25946.497,0.439,1.045,17.461,20.537,26.139,26.139,26.139,26.139,1,1,1,22.192,21.042,22.997,0.013,101,7,4998
1,base,recorded,31,Down,26647.196,0.313,0.867,7.828,10.738,7.156,26.921,26.921,36.916,3,3,1,25.038,20.34,25.809,0.008,104,7,5300
1,base,recorded,32,Up,27346.602,0.487,1.106,17.006,20.537,25.588,25.588,25.588,25.588,1,1,1,21.617,20.23,22.725,0.002,101,7,5269
1,base,recorded,33,Down,28047.112,0.455,1.119,16.638,20.437,25.933,25.933,25.933,25.933,1,1,1,21.563,20.103,22.414,0.007,102,7,5300
1,base,recorded,34,Up,28747.154,0.449,1.105,17.124,20.97,26.049,26.049,26.049,26.049,1,1,1,21.735,20.381,22.843,0.055,101,7,5297
1,base,recorded,35,Down,29447.134,0.481,1.161,17.233,20.886,26.071,26.071,26.071,26.071,1,1,1,21.666,20.576,22.312,0.013,103,5,5296
1,base,recorded,36,Up,30147.177,0.495,1.107,16.851,20.438,26.036,26.036,26.036,26.036,1,1,1,21.642,20.398,22.649,0.021,102,5,5289
1,base,recorded,37,Down,30847.139,0.457,1.134,17.104,20.949,26.397,26.397,26.397,26.397,1,1,1,22.167,21.028,23.091,0.003,101,5,5310
1,base,recorded,38,Up,31546.81,0.517,1.028,16.783,20.261,25.442,25.442,25.442,25.442,1,1,1,21.591,20.294,22.505,0.002,104,5,5300
1,base,recorded,39,Down,32246.629,0.512,1.169,16.803,20.369,25.481,25.481,25.481,25.481,1,1,1,21.359,20.209,22.393,0.062,99,4,5297
1,base,idle,0,,32970.697,,,,,,,,,0,0,0,1.337,,2.297,0.01,97,,
1,base,idle,1,,33671.589,,,,,,,,,0,0,0,1.226,,2.587,0.021,97,,
1,base,idle,2,,34371.164,,,,,,,,,0,0,0,1.25,,2.332,0.0,96,,
1,base,idle,3,,35071.363,,,,,,,,,0,0,0,1.282,,2.466,0.005,97,,
1,base,idle,4,,35770.387,,,,,,,,,0,0,0,1.176,,1.876,0.006,97,,
2,base,cold,0,Down,0.0,0.415,1.139,281.466,288.998,12.339,304.325,304.325,307.713,3,3,1,27.408,24.874,301.167,0.005,104,6,5285
2,base,warmup,0,Up,722.972,0.523,1.119,16.972,20.199,25.241,25.241,25.241,25.241,1,1,1,21.575,20.292,23.007,0.006,103,6,5305
2,base,warmup,1,Down,1422.986,0.482,0.898,18.426,21.638,27.116,27.116,27.116,27.116,1,1,1,22.885,21.598,23.839,0.005,101,6,5300
2,base,warmup,2,Up,2122.334,0.515,1.068,15.757,19.436,24.923,24.923,24.923,24.923,1,1,1,20.711,19.335,21.549,0.023,102,6,5328
2,base,warmup,3,Down,2822.97,0.529,1.248,16.783,20.747,26.126,26.126,26.126,26.126,1,1,1,21.254,20.044,22.127,0.0,102,6,5300
2,base,warmup,4,Up,3523.392,0.533,1.166,16.491,20.146,25.313,25.313,25.313,25.313,1,1,1,21.194,19.978,22.129,0.0,101,6,5184
2,base,warmup,5,Down,4222.998,0.497,0.971,17.519,20.813,26.266,26.266,26.266,26.266,1,1,1,22.199,20.913,23.445,0.011,103,6,5288
2,base,recorded,0,Up,4945.685,0.4,0.788,16.568,19.076,24.658,24.658,24.658,24.658,1,1,1,21.317,20.154,22.226,0.043,102,4,5298
2,base,recorded,1,Down,5645.644,0.616,1.068,16.866,20.414,25.651,25.651,25.651,25.651,1,1,1,21.46,20.39,22.407,0.151,101,4,5247
2,base,recorded,2,Up,6346.251,0.542,0.903,17.092,20.316,25.993,25.993,25.993,25.993,1,1,1,21.844,20.632,22.703,0.008,103,1,5300
2,base,recorded,3,Down,7046.262,0.598,1.049,16.887,20.042,26.172,26.172,26.172,26.172,1,1,1,21.318,20.278,22.19,0.229,102,1,5053
2,base,recorded,4,Up,7745.661,0.528,0.962,17.347,20.36,25.43,25.43,25.43,25.43,1,1,1,22.165,20.92,23.4,0.003,103,1,5100
2,base,recorded,5,Down,8446.267,0.583,1.074,16.991,19.916,25.535,25.535,25.535,25.535,1,1,1,21.966,20.566,23.307,0.011,104,1,5101
2,base,recorded,6,Up,9146.013,0.518,1.117,17.087,20.12,25.152,25.152,25.152,25.152,1,1,1,21.698,20.461,22.77,0.018,102,1,5109
2,base,recorded,7,Down,9846.255,0.633,1.079,17.323,20.617,25.996,25.996,25.996,25.996,1,1,1,21.935,20.614,22.819,0.005,104,1,5300
2,base,recorded,8,Up,10546.008,0.56,1.118,16.553,19.634,25.211,25.211,25.211,25.211,1,1,1,21.394,20.144,22.417,0.019,101,1,5104
2,base,recorded,9,Down,11246.057,0.52,0.997,16.796,19.904,24.692,24.692,24.692,24.692,1,1,1,21.408,20.11,22.435,0.003,102,1,5309
2,base,recorded,10,Up,11945.681,0.571,1.087,16.785,19.991,25.671,25.671,25.671,25.671,1,1,1,21.499,20.248,22.457,0.003,102,1,5213
2,base,recorded,11,Down,12646.081,0.579,1.058,16.621,19.619,24.769,24.769,24.769,24.769,1,1,1,21.324,20.128,22.477,0.01,103,1,5304
2,base,recorded,12,Up,13346.154,0.549,1.134,16.873,19.806,25.087,25.087,25.087,25.087,1,1,1,21.711,20.477,22.532,0.007,103,1,5300
2,base,recorded,13,Down,14046.073,0.548,1.051,16.91,19.904,24.873,24.873,24.873,24.873,1,1,1,21.743,20.495,22.403,0.007,102,1,5250
2,base,recorded,14,Up,14746.249,0.529,1.007,16.613,19.565,24.766,24.766,24.766,24.766,1,1,1,20.99,19.916,21.788,0.162,104,1,5300
2,base,recorded,15,Down,15446.261,0.561,1.085,17.078,20.472,25.423,25.423,25.423,25.423,1,1,1,21.747,20.563,22.607,0.035,102,4,5204
2,base,recorded,16,Up,16146.321,0.54,1.237,16.711,20.296,25.826,25.826,25.826,25.826,1,1,1,21.416,20.213,22.711,0.0,102,4,5215
2,base,recorded,17,Down,16846.119,0.423,1.074,17.26,20.921,26.024,26.024,26.024,26.024,1,1,1,21.853,20.721,22.984,0.155,101,1,5100
2,base,recorded,18,Up,17545.97,0.567,1.166,16.839,20.176,25.222,25.222,25.222,25.222,1,1,1,21.31,20.079,22.063,0.038,103,4,5295
2,base,recorded,19,Down,18245.798,0.454,1.101,17.236,20.799,26.323,26.323,26.323,26.323,1,1,1,21.979,20.793,22.738,0.024,103,1,5225
2,base,recorded,20,Up,18945.934,0.608,1.184,17.088,20.442,25.363,25.363,25.363,25.363,1,1,1,21.865,20.657,22.689,0.01,102,4,5223
2,base,recorded,21,Down,19645.979,0.56,1.176,16.843,20.14,25.241,25.241,25.241,25.241,1,1,1,21.578,20.429,22.509,0.009,103,4,5288
2,base,recorded,22,Up,20346.259,0.541,1.021,16.947,20.192,25.239,25.239,25.239,25.239,1,1,1,21.701,20.389,23.187,0.025,102,4,5065
2,base,recorded,23,Down,21045.689,0.504,1.119,17.273,20.727,25.554,25.554,25.554,25.554,1,1,1,21.914,20.597,22.757,0.01,101,4,5097
2,base,recorded,24,Up,21746.318,0.593,1.198,7.747,11.274,7.857,27.397,7.857,37.92,3,3,1,25.145,20.667,25.995,0.054,103,4,5300
2,base,recorded,25,Down,22445.707,0.492,1.16,17.045,20.283,25.558,25.558,25.558,25.558,1,1,1,21.498,20.316,22.2,0.027,103,4,5309
2,base,recorded,26,Up,23146.279,0.564,1.061,16.964,20.245,25.514,25.514,25.514,25.514,1,1,1,21.606,20.425,22.593,0.008,103,1,5299
2,base,recorded,27,Down,23845.666,0.605,1.154,16.72,20.28,25.467,25.467,25.467,25.467,1,1,1,21.498,20.21,22.983,0.023,103,4,5078
2,base,recorded,28,Up,24546.166,0.504,1.141,17.005,20.103,25.631,25.631,25.631,25.631,1,1,1,21.83,20.586,22.968,0.015,102,1,5100
2,base,recorded,29,Down,25246.266,0.438,1.105,16.728,20.427,25.909,25.909,25.909,25.909,1,1,1,21.52,20.329,22.668,0.021,101,1,5185
2,base,recorded,30,Up,25946.141,0.427,0.837,16.422,19.311,24.24,24.24,24.24,24.24,1,1,1,21.025,19.881,22.199,0.004,103,4,5247
2,base,recorded,31,Down,26646.264,0.551,1.239,16.835,20.2,25.502,25.502,25.502,25.502,1,1,1,21.208,19.995,22.063,0.005,104,4,5299
2,base,recorded,32,Up,27345.97,0.548,1.116,16.745,20.361,25.26,25.26,25.26,25.26,1,1,1,21.33,20.13,22.496,0.011,102,4,5303
2,base,recorded,33,Down,28045.948,0.526,1.175,17.009,20.263,25.839,25.839,25.839,25.839,1,1,1,21.766,20.564,22.892,0.0,103,4,5300
2,base,recorded,34,Up,28746.269,0.581,1.094,17.018,20.22,25.158,25.158,25.158,25.158,1,1,1,21.662,20.416,22.562,0.032,104,4,5221
2,base,recorded,35,Down,29445.837,0.55,1.176,17.076,20.441,25.953,25.953,25.953,25.953,1,1,1,21.693,20.478,22.66,0.019,103,4,5300
2,base,recorded,36,Up,30146.013,0.597,1.272,17.055,20.966,26.195,26.195,26.195,26.195,1,1,1,21.504,20.361,22.312,0.007,102,1,5303
2,base,recorded,37,Down,30846.241,0.545,1.357,16.64,20.071,25.043,25.043,25.043,25.043,1,1,1,21.48,20.225,22.393,0.016,104,4,5300
2,base,recorded,38,Up,31546.262,0.559,1.054,16.725,20.118,24.944,24.944,24.944,24.944,1,1,1,21.368,20.071,22.238,0.023,103,4,5300
2,base,recorded,39,Down,32245.734,0.481,1.302,18.208,21.716,27.0,27.0,27.0,27.0,1,1,1,23.176,21.967,24.197,0.018,100,4,5090
2,base,idle,0,,32970.477,,,,,,,,,0,0,0,1.623,,2.485,0.003,96,,
2,base,idle,1,,33670.997,,,,,,,,,0,0,0,1.25,,2.167,0.004,97,,
2,base,idle,2,,34370.586,,,,,,,,,0,0,0,1.227,,1.852,0.002,96,,
2,base,idle,3,,35071.067,,,,,,,,,0,0,0,1.26,,2.0,0.003,97,,
2,base,idle,4,,35771.174,,,,,,,,,0,0,0,1.334,,2.187,0.008,97,,
3,cand,cold,0,Down,0.0,0.464,1.156,280.325,287.841,12.354,303.499,303.499,307.451,3,3,1,28.09,24.923,302.018,0.007,104,1,5300
3,cand,warmup,0,Up,723.54,0.383,1.066,17.046,20.077,25.527,25.527,25.527,25.527,1,1,1,22.218,20.506,23.678,0.006,101,1,5306
3,cand,warmup,1,Down,1423.536,0.489,1.228,16.93,20.223,24.929,24.929,24.929,24.929,1,1,1,21.697,20.206,22.712,0.006,103,1,5301
3,cand,warmup,2,Up,2123.166,0.502,1.157,15.638,18.724,23.895,23.895,23.895,23.895,1,1,1,20.538,19.148,21.273,0.002,100,1,5300
3,cand,warmup,3,Down,2823.53,0.436,1.2,16.757,20.003,25.52,25.52,25.52,25.52,1,1,1,21.234,19.958,21.933,0.033,102,1,5298
3,cand,warmup,4,Up,3523.439,0.454,1.098,16.455,19.764,24.602,24.602,24.602,24.602,1,1,1,21.261,19.897,22.182,0.01,101,1,5258
3,cand,warmup,5,Down,4223.516,0.478,1.005,17.047,20.262,25.532,25.532,25.532,25.532,1,1,1,21.91,20.615,22.752,0.014,104,1,5299
3,cand,recorded,0,Up,4946.74,0.325,0.934,16.631,19.793,25.179,25.179,25.179,25.179,1,1,1,21.101,19.878,22.176,0.004,103,1,5300
3,cand,recorded,1,Down,5646.164,0.481,1.159,17.021,19.908,24.896,24.896,24.896,24.896,1,1,1,22.003,20.438,23.183,0.008,102,2,5292
3,cand,recorded,2,Up,6346.181,0.435,1.198,16.625,20.236,24.929,24.929,24.929,24.929,1,1,1,21.133,19.777,22.194,0.009,102,2,5297
3,cand,recorded,3,Down,7046.773,0.482,0.913,17.213,20.385,25.329,25.329,25.329,25.329,1,1,1,21.687,20.4,22.706,0.022,102,2,5300
3,cand,recorded,4,Up,7746.323,0.462,0.933,16.785,19.855,25.327,25.327,25.327,25.327,1,1,1,21.549,20.187,23.003,0.002,103,2,5305
3,cand,recorded,5,Down,8446.775,0.396,1.147,16.742,19.9,25.069,25.069,25.069,25.069,1,1,1,21.641,20.1,22.642,0.025,103,1,5303
3,cand,recorded,6,Up,9146.614,0.446,1.152,16.734,20.112,25.091,25.091,25.091,25.091,1,1,1,21.334,19.93,22.5,0.002,101,2,5160
3,cand,recorded,7,Down,9846.781,0.524,0.963,16.64,19.679,25.27,25.27,25.27,25.27,1,1,1,21.243,19.971,22.504,0.014,104,2,5300
3,cand,recorded,8,Up,10546.273,0.577,0.968,16.66,19.473,24.8,24.8,24.8,24.8,1,1,1,21.164,19.931,22.317,0.026,102,2,5255
3,cand,recorded,9,Down,11246.146,0.463,1.417,17.351,21.329,26.822,26.822,26.822,26.822,1,1,1,21.959,20.82,23.067,0.058,102,2,5302
3,cand,recorded,10,Up,11946.756,0.41,1.058,16.734,19.952,25.458,25.458,25.458,25.458,1,1,1,21.368,20.098,22.534,0.05,105,2,5110
3,cand,recorded,11,Down,12646.255,0.42,1.013,17.043,20.27,25.744,25.744,25.744,25.744,1,1,1,21.735,20.532,22.992,0.007,101,2,5110
3,cand,recorded,12,Up,13346.419,0.467,1.144,17.037,20.463,25.655,25.655,25.655,25.655,1,1,1,21.592,20.4,22.897,0.003,103,2,5300
3,cand,recorded,13,Down,14046.264,0.431,0.934,17.02,20.415,25.713,25.713,25.713,25.713,1,1,1,21.635,20.474,22.558,0.003,101,2,5309
3,cand,recorded,14,Up,14746.318,0.452,1.153,17.058,20.4,25.752,25.752,25.752,25.752,1,1,1,21.386,20.225,22.307,0.0,101,2,5291
3,cand,recorded,15,Down,15446.783,0.498,1.164,7.294,11.057,8.206,26.714,8.206,30.719,3,3,1,24.96,21.416,26.062,0.023,104,2,5300
3,cand,recorded,16,Up,16146.821,0.457,1.151,16.503,19.914,25.268,25.268,25.268,25.268,1,1,1,21.092,19.892,22.25,0.005,101,2,5276
3,cand,recorded,17,Down,16846.251,0.438,1.195,17.246,20.81,25.678,25.678,25.678,25.678,1,1,1,21.698,20.496,22.804,0.006,103,2,5300
3,cand,recorded,18,Up,17546.72,0.34,1.028,16.736,20.064,25.033,25.033,25.033,25.033,1,1,1,21.126,19.972,22.275,0.007,100,2,5295
3,cand,recorded,19,Down,18246.407,0.43,0.991,17.138,20.578,26.039,26.039,26.039,26.039,1,1,1,21.632,20.462,22.977,0.003,102,2,5294
3,cand,recorded,20,Up,18946.772,0.495,1.123,16.739,19.985,25.401,25.401,25.401,25.401,1,1,1,21.124,19.943,22.417,0.008,102,2,5094
3,cand,recorded,21,Down,19646.834,0.462,1.084,17.145,20.606,26.124,26.124,26.124,26.124,1,1,1,21.646,20.529,22.883,0.0,102,2,5308
3,cand,recorded,22,Up,20346.505,0.436,1.038,17.16,20.2,25.493,25.493,25.493,25.493,1,1,1,21.611,20.453,22.769,0.004,101,2,5111
3,cand,recorded,23,Down,21046.33,0.466,1.205,17.132,20.665,25.807,25.807,25.807,25.807,1,1,1,21.552,20.42,22.818,0.021,103,2,5294
3,cand,recorded,24,Up,21746.794,0.538,1.062,16.735,19.83,25.344,25.344,25.344,25.344,1,1,1,21.356,20.206,22.626,0.0,104,2,5250
3,cand,recorded,25,Down,22446.786,0.603,1.258,16.804,19.893,25.297,25.297,25.297,25.297,1,1,1,21.438,20.228,22.319,0.0,102,2,5308
3,cand,recorded,26,Up,23146.781,0.648,1.172,16.913,20.025,25.471,25.471,25.471,25.471,1,1,1,21.384,20.192,22.647,0.014,103,2,5300
3,cand,recorded,27,Down,23846.77,0.555,1.321,16.879,20.132,25.397,25.397,25.397,25.397,1,1,1,21.367,20.215,22.614,0.01,102,2,5241
3,cand,recorded,28,Up,24546.324,0.544,1.249,16.885,20.363,25.784,25.784,25.784,25.784,1,1,1,21.485,20.341,22.381,0.003,103,2,5206
3,cand,recorded,29,Down,25246.476,0.56,1.251,17.355,20.987,26.643,26.643,26.643,26.643,1,1,1,21.838,20.581,23.292,0.017,103,2,5300
3,cand,recorded,30,Up,25946.566,0.522,1.311,16.929,20.304,25.242,25.242,25.242,25.242,1,1,1,21.388,20.207,22.632,0.005,102,2,5228
3,cand,recorded,31,Down,26646.509,0.54,1.208,17.035,20.2,25.664,25.664,25.664,25.664,1,1,1,21.518,20.199,22.747,0.019,104,2,5300
3,cand,recorded,32,Up,27346.276,0.538,1.05,17.588,20.834,25.77,25.77,25.77,25.77,1,1,1,22.176,20.963,23.191,0.006,102,2,5295
3,cand,recorded,33,Down,28046.519,0.507,1.113,16.813,20.221,25.545,25.545,25.545,25.545,1,1,1,21.202,20.035,22.096,0.045,102,2,5300
3,cand,recorded,34,Up,28746.139,0.535,1.125,17.202,20.588,26.037,26.037,26.037,26.037,1,1,1,21.722,20.483,22.81,0.003,102,2,5228
3,cand,recorded,35,Down,29446.35,0.512,1.146,17.217,20.473,25.731,25.731,25.731,25.731,1,1,1,21.881,20.646,23.159,0.062,103,2,5304
3,cand,recorded,36,Up,30146.775,0.62,1.214,17.175,20.619,25.77,25.77,25.77,25.77,1,1,1,21.932,20.579,22.809,0.01,104,2,5277
3,cand,recorded,37,Down,30846.316,0.608,1.285,18.204,21.096,26.658,26.658,26.658,26.658,1,1,1,23.123,21.873,23.993,0.009,102,2,5000
3,cand,recorded,38,Up,31546.528,0.481,1.195,16.895,20.467,25.551,25.551,25.551,25.551,1,1,1,21.257,20.122,22.417,0.106,103,2,5298
3,cand,recorded,39,Down,32246.18,25.678,26.377,17.598,45.89,51.763,51.763,51.763,51.763,1,1,1,22.436,21.374,23.512,0.142,102,2,5088
3,cand,idle,0,,32971.17,,,,,,,,,0,0,0,1.198,,1.983,0.216,96,,
3,cand,idle,1,,33671.319,,,,,,,,,0,0,0,1.098,,1.86,0.227,97,,
3,cand,idle,2,,34371.504,,,,,,,,,0,0,0,1.127,,1.956,0.2,97,,
3,cand,idle,3,,35071.827,,,,,,,,,0,0,0,1.157,,2.054,0.206,96,,
3,cand,idle,4,,35771.848,,,,,,,,,0,0,0,1.198,,2.464,0.058,97,,
4,cand,cold,0,Down,0.0,0.423,1.233,278.737,285.718,11.917,301.737,301.737,310.691,3,3,1,27.852,23.656,301.198,0.0,103,2,5274
4,cand,warmup,0,Up,723.131,0.415,1.057,17.077,20.066,25.255,25.255,25.255,25.255,1,1,1,21.707,20.507,23.085,0.007,104,1,5284
4,cand,warmup,1,Down,1423.64,0.461,1.004,17.185,20.288,25.126,25.126,25.126,25.126,1,1,1,21.669,20.445,22.442,0.023,104,2,5310
4,cand,warmup,2,Up,2123.837,0.459,1.08,16.093,19.57,25.057,25.057,25.057,25.057,1,1,1,21.326,19.353,22.168,0.0,103,7,5301
4,cand,warmup,3,Down,2823.168,0.467,1.018,16.824,19.949,25.47,25.47,25.47,25.47,1,1,1,22.211,20.247,23.094,0.011,101,7,5307
4,cand,warmup,4,Up,3523.838,0.456,1.008,16.262,19.108,23.94,23.94,23.94,23.94,1,1,1,20.801,19.529,21.849,0.0,103,2,5229
4,cand,warmup,5,Down,4223.836,0.454,1.019,17.424,20.28,25.283,25.283,25.283,25.283,1,1,1,22.136,20.93,23.69,0.01,104,2,5257
4,cand,recorded,0,Up,4946.496,0.381,1.038,16.933,20.224,25.322,25.322,25.322,25.322,1,1,1,21.873,20.251,23.068,0.033,102,2,5310
4,cand,recorded,1,Down,5646.553,0.685,1.397,17.197,20.898,26.145,26.145,26.145,26.145,1,1,1,22.355,20.742,23.294,0.002,103,2,5100
4,cand,recorded,2,Up,6345.949,0.498,0.975,16.874,19.962,24.908,24.908,24.908,24.908,1,1,1,21.907,20.062,22.651,0.0,103,2,5242
4,cand,recorded,3,Down,7046.566,0.517,1.094,16.6,19.669,25.303,25.303,25.303,25.303,1,1,1,21.648,20.199,22.705,0.021,103,2,5219
4,cand,recorded,4,Up,7746.544,0.631,1.101,16.768,19.975,24.749,24.749,24.749,24.749,1,1,1,21.999,20.15,23.162,0.008,103,2,5303
4,cand,recorded,5,Down,8446.42,0.528,1.113,16.495,19.657,25.494,25.494,25.494,25.494,1,1,1,21.233,19.823,22.458,0.018,101,2,5321
4,cand,recorded,6,Up,9146.562,0.491,0.973,16.556,19.444,25.192,25.192,25.192,25.192,1,1,1,21.263,19.936,23.132,0.018,103,2,5300
4,cand,recorded,7,Down,9846.248,0.506,1.211,16.724,20.247,25.497,25.497,25.497,25.497,1,1,1,21.401,19.994,22.868,0.005,101,2,5317
4,cand,recorded,8,Up,10546.19,0.494,1.094,16.596,19.953,24.877,24.877,24.877,24.877,1,1,1,21.31,19.919,22.894,0.0,103,2,5247
4,cand,recorded,9,Down,11245.996,0.489,1.135,16.859,20.18,25.01,25.01,25.01,25.01,1,1,1,21.519,20.118,22.709,0.013,102,2,5252
4,cand,recorded,10,Up,11945.975,0.48,1.098,17.376,20.188,25.732,25.732,25.732,25.732,1,1,1,22.22,20.805,23.457,0.004,103,7,5100
4,cand,recorded,11,Down,12646.541,0.461,0.896,17.006,20.125,25.45,25.45,25.45,25.45,1,1,1,21.935,20.622,23.274,0.014,104,7,5300
4,cand,recorded,12,Up,13346.552,0.476,1.097,16.766,19.787,25.296,25.296,25.296,25.296,1,1,1,21.204,19.994,22.398,0.014,102,7,5102
4,cand,recorded,13,Down,14045.966,0.492,1.072,16.833,20.096,25.359,25.359,25.359,25.359,1,1,1,21.4,20.175,22.492,0.0,103,7,5300
4,cand,recorded,14,Up,14746.06,0.405,0.791,16.971,19.782,25.043,25.043,25.043,25.043,1,1,1,21.839,20.511,22.72,0.003,102,2,5095
4,cand,recorded,15,Down,15446.551,0.538,1.19,16.756,20.493,25.809,25.809,25.809,25.809,1,1,1,21.335,20.2,22.127,0.0,102,2,5301
4,cand,recorded,16,Up,16146.554,0.526,1.157,16.572,19.814,24.72,24.72,24.72,24.72,1,1,1,21.016,20.014,21.863,0.025,103,2,5294
4,cand,recorded,17,Down,16846.878,0.498,1.069,16.882,20.112,25.374,25.374,25.374,25.374,1,1,1,21.428,20.308,22.297,0.003,102,2,5304
4,cand,recorded,18,Up,17546.55,0.48,1.142,16.705,19.781,25.266,25.266,25.266,25.266,1,1,1,21.119,19.96,21.892,0.008,105,2,5300
4,cand,recorded,19,Down,18246.506,0.464,0.979,16.758,19.791,24.992,24.992,24.992,24.992,1,1,1,21.228,20.05,22.177,0.014,103,2,5222
4,cand,recorded,20,Up,18945.953,0.459,1.032,16.718,19.613,24.409,24.409,24.409,24.409,1,1,1,21.216,20.081,21.975,0.014,103,2,5301
4,cand,recorded,21,Down,19646.532,0.497,1.087,16.682,19.543,24.839,24.839,24.839,24.839,1,1,1,21.789,20.538,22.585,0.0,102,3,5284
4,cand,recorded,22,Up,20345.968,0.48,0.965,16.797,19.622,24.924,24.924,24.924,24.924,1,1,1,21.505,20.295,22.592,0.003,103,3,5299
4,cand,recorded,23,Down,21046.569,0.488,1.167,16.956,19.973,25.093,25.093,25.093,25.093,1,1,1,21.494,20.304,22.337,0.009,104,3,5101
4,cand,recorded,24,Up,21745.887,0.568,1.158,16.494,19.369,24.684,24.684,24.684,24.684,1,1,1,21.415,20.154,22.384,0.0,102,3,5220
4,cand,recorded,25,Down,22445.956,0.454,1.073,16.918,19.946,25.443,25.443,25.443,25.443,1,1,1,21.587,20.356,22.653,0.008,104,3,5300
4,cand,recorded,26,Up,23146.465,0.556,1.22,16.589,19.632,24.485,24.485,24.485,24.485,1,1,1,21.161,19.944,22.197,0.029,102,3,5251
4,cand,recorded,27,Down,23845.943,0.544,1.152,16.957,20.293,25.67,25.67,25.67,25.67,1,1,1,21.81,20.503,23.044,0.022,102,2,5100
4,cand,recorded,28,Up,24546.545,0.471,1.171,16.718,19.665,24.897,24.897,24.897,24.897,1,1,1,21.411,20.248,22.584,0.014,102,2,5237
4,cand,recorded,29,Down,25246.554,0.482,1.091,16.777,19.984,25.187,25.187,25.187,25.187,1,1,1,21.833,20.339,23.161,0.006,101,2,5087
4,cand,recorded,30,Up,25945.94,0.507,1.19,16.93,20.521,25.475,25.475,25.475,25.475,1,1,1,21.524,20.294,22.749,0.009,103,2,5310
4,cand,recorded,31,Down,26645.911,0.455,0.984,16.763,19.711,24.766,24.766,24.766,24.766,1,1,1,21.626,20.375,22.538,0.006,101,2,5099
4,cand,recorded,32,Up,27346.546,0.534,0.982,16.546,19.658,24.802,24.802,24.802,24.802,1,1,1,21.185,19.922,22.818,0.003,102,2,5300
4,cand,recorded,33,Down,28045.973,0.58,1.222,16.889,20.102,25.72,25.72,25.72,25.72,1,1,1,21.532,20.356,23.028,0.015,102,2,5230
4,cand,recorded,34,Up,28746.081,0.529,1.161,17.042,20.419,25.619,25.619,25.619,25.619,1,1,1,21.892,20.577,23.366,0.017,103,2,5104
4,cand,recorded,35,Down,29446.023,0.487,1.112,16.609,19.375,24.783,24.783,24.783,24.783,1,1,1,21.333,20.05,22.667,0.042,104,2,5247
4,cand,recorded,36,Up,30146.184,0.51,1.267,16.796,19.782,24.709,24.709,24.709,24.709,1,1,1,21.457,20.219,22.243,0.006,102,2,5095
4,cand,recorded,37,Down,30846.546,0.516,1.103,16.442,19.616,24.604,24.604,24.604,24.604,1,1,1,21.02,19.805,22.365,0.002,104,2,5300
4,cand,recorded,38,Up,31546.585,0.49,1.198,16.668,19.713,25.11,25.11,25.11,25.11,1,1,1,21.322,20.036,22.752,0.004,102,2,5206
4,cand,recorded,39,Down,32246.541,0.491,0.897,16.577,19.902,24.881,24.881,24.881,24.881,1,1,1,21.319,20.083,22.02,0.009,103,2,5301
4,cand,idle,0,,32970.694,,,,,,,,,0,0,0,1.309,,2.686,0.006,97,,
4,cand,idle,1,,33670.92,,,,,,,,,0,0,0,1.303,,2.074,0.021,97,,
4,cand,idle,2,,34371.629,,,,,,,,,0,0,0,1.222,,1.872,0.011,96,,
4,cand,idle,3,,35071.859,,,,,,,,,0,0,0,1.35,,1.952,0.0,97,,
4,cand,idle,4,,35770.874,,,,,,,,,0,0,0,1.18,,1.842,0.057,96,,
5,base,cold,0,Down,0.0,1.714,9.526,278.843,294.875,20.924,310.923,310.923,320.524,3,3,1,27.877,23.897,301.903,0.015,104,7,5300
5,base,warmup,0,Up,723.496,0.408,0.918,17.13,20.854,26.085,26.085,26.085,26.085,1,1,1,21.434,20.273,22.932,0.013,101,7,5280
5,base,warmup,1,Down,1423.55,0.446,1.045,17.015,20.619,25.866,25.866,25.866,25.866,1,1,1,21.573,20.432,23.09,0.0,101,7,5302
5,base,warmup,2,Up,2123.515,0.452,1.045,15.905,19.366,24.93,24.93,24.93,24.93,1,1,1,20.56,19.376,21.731,0.037,101,7,5110
5,base,warmup,3,Down,2822.987,0.477,1.085,16.811,20.711,25.669,25.669,25.669,25.669,1,1,1,21.55,20.202,22.534,0.007,101,7,5294
5,base,warmup,4,Up,3523.207,0.411,1.039,17.12,20.31,25.341,25.341,25.341,25.341,1,1,1,21.395,20.184,22.124,0.006,103,7,5300
5,base,warmup,5,Down,4223.147,0.427,1.027,16.954,20.548,26.106,26.106,26.106,26.106,1,1,1,21.526,20.263,22.304,0.011,101,7,5313
5,base,recorded,0,Up,4946.557,0.396,0.977,16.856,20.4,25.786,25.786,25.786,25.786,1,1,1,21.59,20.355,22.313,0.016,102,7,5062
5,base,recorded,1,Down,5646.43,0.476,0.879,7.276,10.433,7.659,26.04,7.659,32.126,3,3,1,26.13,22.206,26.917,0.012,103,7,5272
5,base,recorded,2,Up,6345.972,0.469,0.873,17.428,20.737,25.376,25.376,25.376,25.376,1,1,1,21.788,20.611,22.505,0.015,102,7,5248
5,base,recorded,3,Down,7046.545,0.513,0.939,16.923,20.166,25.543,25.543,25.543,25.543,1,1,1,21.425,20.2,22.249,0.008,104,1,5301
5,base,recorded,4,Up,7746.561,0.54,1.165,16.869,20.617,25.739,25.739,25.739,25.739,1,1,1,21.431,20.23,22.569,0.015,101,1,5300
5,base,recorded,5,Down,8446.181,0.505,0.972,16.857,20.323,25.873,25.873,25.873,25.873,1,1,1,21.46,20.149,22.403,0.008,103,1,5300
5,base,recorded,6,Up,9146.543,0.47,1.087,16.745,20.514,25.526,25.526,25.526,25.526,1,1,1,21.576,20.28,22.812,0.063,101,1,5302
5,base,recorded,7,Down,9845.949,0.422,0.977,16.872,20.341,25.507,25.507,25.507,25.507,1,1,1,21.644,20.41,22.507,0.052,101,1,5301
5,base,recorded,8,Up,10546.54,0.454,0.842,16.91,20.151,25.623,25.623,25.623,25.623,1,1,1,21.647,20.348,22.477,0.006,104,1,5247
5,base,recorded,9,Down,11246.276,0.484,1.098,17.091,20.33,25.398,25.398,25.398,25.398,1,1,1,22.016,20.771,23.118,0.006,101,1,5108
5,base,recorded,10,Up,11946.148,0.474,1.104,16.592,19.936,25.309,25.309,25.309,25.309,1,1,1,21.154,19.909,22.067,0.014,103,1,5299
5,base,recorded,11,Down,12645.953,0.463,1.008,17.965,21.318,26.566,26.566,26.566,26.566,1,1,1,22.307,21.069,23.339,0.0,101,7,5101
5,base,recorded,12,Up,13346.536,0.467,1.069,17.864,21.452,26.393,26.393,26.393,26.393,1,1,1,22.713,21.493,23.588,0.006,101,7,5113
5,base,recorded,13,Down,14045.872,0.511,1.067,16.931,20.435,25.834,25.834,25.834,25.834,1,1,1,21.858,20.585,22.983,0.008,101,7,5297
5,base,recorded,14,Up,14746.444,0.373,1.013,16.851,20.166,25.776,25.776,25.776,25.776,1,1,1,21.753,20.461,23.326,0.071,102,7,5293
5,base,recorded,15,Down,15446.537,0.394,1.059,17.041,20.44,25.789,25.789,25.789,25.789,1,1,1,21.648,20.42,22.972,0.105,104,1,5300
5,base,recorded,16,Up,16145.884,0.407,0.957,17.068,20.414,25.556,25.556,25.556,25.556,1,1,1,21.843,20.623,23.308,0.03,100,7,5287
5,base,recorded,17,Down,16846.543,0.498,1.089,17.149,20.529,25.546,25.546,25.546,25.546,1,1,1,21.788,20.55,23.149,0.031,102,7,5300
5,base,recorded,18,Up,17545.845,0.452,0.983,17.172,20.571,25.634,25.634,25.634,25.634,1,1,1,22.01,20.788,23.04,0.014,101,7,5231
5,base,recorded,19,Down,18245.971,0.351,0.907,16.903,20.135,25.479,25.479,25.479,25.479,1,1,1,21.469,20.302,22.689,0.032,101,7,5300
5,base,recorded,20,Up,18945.855,0.4,1.03,16.902,20.403,25.753,25.753,25.753,25.753,1,1,1,21.718,20.501,22.68,0.003,100,7,5269
5,base,recorded,21,Down,19646.485,0.389,1.046,17.087,20.857,25.882,25.882,25.882,25.882,1,1,1,21.849,20.646,23.21,0.037,102,7,5255
5,base,recorded,22,Up,20346.506,0.408,1.04,17.749,21.35,26.626,26.626,26.626,26.626,1,1,1,22.525,21.223,23.556,0.004,102,7,5300
5,base,recorded,23,Down,21046.457,0.352,0.918,17.246,20.275,25.896,25.896,25.896,25.896,1,1,1,22.206,20.899,23.275,0.003,100,7,5118
5,base,recorded,24,Up,21746.542,0.452,1.047,17.176,20.987,25.953,25.953,25.953,25.953,1,1,1,21.693,20.519,22.407,0.0,101,7,5305
5,base,recorded,25,Down,22446.472,0.442,1.001,17.144,20.864,25.86,25.86,25.86,25.86,1,1,1,21.689,20.471,22.385,0.004,101,7,5300
5,base,recorded,26,Up,23146.394,0.464,1.082,16.842,20.635,25.747,25.747,25.747,25.747,1,1,1,21.664,20.497,23.014,0.04,102,7,5296
5,base,recorded,27,Down,23846.52,0.459,1.087,17.298,20.931,26.586,26.586,26.586,26.586,1,1,1,22.015,20.8,22.86,0.008,103,7,5300
5,base,recorded,28,Up,24546.316,0.453,0.987,17.234,21.006,26.242,26.242,26.242,26.242,1,1,1,21.842,20.609,22.648,0.005,101,7,5250
5,base,recorded,29,Down,25246.559,0.435,1.011,17.042,20.602,25.856,25.856,25.856,25.856,1,1,1,21.745,20.585,23.323,0.078,102,7,5300
5,base,recorded,30,Up,25946.527,0.472,1.091,16.735,19.969,24.91,24.91,24.91,24.91,1,1,1,21.591,20.285,22.766,0.016,103,2,5299
5,base,recorded,31,Down,26646.114,0.528,0.985,16.574,19.654,24.795,24.795,24.795,24.795,1,1,1,21.409,20.161,22.435,0.01,103,2,5305
5,base,recorded,32,Up,27346.525,0.5,0.978,17.193,20.122,25.073,25.073,25.073,25.073,1,1,1,21.687,20.485,22.717,0.003,103,2,5301
5,base,recorded,33,Down,28046.545,0.441,1.084,16.92,20.584,25.895,25.895,25.895,25.895,1,1,1,21.691,20.413,22.488,0.005,101,2,5318
5,base,recorded,34,Up,28746.521,0.517,1.102,16.57,19.823,24.924,24.924,24.924,24.924,1,1,1,21.036,19.9,21.864,0.006,103,2,5298
5,base,recorded,35,Down,29445.86,0.553,1.201,16.706,19.967,25.413,25.413,25.413,25.413,1,1,1,21.469,20.248,22.715,0.012,101,2,5298
5,base,recorded,36,Up,30146.56,0.438,1.134,16.636,19.879,25.437,25.437,25.437,25.437,1,1,1,21.386,20.207,22.683,0.01,101,2,5300
5,base,recorded,37,Down,30846.515,0.461,1.121,16.926,20.31,25.985,25.985,25.985,25.985,1,1,1,21.512,20.337,22.799,0.01,101,2,5312
5,base,recorded,38,Up,31546.441,0.461,1.108,17.576,21.012,25.924,25.924,25.924,25.924,1,1,1,22.478,21.19,23.529,0.0,102,2,5208
5,base,recorded,39,Down,32246.515,0.536,1.142,16.799,20.374,25.839,25.839,25.839,25.839,1,1,1,21.629,20.331,22.73,0.008,104,2,5286
5,base,idle,0,,32970.429,,,,,,,,,0,0,0,1.24,,2.131,0.0,96,,
5,base,idle,1,,33670.588,,,,,,,,,0,0,0,1.219,,2.027,0.003,97,,
5,base,idle,2,,34370.676,,,,,,,,,0,0,0,1.321,,2.288,0.003,97,,
5,base,idle,3,,35070.659,,,,,,,,,0,0,0,1.317,,2.141,0.003,96,,
5,base,idle,4,,35770.478,,,,,,,,,0,0,0,1.194,,2.363,0.005,97,,
6,base,cold,0,Down,0.0,0.559,1.163,283.351,290.487,12.134,305.926,305.926,310.216,3,3,1,27.399,24.434,301.972,0.003,107,5,5300
6,base,warmup,0,Up,722.708,0.496,0.923,17.316,20.056,25.245,25.245,25.245,25.245,1,1,1,22.06,20.871,23.848,0.005,104,5,5299
6,base,warmup,1,Down,1422.737,0.611,1.215,16.529,19.872,24.967,24.967,24.967,24.967,1,1,1,21.015,19.878,21.76,0.003,101,5,5292
6,base,warmup,2,Up,2122.371,0.553,1.143,15.953,19.085,24.168,24.168,24.168,24.168,1,1,1,20.315,19.163,21.066,0.011,104,5,5300
6,base,warmup,3,Down,2822.404,0.54,1.054,16.506,19.644,25.013,25.013,25.013,25.013,1,1,1,20.81,19.687,21.92,0.003,102,5,5300
6,base,warmup,4,Up,3522.834,0.606,1.354,16.189,19.324,24.845,24.845,24.845,24.845,1,1,1,20.905,19.726,22.237,0.0,102,5,5300
6,base,warmup,5,Down,4222.363,0.573,1.079,17.362,20.406,25.945,25.945,25.945,25.945,1,1,1,22.053,20.894,23.4,0.061,102,1,5186
6,base,recorded,0,Up,4945.676,0.447,0.98,16.911,19.767,24.741,24.741,24.741,24.741,1,1,1,21.549,20.318,22.738,0.053,102,1,5297
6,base,recorded,1,Down,5645.716,0.506,1.116,16.769,19.913,24.92,24.92,24.92,24.92,1,1,1,21.329,20.164,22.489,0.009,102,5,5250
6,base,recorded,2,Up,6345.739,0.553,1.104,17.242,20.343,25.859,25.859,25.859,25.859,1,1,1,22.411,21.293,23.358,0.011,103,5,5220
6,base,recorded,3,Down,7045.725,0.461,0.973,16.835,19.534,24.947,24.947,24.947,24.947,1,1,1,21.365,20.118,22.766,0.006,102,5,5293
6,base,recorded,4,Up,7745.491,0.48,0.983,7.11,10.024,7.611,25.251,7.611,31.948,3,3,1,24.797,20.9,25.749,0.005,104,5,5295
6,base,recorded,5,Down,8445.19,0.514,1.178,16.84,20.067,25.978,25.978,25.978,25.978,1,1,1,21.589,20.405,22.209,0.002,102,5,5294
6,base,recorded,6,Up,9145.723,0.483,0.915,17.03,19.734,24.938,24.938,24.938,24.938,1,1,1,21.568,20.399,22.438,0.006,104,5,5300
6,base,recorded,7,Down,9845.763,0.464,0.98,16.727,19.503,24.825,24.825,24.825,24.825,1,1,1,21.287,20.078,22.431,0.012,101,5,5257
6,base,recorded,8,Up,10545.439,0.491,1.01,17.015,20.021,25.201,25.201,25.201,25.201,1,1,1,21.665,20.497,22.841,0.006,103,5,5300
6,base,recorded,9,Down,11245.516,0.459,0.994,16.783,19.674,24.683,24.683,24.683,24.683,1,1,1,21.459,20.318,22.361,0.175,102,5,5293
6,base,recorded,10,Up,11945.719,0.451,0.91,16.846,19.974,25.232,25.232,25.232,25.232,1,1,1,21.621,20.429,22.516,0.053,102,5,5301
6,base,recorded,11,Down,12645.714,0.451,0.932,16.893,19.719,24.917,24.917,24.917,24.917,1,1,1,21.595,20.34,22.519,0.009,104,5,5150
6,base,recorded,12,Up,13345.57,0.47,1.044,17.102,20.195,25.622,25.622,25.622,25.622,1,1,1,21.503,20.274,22.635,0.093,103,5,5294
6,base,recorded,13,Down,14046.008,0.47,1.026,17.529,20.538,25.622,25.622,25.622,25.622,1,1,1,22.304,21.16,23.359,0.013,103,5,5209
6,base,recorded,14,Up,14745.2,0.382,1.035,16.591,19.63,24.466,24.466,24.466,24.466,1,1,1,20.967,19.816,21.822,0.017,102,5,5312
6,base,recorded,15,Down,15445.653,0.442,0.834,16.773,19.504,24.806,24.806,24.806,24.806,1,1,1,21.608,20.363,22.459,0.052,103,5,5100
6,base,recorded,16,Up,16145.711,0.358,0.969,7.102,10.227,7.499,25.701,7.499,32.175,3,3,1,25.043,20.517,26.624,0.004,104,7,5300
6,base,recorded,17,Down,16845.657,0.447,1.182,16.926,20.372,25.767,25.767,25.767,25.767,1,1,1,21.338,20.229,22.266,0.012,102,7,5321
6,base,recorded,18,Up,17545.705,0.446,0.991,16.932,20.121,25.551,25.551,25.551,25.551,1,1,1,21.547,20.347,22.392,0.01,104,7,5300
6,base,recorded,19,Down,18245.513,0.482,1.04,16.833,19.876,25.086,25.086,25.086,25.086,1,1,1,21.537,20.268,22.791,0.009,102,7,5301
6,base,recorded,20,Up,18945.248,0.342,1.023,16.718,19.749,25.384,25.384,25.384,25.384,1,1,1,21.472,20.202,22.249,0.011,101,7,5300
6,base,recorded,21,Down,19645.49,0.494,0.874,16.824,19.76,25.145,25.145,25.145,25.145,1,1,1,21.625,20.387,22.788,0.008,102,7,5282
6,base,recorded,22,Up,20345.524,0.495,1.019,16.779,20.095,25.298,25.298,25.298,25.298,1,1,1,21.141,19.95,22.929,0.027,102,5,5283
6,base,recorded,23,Down,21045.685,0.447,0.944,16.585,19.467,24.95,24.95,24.95,24.95,1,1,1,21.361,20.072,22.446,0.04,103,0,5293
6,base,recorded,24,Up,21745.217,0.568,0.947,17.092,20.291,25.422,25.422,25.422,25.422,1,1,1,21.759,20.51,22.949,0.01,101,0,5252
6,base,recorded,25,Down,22445.055,0.453,1.075,17.125,20.152,25.586,25.586,25.586,25.586,1,1,1,21.781,20.542,22.985,0.003,104,5,5300
6,base,recorded,26,Up,23145.137,0.427,0.927,16.934,19.981,25.539,25.539,25.539,25.539,1,1,1,21.686,20.529,22.836,0.008,101,5,5290
6,base,recorded,27,Down,23845.713,0.44,0.872,16.677,19.457,25.033,25.033,25.033,25.033,1,1,1,21.332,20.175,22.29,0.014,103,5,5288
6,base,recorded,28,Up,24545.097,0.44,0.957,17.013,19.983,25.191,25.191,25.191,25.191,1,1,1,21.751,20.471,22.747,0.007,102,5,5225
6,base,recorded,29,Down,25245.462,0.403,1.081,17.052,20.502,25.975,25.975,25.975,25.975,1,1,1,21.611,20.482,22.82,0.015,101,5,5302
6,base,recorded,30,Up,25945.717,0.398,1.068,17.248,20.762,26.197,26.197,26.197,26.197,1,1,1,21.687,20.586,22.807,0.062,103,5,5300
6,base,recorded,31,Down,26645.319,0.508,1.147,16.846,20.098,25.299,25.299,25.299,25.299,1,1,1,21.398,20.217,22.537,0.011,101,5,5282
6,base,recorded,32,Up,27345.447,0.423,1.089,17.332,20.677,26.748,26.748,26.748,26.748,1,1,1,22.95,21.63,23.818,0.017,101,5,5247
6,base,recorded,33,Down,28045.559,0.586,1.04,16.803,19.636,25.116,25.116,25.116,25.116,1,1,1,21.655,20.382,22.837,0.047,102,0,5301
6,base,recorded,34,Up,28745.75,0.444,1.161,17.385,21.102,26.496,26.496,26.496,26.496,1,1,1,22.016,20.798,23.497,0.003,101,3,5293
6,base,recorded,35,Down,29445.761,0.544,1.26,17.254,20.643,25.73,25.73,25.73,25.73,1,1,1,21.826,20.633,22.967,0.004,103,3,5300
6,base,recorded,36,Up,30145.705,0.551,1.301,16.912,19.913,24.942,24.942,24.942,24.942,1,1,1,21.456,20.24,22.345,0.012,102,3,5227
6,base,recorded,37,Down,30845.738,0.485,0.898,16.944,19.809,25.16,25.16,25.16,25.16,1,1,1,21.496,20.384,22.573,0.008,104,3,5296
6,base,recorded,38,Up,31545.761,0.454,1.053,17.298,20.541,25.754,25.754,25.754,25.754,1,1,1,21.922,20.701,22.876,0.007,102,3,5247
6,base,recorded,39,Down,32245.72,0.465,1.105,17.148,20.418,26.008,26.008,26.008,26.008,1,1,1,22.436,21.219,23.247,0.003,103,3,5299
6,base,idle,0,,32968.553,,,,,,,,,0,0,0,1.167,,1.998,0.0,97,,
6,base,idle,1,,33669.714,,,,,,,,,0,0,0,1.243,,2.308,0.054,96,,
6,base,idle,2,,34369.791,,,,,,,,,0,0,0,1.237,,2.138,0.049,97,,
6,base,idle,3,,35069.813,,,,,,,,,0,0,0,1.391,,2.416,0.006,97,,
6,base,idle,4,,35769.845,,,,,,,,,0,0,0,1.315,,2.331,0.019,96,,
7,cand,cold,0,Down,0.0,0.434,1.142,279.785,287.014,12.022,302.769,302.769,306.89,3,3,1,27.432,23.52,301.53,0.012,104,4,5286
7,cand,warmup,0,Up,722.144,0.582,1.1,17.357,19.929,24.59,24.59,24.59,24.59,1,1,1,21.865,20.725,23.302,0.017,103,5,5245
7,cand,warmup,1,Down,1422.71,0.461,0.94,17.504,20.786,26.219,26.219,26.219,26.219,1,1,1,21.949,20.804,23.085,0.006,103,5,5300
7,cand,warmup,2,Up,2122.049,0.491,1.102,15.709,19.34,24.768,24.768,24.768,24.768,1,1,1,20.318,19.189,21.315,0.004,102,5,5202
7,cand,warmup,3,Down,2822.718,0.464,0.971,16.596,19.592,25.035,25.035,25.035,25.035,1,1,1,20.887,19.791,22.147,0.019,104,5,5300
7,cand,warmup,4,Up,3522.352,0.427,1.035,16.744,20.036,25.418,25.418,25.418,25.418,1,1,1,21.246,20.097,22.204,0.003,101,5,5049
7,cand,warmup,5,Down,4222.652,0.46,0.908,16.889,19.577,25.206,25.206,25.206,25.206,1,1,1,21.609,20.416,22.444,0.011,103,5,5108
7,cand,recorded,0,Up,4945.635,0.441,1.058,16.296,19.209,24.864,24.864,24.864,24.864,1,1,1,21.138,19.734,22.047,0.027,104,5,5300
7,cand,recorded,1,Down,5645.675,0.489,1.09,17.197,20.308,25.331,25.331,25.331,25.331,1,1,1,21.915,20.689,22.785,0.008,101,4,5303
7,cand,recorded,2,Up,6345.218,0.46,1.135,16.476,19.97,24.899,24.899,24.899,24.899,1,1,1,20.984,19.809,21.776,0.011,101,4,5254
7,cand,recorded,3,Down,7045.407,0.486,1.027,17.646,20.881,25.911,25.911,25.911,25.911,1,1,1,21.898,20.818,22.689,0.022,102,4,5302
7,cand,recorded,4,Up,7745.294,0.552,1.072,16.904,20.181,25.58,25.58,25.58,25.58,1,1,1,21.482,20.297,22.447,0.03,103,4,5232
7,cand,recorded,5,Down,8445.262,0.469,1.154,16.959,20.367,25.742,25.742,25.742,25.742,1,1,1,21.565,20.435,22.715,0.025,103,5,5248
7,cand,recorded,6,Up,9145.22,0.55,1.129,16.988,20.602,25.593,25.593,25.593,25.593,1,1,1,21.695,20.411,22.586,0.008,101,4,5289
7,cand,recorded,7,Down,9845.081,0.532,1.031,17.1,20.582,25.616,25.616,25.616,25.616,1,1,1,21.807,20.662,22.534,0.076,102,4,5099
7,cand,recorded,8,Up,10545.689,0.467,1.024,17.076,20.507,25.761,25.761,25.761,25.761,1,1,1,21.735,20.544,22.521,0.005,102,4,5304
7,cand,recorded,9,Down,11245.783,0.523,0.928,16.988,19.934,25.575,25.575,25.575,25.575,1,1,1,22.021,20.742,23.443,0.01,103,4,5100
7,cand,recorded,10,Up,11945.386,0.357,0.959,16.704,20.169,25.13,25.13,25.13,25.13,1,1,1,21.473,20.268,22.407,0.02,102,4,5300
7,cand,recorded,11,Down,12645.524,0.526,1.164,17.113,20.773,26.24,26.24,26.24,26.24,1,1,1,21.638,20.414,22.628,0.014,102,5,5250
7,cand,recorded,12,Up,13345.132,0.536,1.105,28.892,31.982,38.058,38.058,38.058,38.058,1,1,1,35.171,33.671,36.026,0.02,101,5,5097
7,cand,recorded,13,Down,14045.384,0.434,1.135,16.785,20.509,25.415,25.415,25.415,25.415,1,1,1,21.538,20.206,22.407,0.049,101,5,5264
7,cand,recorded,14,Up,14745.671,0.643,1.256,16.904,20.492,25.473,25.473,25.473,25.473,1,1,1,21.826,20.323,23.337,0.014,103,5,5286
7,cand,recorded,15,Down,15445.692,0.54,1.125,16.716,19.818,25.23,25.23,25.23,25.23,1,1,1,21.391,20.111,22.159,0.013,101,5,5315
7,cand,recorded,16,Up,16145.249,0.46,1.181,16.315,19.915,25.45,25.45,25.45,25.45,1,1,1,20.958,19.789,21.91,0.014,103,4,5300
7,cand,recorded,17,Down,16845.679,0.501,1.064,17.073,20.37,25.562,25.562,25.562,25.562,1,1,1,21.434,20.269,22.454,0.046,104,5,800
7,cand,recorded,18,Up,17545.59,0.449,1.003,17.118,20.461,25.24,25.24,25.24,25.24,1,1,1,21.419,20.216,22.549,0.011,101,4,5271
7,cand,recorded,19,Down,18245.698,0.465,1.159,17.296,20.805,26.047,26.047,26.047,26.047,1,1,1,21.796,20.682,23.63,0.005,102,4,5100
7,cand,recorded,20,Up,18945.611,0.46,0.875,16.834,19.323,24.25,24.25,24.25,24.25,1,1,1,21.387,20.244,22.591,0.0,102,4,5235
7,cand,recorded,21,Down,19645.688,0.54,0.905,16.95,20.641,26.041,26.041,26.041,26.041,1,1,1,21.468,20.33,22.344,0.038,103,4,5283
7,cand,recorded,22,Up,20345.686,0.511,1.212,16.684,20.212,25.063,25.063,25.063,25.063,1,1,1,21.314,20.069,22.517,0.008,102,6,5065
7,cand,recorded,23,Down,21045.551,0.53,1.083,16.912,20.255,25.264,25.264,25.264,25.264,1,1,1,21.343,20.102,22.241,0.008,103,6,5262
7,cand,recorded,24,Up,21745.025,0.518,1.13,16.828,19.984,25.158,25.158,25.158,25.158,1,1,1,21.325,20.102,22.063,0.0,102,6,5076
7,cand,recorded,25,Down,22445.274,0.549,1.119,16.636,20.035,25.412,25.412,25.412,25.412,1,1,1,21.122,19.97,23.116,0.006,102,6,5215
7,cand,recorded,26,Up,23145.713,0.528,0.97,16.866,19.931,25.084,25.084,25.084,25.084,1,1,1,21.516,20.31,22.509,0.058,103,6,5300
7,cand,recorded,27,Down,23845.336,0.429,1.076,16.713,20.188,25.59,25.59,25.59,25.59,1,1,1,21.462,20.114,22.153,0.012,101,5,5296
7,cand,recorded,28,Up,24545.275,0.547,1.199,16.76,20.26,25.442,25.442,25.442,25.442,1,1,1,21.587,20.305,22.491,0.019,104,6,5203
7,cand,recorded,29,Down,25245.602,0.705,1.181,17.203,20.394,25.683,25.683,25.683,25.683,1,1,1,21.873,20.692,22.788,0.01,103,6,5100
7,cand,recorded,30,Up,25945.666,0.524,1.055,16.63,20.172,25.245,25.245,25.245,25.245,1,1,1,21.527,20.149,22.358,0.067,103,6,5278
7,cand,recorded,31,Down,26645.677,0.55,1.134,16.826,20.09,24.961,24.961,24.961,24.961,1,1,1,21.474,20.142,23.102,0.016,104,1,5300
7,cand,recorded,32,Up,27345.612,0.468,1.052,16.808,20.031,25.248,25.248,25.248,25.248,1,1,1,21.515,20.333,22.469,0.016,101,1,5253
7,cand,recorded,33,Down,28045.668,0.565,0.921,16.913,20.231,25.825,25.825,25.825,25.825,1,1,1,21.6,20.419,22.465,0.007,102,5,5300
7,cand,recorded,34,Up,28745.681,0.569,1.063,17.362,20.845,26.218,26.218,26.218,26.218,1,1,1,21.902,20.672,22.817,0.002,102,1,5291
7,cand,recorded,35,Down,29445.413,0.667,1.446,17.122,20.466,25.404,25.404,25.404,25.404,1,1,1,21.734,20.474,22.986,0.005,103,1,5231
7,cand,recorded,36,Up,30145.655,0.57,1.305,17.096,21.18,26.616,26.616,26.616,26.616,1,1,1,21.562,20.348,22.666,0.017,103,1,5300
7,cand,recorded,37,Down,30845.623,0.44,1.028,17.325,20.27,25.148,25.148,25.148,25.148,1,1,1,21.94,20.686,22.763,0.007,102,1,5106
7,cand,recorded,38,Up,31545.033,0.523,1.371,16.947,20.67,25.831,25.831,25.831,25.831,1,1,1,21.606,20.388,22.518,0.0,104,1,5239
7,cand,recorded,39,Down,32245.369,0.45,1.179,17.427,20.833,25.665,25.665,25.665,25.665,1,1,1,21.742,20.565,22.603,0.0,101,1,5303
7,cand,idle,0,,32968.937,,,,,,,,,0,0,0,1.227,,2.097,0.034,96,,
7,cand,idle,1,,33669.771,,,,,,,,,0,0,0,1.257,,2.222,0.012,97,,
7,cand,idle,2,,34368.901,,,,,,,,,0,0,0,1.269,,2.529,0.003,96,,
7,cand,idle,3,,35069.236,,,,,,,,,0,0,0,1.184,,2.138,0.019,97,,
7,cand,idle,4,,35769.17,,,,,,,,,0,0,0,1.142,,2.299,0.106,96,,
