launch,build,phase,i,expected,store_theme,t_ms,dbus_ms,write_ms,trace_ms,trace_rx_ms,frame_ms,first_ms,last_ms,frames,damage_events,traces,rereads,reread_ms,other_traces,cpu_to_frame_ms,cpu_150_ms,cpu_ms,proc_cpu_ms,wait_ms,slices,cpu,mhz
0,cand,warmup,0,catppuccin-latte,omarchy,0.0,,0.218,6.604,257.51,265.78,265.78,265.78,1,1,1,1,0.091,,7.079,,9.237,11.971,0.086,213,5,5284
0,cand,warmup,1,tokyo-night,omarchy,1500.031,,0.214,6.498,257.428,265.97,265.97,265.97,1,1,1,1,0.066,,7.163,,9.395,11.874,0.052,212,4,5299
0,cand,warmup,2,catppuccin-latte,omarchy,2999.981,,0.21,6.713,257.979,266.854,266.854,266.854,1,1,1,1,0.089,,7.43,,9.533,11.86,0.016,211,4,5300
0,cand,warmup,3,tokyo-night,omarchy,4499.979,,0.205,0.308,251.042,259.675,259.675,259.675,1,1,1,1,0.072,,7.2,,9.338,12.241,0.01,211,4,5300
0,cand,recorded,0,catppuccin-latte,omarchy,6023.374,,0.23,6.283,256.938,265.549,265.549,265.549,1,1,1,1,0.092,,7.372,,9.53,12.197,0.051,213,4,5301
0,cand,recorded,1,tokyo-night,omarchy,7523.598,,0.234,6.015,256.93,265.245,265.245,265.245,1,1,1,1,0.062,,7.125,,9.247,11.513,0.019,212,4,5187
0,cand,recorded,2,catppuccin-latte,omarchy,9023.628,,0.237,6.164,257.257,265.477,265.477,265.477,1,1,1,1,0.095,,7.354,,9.541,12.142,0.01,212,4,5304
0,cand,recorded,3,tokyo-night,omarchy,10523.093,,0.212,0.309,251.007,259.936,259.936,259.936,1,1,1,1,0.063,,7.18,,9.24,11.872,0.018,211,4,5300
0,cand,recorded,4,catppuccin-latte,omarchy,12023.583,,0.206,6.783,257.923,266.343,266.343,266.343,1,1,1,1,0.087,,7.428,,9.469,11.443,0.035,212,4,5300
0,cand,recorded,5,tokyo-night,omarchy,13523.06,,0.215,0.378,251.523,261.526,261.526,261.526,1,1,1,1,0.06,,8.189,,10.38,12.81,0.005,211,5,5279
0,cand,recorded,6,catppuccin-latte,omarchy,15023.59,,0.205,0.517,251.661,260.63,260.63,260.63,1,1,1,1,0.091,,7.398,,9.607,12.235,0.021,211,5,5300
0,cand,recorded,7,tokyo-night,omarchy,16523.077,,0.211,0.937,252.179,260.723,260.723,260.723,1,1,1,1,0.066,,7.084,,9.186,11.633,0.097,213,4,5290
0,cand,recorded,8,catppuccin-latte,omarchy,18023.082,,0.21,2.217,253.178,261.763,261.763,261.763,1,1,1,1,0.107,,7.604,,9.756,11.591,0.063,211,4,5300
0,cand,recorded,9,tokyo-night,omarchy,19523.288,,0.21,1.889,252.645,260.899,260.899,260.899,1,1,1,1,0.066,,7.092,,9.318,11.182,0.009,212,4,5300
0,cand,recorded,10,catppuccin-latte,omarchy,21023.589,,0.234,2.207,252.893,261.588,261.588,261.588,1,1,1,1,0.089,,7.412,,9.598,11.7,0.009,212,4,5305
0,cand,recorded,11,tokyo-night,omarchy,22523.597,,0.241,2.083,252.978,261.413,261.413,261.413,1,1,1,1,0.068,,7.107,,9.203,11.251,0.022,211,4,5299
0,cand,recorded,12,catppuccin-latte,omarchy,24023.027,,0.208,3.6,254.547,263.786,263.786,263.786,1,1,1,1,0.113,,7.683,,9.832,11.688,0.07,211,4,5298
0,cand,recorded,13,tokyo-night,omarchy,25523.075,,0.21,2.896,254.2,262.667,262.667,262.667,1,1,1,1,0.06,,7.056,,9.306,11.213,0.005,212,4,5300
0,cand,recorded,14,catppuccin-latte,omarchy,27022.932,,0.211,3.378,254.72,263.569,263.569,263.569,1,1,1,1,0.092,,7.58,,9.716,11.515,0.009,212,4,5300
0,cand,recorded,15,tokyo-night,omarchy,28523.291,,0.209,3.986,255.258,264.187,264.187,264.187,1,1,1,1,0.06,,7.165,,9.284,11.72,0.022,212,4,5300
0,cand,recorded,16,catppuccin-latte,omarchy,30023.517,,0.211,4.175,255.037,263.494,263.494,263.494,1,1,1,1,0.086,,7.546,,9.731,11.716,0.017,213,4,5300
0,cand,recorded,17,tokyo-night,omarchy,31522.992,,0.21,4.969,256.297,264.764,264.764,264.764,1,1,1,1,0.071,,7.298,,9.416,11.06,0.024,212,4,5300
0,cand,recorded,18,catppuccin-latte,omarchy,33023.019,,0.206,5.281,256.528,265.654,265.654,265.654,1,1,1,1,0.088,,7.562,,9.694,11.587,0.009,212,4,5300
0,cand,recorded,19,tokyo-night,omarchy,34523.214,,0.208,4.766,256.077,264.649,264.649,264.649,1,1,1,1,0.061,,7.242,,9.419,11.923,0.049,212,4,5303
0,cand,recorded,20,catppuccin-latte,omarchy,36022.956,,0.215,5.828,256.725,265.394,265.394,265.394,1,1,1,1,0.093,,7.621,,9.752,12.102,0.019,212,4,5300
0,cand,recorded,21,tokyo-night,omarchy,37523.105,,0.209,6.727,257.484,266.097,266.097,266.097,1,1,1,1,0.061,,7.214,,9.403,11.695,0.006,212,4,5300
0,cand,recorded,22,catppuccin-latte,omarchy,39023.616,,0.243,6.102,256.947,266.057,266.057,266.057,1,1,1,1,0.087,,7.573,,9.692,11.991,0.048,212,7,5300
0,cand,recorded,23,tokyo-night,omarchy,40523.617,,0.289,6.125,257.04,265.508,265.508,265.508,1,1,1,1,0.058,,7.175,,9.268,11.726,0.008,213,4,5300
0,cand,recorded,24,catppuccin-latte,omarchy,42023.61,,0.236,6.676,257.935,266.803,266.803,266.803,1,1,1,1,0.092,,7.544,,9.81,11.931,0.015,213,7,5300
0,cand,recorded,25,tokyo-night,omarchy,43523.65,,0.218,6.495,257.826,266.962,266.962,266.962,1,1,1,1,0.058,,7.337,,9.623,11.649,0.007,212,7,5300
0,cand,recorded,26,catppuccin-latte,omarchy,45023.558,,0.206,7.342,258.711,267.216,267.216,267.216,1,1,1,1,0.092,,7.561,,9.725,11.893,0.012,212,4,5300
0,cand,recorded,27,tokyo-night,omarchy,46523.587,,0.274,7.683,259.02,267.8,267.8,267.8,1,1,1,1,0.062,,7.211,,9.293,11.665,0.018,213,4,5300
0,cand,recorded,28,catppuccin-latte,omarchy,48023.317,,0.208,0.504,251.859,260.791,260.791,260.791,1,1,1,1,0.089,,7.58,,9.749,11.702,0.016,211,6,5286
0,cand,recorded,29,tokyo-night,omarchy,49523.403,,0.209,1.528,252.451,261.107,261.107,261.107,1,1,1,1,0.061,,7.168,,9.355,11.73,0.059,212,4,5300
0,cand,recorded,30,catppuccin-latte,omarchy,51023.033,,0.216,1.665,253.317,262.039,262.039,262.039,1,1,1,1,0.087,,7.589,,9.88,12.505,0.043,212,7,5300
0,cand,recorded,31,tokyo-night,omarchy,52523.568,,0.212,2.22,252.944,261.373,261.373,261.373,1,1,1,1,0.062,,7.225,,9.298,11.114,0.026,212,3,5300
0,cand,recorded,32,catppuccin-latte,omarchy,54023.634,,0.238,1.753,252.882,261.73,261.73,261.73,1,1,1,1,0.148,,7.592,,9.838,12.032,0.008,212,3,5300
0,cand,recorded,33,tokyo-night,omarchy,55523.641,,0.238,2.374,253.131,261.275,261.275,261.275,1,1,1,1,0.061,,7.037,,9.251,11.159,0.03,211,3,5300
0,cand,recorded,34,catppuccin-latte,omarchy,57023.59,,0.209,2.403,253.513,262.316,262.316,262.316,1,1,1,1,0.086,,7.529,,9.742,11.859,0.052,212,3,5303
0,cand,recorded,35,tokyo-night,omarchy,58523.595,,0.218,2.741,253.844,262.631,262.631,262.631,1,1,1,1,0.06,,7.306,,9.611,12.567,0.008,212,3,5300
0,cand,recorded,36,catppuccin-latte,omarchy,60023.355,,0.214,4.359,255.029,263.512,263.512,263.512,1,1,1,1,0.091,,7.463,,9.537,11.987,0.006,212,3,5300
0,cand,recorded,37,tokyo-night,omarchy,61523.633,,0.244,3.803,254.727,262.988,262.988,262.988,1,1,1,1,0.058,,7.088,,9.236,11.463,0.05,212,3,5303
0,cand,recorded,38,catppuccin-latte,omarchy,63023.644,,0.244,3.823,254.803,263.645,263.645,263.645,1,1,1,1,0.085,,7.549,,9.782,11.821,0.038,212,3,5300
0,cand,recorded,39,tokyo-night,omarchy,64523.064,,0.209,4.381,255.718,264.326,264.326,264.326,1,1,1,1,0.058,,7.382,,9.585,12.316,0.043,212,3,5300
0,cand,idle,0,,omarchy,66046.835,,,,,,,,0,0,0,0,,,,,2.644,4.539,0.012,207,,
0,cand,idle,1,,omarchy,67547.955,,,,,,,,0,0,0,0,,,,,2.636,4.373,0.021,207,,
0,cand,idle,2,,omarchy,69048.556,,,,,,,,0,0,0,0,,,,,2.686,4.341,0.06,207,,
0,cand,idle,3,,omarchy,70547.403,,,,,,,,0,0,0,0,,,,,2.684,4.502,0.044,207,,
0,cand,idle,4,,omarchy,72048.089,,,,,,,,0,0,0,0,,,,,2.551,4.067,0.045,207,,
1,base,warmup,0,catppuccin-latte,omarchy,0.0,,0.207,2.794,253.949,263.136,263.136,263.136,1,1,1,1,0.497,,7.738,,10.155,12.77,0.015,211,3,5275
1,base,warmup,1,tokyo-night,omarchy,1499.986,,0.212,3.168,254.36,263.534,263.534,263.534,1,1,1,1,0.138,,7.303,,10.138,12.67,0.044,212,5,5289
1,base,warmup,2,catppuccin-latte,omarchy,2999.753,,0.211,3.688,254.816,263.856,263.856,263.856,1,1,1,1,0.441,,7.313,,10.049,12.638,0.053,212,3,5300
1,base,warmup,3,tokyo-night,omarchy,4499.987,,0.212,4.024,255.376,264.674,264.674,264.674,1,1,1,1,0.148,,7.189,,9.523,12.515,0.05,212,5,5300
1,base,recorded,0,catppuccin-latte,omarchy,6023.468,,0.27,2.639,253.761,263.035,263.035,263.035,1,1,1,1,0.449,,7.435,,9.758,12.263,0.016,212,5,5100
1,base,recorded,1,tokyo-night,omarchy,7524.102,,0.208,2.894,253.836,262.5,262.5,262.5,1,1,1,1,0.179,,7.045,,9.28,11.564,0.02,213,5,5300
1,base,recorded,2,catppuccin-latte,omarchy,9024.111,,0.211,1.969,253.597,264.022,264.022,264.022,1,1,1,1,0.451,,8.283,,10.866,13.784,0.592,211,5,5098
1,base,recorded,3,tokyo-night,omarchy,10523.881,,0.209,3.322,254.15,263.217,263.217,263.217,1,1,1,1,0.139,,7.77,,9.911,12.281,0.005,212,5,5000
1,base,recorded,4,catppuccin-latte,omarchy,12023.994,,0.209,3.217,254.426,263.577,263.577,263.577,1,1,1,1,0.444,,7.36,,9.569,12.841,0.003,212,5,5100
1,base,recorded,5,tokyo-night,omarchy,13524.064,,0.212,4.21,254.918,263.757,263.757,263.757,1,1,1,1,0.135,,7.44,,10.545,12.987,0.007,212,6,5300
1,base,recorded,6,catppuccin-latte,omarchy,15024.093,,0.21,3.765,254.917,264.163,264.163,264.163,1,1,1,1,0.461,,7.323,,10.461,13.484,0.01,212,6,5100
1,base,recorded,7,tokyo-night,omarchy,16524.087,,0.212,4.807,255.731,264.674,264.674,264.674,1,1,1,1,0.156,,7.39,,10.181,13.004,0.016,212,6,5300
1,base,recorded,8,catppuccin-latte,omarchy,18023.905,,0.212,4.723,255.813,264.632,264.632,264.632,1,1,1,1,0.454,,7.541,,10.771,13.841,0.012,212,6,5100
1,base,recorded,9,tokyo-night,omarchy,19524.082,,0.21,5.11,255.958,265.239,265.239,265.239,1,1,1,1,0.144,,7.395,,9.593,13.359,0.028,212,6,5300
1,base,recorded,10,catppuccin-latte,omarchy,21023.453,,0.21,5.677,257.144,266.205,266.205,266.205,1,1,1,1,0.437,,7.299,,9.431,12.467,0.022,213,6,5283
1,base,recorded,11,tokyo-night,omarchy,22524.075,,0.237,5.304,256.814,265.55,265.55,265.55,1,1,1,1,0.138,,7.042,,9.064,11.111,0.048,213,6,5300
1,base,recorded,12,catppuccin-latte,omarchy,24024.086,,0.213,5.619,256.953,266.36,266.36,266.36,1,1,1,1,0.447,,7.136,,9.081,11.503,0.027,212,5,5105
1,base,recorded,13,tokyo-night,omarchy,25524.092,,0.211,6.331,257.289,266.477,266.477,266.477,1,1,1,1,0.137,,7.413,,9.495,11.695,0.023,212,5,5290
1,base,recorded,14,catppuccin-latte,omarchy,27023.804,,0.217,6.691,257.909,266.761,266.761,266.761,1,1,1,1,0.45,,7.109,,9.254,11.846,0.007,211,5,5100
1,base,recorded,15,tokyo-night,omarchy,28523.944,,0.208,0.177,250.947,260.474,260.474,260.474,1,1,1,1,0.188,,7.23,,9.423,11.502,0.014,211,5,5300
1,base,recorded,16,catppuccin-latte,omarchy,30024.084,,0.212,7.244,258.305,267.527,267.527,267.527,1,1,1,1,0.468,,7.688,,9.888,12.66,0.023,211,5,1326
1,base,recorded,17,tokyo-night,omarchy,31524.286,,0.206,0.177,251.165,260.708,260.708,260.708,1,1,1,1,0.135,,7.255,,9.591,12.956,0.029,212,7,5300
1,base,recorded,18,catppuccin-latte,omarchy,33023.465,,0.218,1.384,252.831,261.789,261.789,261.789,1,1,1,1,0.456,,7.093,,9.349,12.593,0.019,212,5,5100
1,base,recorded,19,tokyo-night,omarchy,34523.764,,0.213,1.082,252.393,261.778,261.778,261.778,1,1,1,1,0.135,,7.214,,9.545,11.985,0.014,212,5,5308
1,base,recorded,20,catppuccin-latte,omarchy,36024.118,,0.216,1.663,252.93,261.745,261.745,261.745,1,1,1,1,0.444,,7.185,,9.457,12.036,0.026,212,5,5100
1,base,recorded,21,tokyo-night,omarchy,37524.083,,0.208,1.955,253.3,261.905,261.905,261.905,1,1,1,1,0.138,,7.033,,9.238,11.452,0.02,211,5,5278
1,base,recorded,22,catppuccin-latte,omarchy,39023.424,,0.212,2.713,253.883,262.422,262.422,262.422,1,1,1,1,0.447,,7.104,,9.436,12.011,0.032,212,5,5102
1,base,recorded,23,tokyo-night,omarchy,40523.409,,0.234,3.509,254.704,263.309,263.309,263.309,1,1,1,1,0.137,,7.085,,9.38,11.492,0.024,211,5,5300
1,base,recorded,24,catppuccin-latte,omarchy,42023.632,,0.259,3.354,254.662,263.596,263.596,263.596,1,1,1,1,0.455,,7.157,,9.476,11.732,0.013,212,5,5100
1,base,recorded,25,tokyo-night,omarchy,43523.886,,0.213,2.967,254.279,262.932,262.932,262.932,1,1,1,1,0.136,,7.054,,9.209,11.383,0.013,212,5,5293
1,base,recorded,26,catppuccin-latte,omarchy,45024.084,,0.213,3.397,254.96,263.481,263.481,263.481,1,1,1,1,0.447,,7.169,,9.443,11.865,0.03,212,7,800
1,base,recorded,27,tokyo-night,omarchy,46524.111,,0.214,3.946,255.272,263.537,263.537,263.537,1,1,1,1,0.137,,6.88,,9.016,11.442,0.013,212,5,5294
1,base,recorded,28,catppuccin-latte,omarchy,48024.112,,0.21,3.594,255.193,264.042,264.042,264.042,1,1,1,1,0.448,,7.168,,9.3,11.99,0.028,212,5,5099
1,base,recorded,29,tokyo-night,omarchy,49524.101,,0.281,4.026,255.384,263.647,263.647,263.647,1,1,1,1,0.135,,6.888,,9.028,12.188,0.029,212,7,5243
1,base,recorded,30,catppuccin-latte,omarchy,51023.521,,0.243,5.163,256.772,265.195,265.195,265.195,1,1,1,1,0.452,,7.15,,9.285,11.918,0.014,212,5,5102
1,base,recorded,31,tokyo-night,omarchy,52524.084,,0.256,4.956,256.287,264.595,264.595,264.595,1,1,1,1,0.137,,7.137,,9.348,11.926,0.016,212,5,5115
1,base,recorded,32,catppuccin-latte,omarchy,54023.751,,0.21,6.035,257.319,266.237,266.237,266.237,1,1,1,1,0.451,,7.15,,9.395,11.985,0.005,212,1,5100
1,base,recorded,33,tokyo-night,omarchy,55524.083,,0.209,5.687,256.949,265.808,265.808,265.808,1,1,1,1,0.137,,6.976,,9.069,11.615,0.051,212,7,5300
1,base,recorded,34,catppuccin-latte,omarchy,57024.113,,0.212,5.83,257.098,265.973,265.973,265.973,1,1,1,1,0.445,,7.173,,9.429,11.68,0.017,212,1,5107
1,base,recorded,35,tokyo-night,omarchy,58524.086,,0.212,6.988,257.834,266.465,266.465,266.465,1,1,1,1,0.155,,7.098,,9.399,11.477,0.011,212,7,5299
1,base,recorded,36,catppuccin-latte,omarchy,60023.931,,0.213,6.871,257.883,270.12,270.12,270.12,1,1,1,1,0.494,,7.47,,9.696,12.505,0.005,212,7,1177
1,base,recorded,37,tokyo-night,omarchy,61524.077,,0.207,0.17,250.922,259.56,259.56,259.56,1,1,1,1,0.167,,7.08,,9.296,11.514,0.015,211,1,5300
1,base,recorded,38,catppuccin-latte,omarchy,63023.723,,0.211,0.42,251.578,260.619,260.619,260.619,1,1,1,1,0.451,,7.18,,9.403,12.245,0.022,212,1,5099
1,base,recorded,39,tokyo-night,omarchy,64523.922,,0.205,0.414,251.727,260.081,260.081,260.081,1,1,1,1,0.133,,7.109,,9.3,11.357,0.02,212,1,5300
1,base,idle,0,,omarchy,66047.673,,,,,,,,0,0,0,0,,,,,2.844,4.411,0.075,207,,
1,base,idle,1,,omarchy,67549.301,,,,,,,,0,0,0,0,,,,,2.672,4.455,0.008,207,,
1,base,idle,2,,omarchy,69049.292,,,,,,,,0,0,0,0,,,,,2.775,4.448,0.068,207,,
1,base,idle,3,,omarchy,70549.272,,,,,,,,0,0,0,0,,,,,2.748,4.406,0.008,207,,
1,base,idle,4,,omarchy,72049.026,,,,,,,,0,0,0,0,,,,,2.616,4.164,0.043,207,,
2,base,warmup,0,catppuccin-latte,omarchy,0.0,,0.203,6.323,257.414,267.573,267.573,267.573,1,1,1,1,0.435,,7.279,,9.492,12.326,0.047,212,5,5254
2,base,warmup,1,tokyo-night,omarchy,1499.833,,0.203,6.909,258.01,266.751,266.751,266.751,1,1,1,1,0.138,,7.187,,9.399,11.298,0.051,212,5,5300
2,base,warmup,2,catppuccin-latte,omarchy,2999.51,,0.209,6.984,258.702,269.367,269.367,269.367,1,1,1,1,0.432,,7.304,,9.537,11.509,0.063,211,7,5233
2,base,warmup,3,tokyo-night,omarchy,4499.692,,0.219,7.53,258.819,267.463,267.463,267.463,1,1,1,1,0.16,,7.192,,9.34,11.231,0.026,211,1,5300
2,base,recorded,0,catppuccin-latte,omarchy,6023.0,,0.211,6.138,257.432,266.303,266.303,266.303,1,1,1,1,0.481,,7.099,,9.381,11.889,0.013,212,1,5300
2,base,recorded,1,tokyo-night,omarchy,7523.614,,0.215,6.029,257.152,265.525,265.525,265.525,1,1,1,1,0.139,,7.262,,9.576,12.358,0.065,212,1,5185
2,base,recorded,2,catppuccin-latte,omarchy,9023.613,,0.212,6.255,257.64,267.938,267.938,267.938,1,1,1,1,0.494,,8.091,,10.305,12.595,0.107,211,3,5297
2,base,recorded,3,tokyo-night,omarchy,10523.616,,0.229,6.729,257.919,267.119,267.119,267.119,1,1,1,1,0.139,,7.409,,9.716,12.057,0.011,212,0,5250
2,base,recorded,4,catppuccin-latte,omarchy,12023.648,,0.242,6.714,257.917,266.545,266.545,266.545,1,1,1,1,0.43,,7.356,,9.555,12.026,0.005,212,0,5300
2,base,recorded,5,tokyo-night,omarchy,13523.44,,0.207,7.503,258.829,268.39,268.39,268.39,1,1,1,1,0.144,,7.495,,9.628,11.835,0.032,211,4,5284
2,base,recorded,6,catppuccin-latte,omarchy,15023.043,,0.204,1.149,252.257,261.011,261.011,261.011,1,1,1,1,0.436,,7.258,,9.649,11.97,0.026,212,0,5300
2,base,recorded,7,tokyo-night,omarchy,16523.253,,0.207,0.515,251.841,260.377,260.377,260.377,1,1,1,1,0.145,,7.282,,9.562,11.865,0.042,213,0,5300
2,base,recorded,8,catppuccin-latte,omarchy,18022.997,,0.204,1.431,252.613,260.943,260.943,260.943,1,1,1,1,0.479,,7.409,,9.652,11.9,0.02,212,0,5300
2,base,recorded,9,tokyo-night,omarchy,19523.236,,0.202,1.77,253.177,262.102,262.102,262.102,1,1,1,1,0.145,,7.199,,9.522,11.701,0.022,212,4,5300
2,base,recorded,10,catppuccin-latte,omarchy,21023.588,,0.206,0.818,252.477,261.063,261.063,261.063,1,1,1,1,0.434,,7.206,,9.702,11.922,0.081,211,0,5300
2,base,recorded,11,tokyo-night,omarchy,22523.1,,0.207,3.028,253.886,263.424,263.424,263.424,1,1,1,1,0.171,,7.422,,10.305,12.535,0.134,213,0,5300
2,base,recorded,12,catppuccin-latte,omarchy,24023.613,,0.211,2.28,253.712,263.064,263.064,263.064,1,1,1,1,0.465,,7.262,,9.56,12.48,0.033,211,0,5300
2,base,recorded,13,tokyo-night,omarchy,25523.64,,0.243,1.991,253.445,262.86,262.86,262.86,1,1,1,1,0.144,,7.384,,9.695,12.523,0.096,212,5,5300
2,base,recorded,14,catppuccin-latte,omarchy,27023.616,,0.229,2.223,253.921,262.747,262.747,262.747,1,1,1,1,0.463,,7.37,,9.929,13.019,0.079,212,7,5300
2,base,recorded,15,tokyo-night,omarchy,28523.604,,0.231,3.075,254.157,262.327,262.327,262.327,1,1,1,1,0.139,,6.967,,9.334,11.278,0.071,212,5,5300
2,base,recorded,16,catppuccin-latte,omarchy,30023.61,,0.248,3.814,254.883,263.809,263.809,263.809,1,1,1,1,0.426,,7.105,,9.372,12.192,0.007,212,5,5289
2,base,recorded,17,tokyo-night,omarchy,31523.666,,0.206,3.956,254.823,263.512,263.512,263.512,1,1,1,1,0.139,,6.904,,9.361,11.937,0.023,212,5,5291
2,base,recorded,18,catppuccin-latte,omarchy,33023.311,,0.201,4.209,255.457,264.044,264.044,264.044,1,1,1,1,0.554,,7.038,,9.305,11.992,0.018,212,5,5300
2,base,recorded,19,tokyo-night,omarchy,34523.501,,0.209,4.376,255.602,264.238,264.238,264.238,1,1,1,1,0.151,,6.979,,9.302,12.377,0.03,212,5,5300
2,base,recorded,20,catppuccin-latte,omarchy,36023.539,,0.205,4.667,255.993,265.101,265.101,265.101,1,1,1,1,0.557,,7.102,,9.369,11.758,0.015,213,5,5283
2,base,recorded,21,tokyo-night,omarchy,37523.067,,0.204,5.535,256.956,265.537,265.537,265.537,1,1,1,1,0.141,,6.909,,9.289,11.603,0.002,212,5,5298
2,base,recorded,22,catppuccin-latte,omarchy,39023.615,,0.233,5.556,256.735,265.273,265.273,265.273,1,1,1,1,0.432,,7.024,,9.431,12.559,0.013,212,5,5300
2,base,recorded,23,tokyo-night,omarchy,40523.615,,0.234,5.869,257.186,265.914,265.914,265.914,1,1,1,1,0.148,,6.984,,9.274,11.472,0.007,212,5,5280
2,base,recorded,24,catppuccin-latte,omarchy,42023.617,,0.253,5.975,257.432,266.095,266.095,266.095,1,1,1,1,0.463,,6.992,,9.036,12.054,0.005,212,5,5300
2,base,recorded,25,tokyo-night,omarchy,43523.607,,0.208,6.868,257.736,267.116,267.116,267.116,1,1,1,1,0.136,,7.015,,9.022,11.146,0.006,212,4,5296
2,base,recorded,26,catppuccin-latte,omarchy,45023.608,,0.229,6.643,257.866,267.235,267.235,267.235,1,1,1,1,0.434,,7.138,,9.021,11.67,0.009,212,5,5269
2,base,recorded,27,tokyo-night,omarchy,46523.071,,0.245,0.374,251.466,260.402,260.402,260.402,1,1,1,1,0.188,,7.021,,8.995,11.16,0.019,212,4,5300
2,base,recorded,28,catppuccin-latte,omarchy,48023.071,,0.204,0.628,251.821,264.715,264.715,264.715,1,1,1,1,0.465,,8.538,,10.639,13.589,0.003,211,4,5298
2,base,recorded,29,tokyo-night,omarchy,49523.613,,0.239,0.242,251.598,260.666,260.666,260.666,1,1,1,1,0.195,,7.465,,9.507,12.287,0.006,212,5,5300
2,base,recorded,30,catppuccin-latte,omarchy,51023.071,,0.207,0.734,252.509,265.071,265.071,265.071,1,1,1,1,0.427,,7.871,,10.024,12.795,0.07,212,5,5266
2,base,recorded,31,tokyo-night,omarchy,52523.215,,0.209,1.921,253.35,262.254,262.254,262.254,1,1,1,1,0.136,,7.02,,9.275,11.619,0.006,212,5,5300
2,base,recorded,32,catppuccin-latte,omarchy,54023.418,,0.202,1.167,252.92,263.24,263.24,263.24,1,1,1,1,0.472,,7.088,,9.216,11.717,0.051,211,5,5274
2,base,recorded,33,tokyo-night,omarchy,55522.972,,0.213,2.77,254.239,262.871,262.871,262.871,1,1,1,1,0.135,,6.954,,9.323,12.022,0.003,212,5,5300
2,base,recorded,34,catppuccin-latte,omarchy,57023.445,,0.212,1.704,253.439,263.809,263.809,263.809,1,1,1,1,0.432,,7.116,,9.471,12.039,0.049,212,5,5200
2,base,recorded,35,tokyo-night,omarchy,58523.067,,0.209,2.718,254.169,262.747,262.747,262.747,1,1,1,1,0.135,,7.171,,9.343,11.589,0.044,212,5,5307
2,base,recorded,36,catppuccin-latte,omarchy,60023.011,,0.208,3.43,255.232,265.331,265.331,265.331,1,1,1,1,0.431,,7.266,,9.661,12.089,0.07,211,5,5279
2,base,recorded,37,tokyo-night,omarchy,61523.18,,0.208,4.48,255.373,263.962,263.962,263.962,1,1,1,1,0.135,,7.027,,9.406,11.611,0.018,212,5,5292
2,base,recorded,38,catppuccin-latte,omarchy,63023.652,,0.211,3.63,254.902,263.316,263.316,263.316,1,1,1,1,0.459,,7.252,,9.691,12.608,0.065,212,7,5230
2,base,recorded,39,tokyo-night,omarchy,64523.52,,0.214,3.643,255.053,263.508,263.508,263.508,1,1,1,1,0.139,,7.04,,9.216,11.541,0.012,212,5,5300
2,base,idle,0,,omarchy,66047.435,,,,,,,,0,0,0,0,,,,,2.746,4.463,0.015,207,,
2,base,idle,1,,omarchy,67548.516,,,,,,,,0,0,0,0,,,,,2.623,4.33,0.06,206,,
2,base,idle,2,,omarchy,69048.074,,,,,,,,0,0,0,0,,,,,2.676,4.605,0.013,208,,
2,base,idle,3,,omarchy,70548.72,,,,,,,,0,0,0,0,,,,,2.587,4.595,0.01,206,,
2,base,idle,4,,omarchy,72048.436,,,,,,,,0,0,0,0,,,,,2.725,5.276,0.006,207,,
3,cand,warmup,0,catppuccin-latte,omarchy,0.0,,0.205,6.734,257.271,266.298,266.298,266.298,1,1,1,1,0.09,,7.577,,9.757,12.373,0.032,212,6,5300
3,cand,warmup,1,tokyo-night,omarchy,1499.7,,0.211,6.353,257.6,266.135,266.135,266.135,1,1,1,1,0.069,,7.368,,9.414,11.158,0.017,212,6,5300
3,cand,warmup,2,catppuccin-latte,omarchy,2999.993,,0.213,6.149,257.495,266.701,266.701,266.701,1,1,1,1,0.085,,7.716,,9.876,11.773,0.04,212,6,5300
3,cand,warmup,3,tokyo-night,omarchy,4499.967,,0.209,7.495,258.107,267.283,267.283,267.283,1,1,1,1,0.072,,7.467,,9.853,12.295,0.014,211,6,5100
3,cand,recorded,0,catppuccin-latte,omarchy,6023.898,,0.213,5.055,256.411,265.385,265.385,265.385,1,1,1,1,0.088,,7.574,,9.819,12.329,0.062,212,6,5300
3,cand,recorded,1,tokyo-night,omarchy,7523.51,,0.223,5.598,256.782,265.053,265.053,265.053,1,1,1,1,0.099,,7.213,,9.302,11.494,0.068,212,0,5300
3,cand,recorded,2,catppuccin-latte,omarchy,9023.617,,0.207,6.554,257.534,266.67,266.67,266.67,1,1,1,1,0.09,,7.664,,9.772,11.8,0.036,212,0,5300
3,cand,recorded,3,tokyo-night,omarchy,10523.884,,0.208,6.561,257.267,266.119,266.119,266.119,1,1,1,1,0.062,,7.329,,9.456,11.608,0.006,212,2,5157
3,cand,recorded,4,catppuccin-latte,omarchy,12023.648,,0.208,6.433,257.597,266.046,266.046,266.046,1,1,1,1,0.085,,7.542,,9.851,11.994,0.013,212,4,5300
3,cand,recorded,5,tokyo-night,omarchy,13524.207,,0.21,6.758,258.023,266.33,266.33,266.33,1,1,1,1,0.066,,7.088,,9.263,11.482,0.062,212,2,5300
3,cand,recorded,6,catppuccin-latte,omarchy,15023.832,,0.206,0.539,251.248,259.845,259.845,259.845,1,1,1,1,0.128,,7.826,,9.949,12.035,0.04,211,2,5190
3,cand,recorded,7,tokyo-night,omarchy,16523.829,,0.21,0.276,251.429,259.823,259.823,259.823,1,1,1,1,0.061,,7.185,,9.409,11.904,0.017,211,2,5297
3,cand,recorded,8,catppuccin-latte,omarchy,18023.979,,0.21,0.504,251.382,260.598,260.598,260.598,1,1,1,1,0.086,,8.116,,10.351,13.024,0.025,211,4,5271
3,cand,recorded,9,tokyo-night,omarchy,19523.949,,0.209,1.668,252.318,261.242,261.242,261.242,1,1,1,1,0.062,,7.12,,9.173,11.24,0.012,212,4,5300
3,cand,recorded,10,catppuccin-latte,omarchy,21023.54,,0.215,1.221,252.497,260.928,260.928,260.928,1,1,1,1,0.088,,7.466,,9.666,12.271,0.048,212,4,5270
3,cand,recorded,11,tokyo-night,omarchy,22523.926,,0.208,1.83,253.073,262.332,262.332,262.332,1,1,1,1,0.06,,7.402,,9.656,13.036,0.055,212,4,5300
3,cand,recorded,12,catppuccin-latte,omarchy,24024.142,,0.208,1.866,253.12,261.73,261.73,261.73,1,1,1,1,0.087,,7.694,,9.938,12.755,0.108,212,2,5158
3,cand,recorded,13,tokyo-night,omarchy,25524.191,,0.204,1.756,253.063,262.031,262.031,262.031,1,1,1,1,0.111,,7.284,,9.528,12.015,0.027,211,2,5300
3,cand,recorded,14,catppuccin-latte,omarchy,27024.133,,0.208,2.115,253.247,262.195,262.195,262.195,1,1,1,1,0.084,,7.567,,9.969,12.728,0.055,212,4,5299
3,cand,recorded,15,tokyo-night,omarchy,28524.149,,0.21,2.983,253.772,262.378,262.378,262.378,1,1,1,1,0.061,,7.362,,9.485,11.68,0.022,212,2,5300
3,cand,recorded,16,catppuccin-latte,omarchy,30024.169,,0.208,2.579,253.862,262.351,262.351,262.351,1,1,1,1,0.089,,7.335,,9.372,12.257,0.082,212,7,5300
3,cand,recorded,17,tokyo-night,omarchy,31523.859,,0.212,3.257,254.557,262.957,262.957,262.957,1,1,1,1,0.062,,7.351,,9.571,12.702,0.097,212,0,5300
3,cand,recorded,18,catppuccin-latte,omarchy,33023.788,,0.212,4.101,255.271,263.719,263.719,263.719,1,1,1,1,0.089,,7.655,,9.862,12.665,0.088,212,2,5258
3,cand,recorded,19,tokyo-night,omarchy,34524.192,,0.209,3.788,255.066,264.164,264.164,264.164,1,1,1,1,0.06,,7.497,,9.763,12.093,0.111,212,0,5245
3,cand,recorded,20,catppuccin-latte,omarchy,36024.082,,0.216,4.461,255.339,264.496,264.496,264.496,1,1,1,1,0.086,,7.58,,9.75,12.595,0.007,212,2,800
3,cand,recorded,21,tokyo-night,omarchy,37524.143,,0.21,5.282,255.908,264.381,264.381,264.381,1,1,1,1,0.059,,7.178,,9.453,11.894,0.016,212,2,5300
3,cand,recorded,22,catppuccin-latte,omarchy,39024.132,,0.211,5.698,256.39,264.73,264.73,264.73,1,1,1,1,0.084,,7.445,,9.727,11.677,0.009,212,2,5300
3,cand,recorded,23,tokyo-night,omarchy,40523.919,,0.208,5.116,256.513,265.623,265.623,265.623,1,1,1,1,0.064,,7.461,,9.651,12.045,0.03,212,0,5300
3,cand,recorded,24,catppuccin-latte,omarchy,42024.067,,0.207,6.027,257.204,265.456,265.456,265.456,1,1,1,1,0.085,,7.506,,9.82,12.19,0.011,212,2,5300
3,cand,recorded,25,tokyo-night,omarchy,43523.927,,0.211,6.499,257.237,266.263,266.263,266.263,1,1,1,1,0.097,,7.616,,9.809,11.979,0.067,212,0,5239
3,cand,recorded,26,catppuccin-latte,omarchy,45023.953,,0.229,6.203,257.495,265.83,265.83,265.83,1,1,1,1,0.083,,7.629,,10.124,12.382,0.024,213,0,5264
3,cand,recorded,27,tokyo-night,omarchy,46523.855,,0.206,6.577,257.922,266.674,266.674,266.674,1,1,1,1,0.063,,7.442,,9.73,12.254,0.07,212,0,5300
3,cand,recorded,28,catppuccin-latte,omarchy,48024.415,,0.217,6.765,258.292,267.211,267.211,267.211,1,1,1,1,0.12,,7.555,,9.842,12.604,0.006,212,2,5300
3,cand,recorded,29,tokyo-night,omarchy,49524.018,,0.206,7.853,259.037,268.376,268.376,268.376,1,1,1,1,0.059,,7.376,,9.577,12.163,0.012,212,2,5300
3,cand,recorded,30,catppuccin-latte,omarchy,51023.53,,0.215,0.677,251.995,260.399,260.399,260.399,1,1,1,1,0.099,,7.326,,9.538,11.831,0.007,212,2,5300
3,cand,recorded,31,tokyo-night,omarchy,52523.496,,0.258,1.046,252.368,260.785,260.785,260.785,1,1,1,1,0.096,,7.258,,9.844,12.727,0.067,212,2,5264
3,cand,recorded,32,catppuccin-latte,omarchy,54023.715,,0.206,1.783,253.081,261.808,261.808,261.808,1,1,1,1,0.088,,7.505,,10.325,12.839,0.011,212,2,5300
3,cand,recorded,33,tokyo-night,omarchy,55523.903,,0.201,2.649,253.221,262.385,262.385,262.385,1,1,1,1,0.062,,7.256,,10.285,13.41,0.071,212,2,5300
3,cand,recorded,34,catppuccin-latte,omarchy,57023.731,,0.208,2.303,253.554,262.899,262.899,262.899,1,1,1,1,0.084,,7.648,,10.485,12.888,0.003,212,2,5300
3,cand,recorded,35,tokyo-night,omarchy,58524.226,,0.212,2.124,252.989,262.196,262.196,262.196,1,1,1,1,0.063,,7.422,,10.138,12.322,0.086,211,6,5294
3,cand,recorded,36,catppuccin-latte,omarchy,60024.166,,0.211,2.708,253.962,263.398,263.398,263.398,1,1,1,1,0.087,,7.741,,10.568,13.436,0.055,212,2,5300
3,cand,recorded,37,tokyo-night,omarchy,61524.146,,0.233,2.481,253.734,262.863,262.863,262.863,1,1,1,1,0.059,,7.408,,10.166,12.566,0.068,212,2,5304
3,cand,recorded,38,catppuccin-latte,omarchy,63024.056,,0.228,3.496,254.218,262.948,262.948,262.948,1,1,1,1,0.122,,7.541,,10.424,12.965,0.039,212,1,5300
3,cand,recorded,39,tokyo-night,omarchy,64523.853,,0.213,3.788,255.049,264.479,264.479,264.479,1,1,1,1,0.067,,7.561,,10.115,12.158,0.02,212,0,5300
3,cand,idle,0,,omarchy,66047.865,,,,,,,,0,0,0,0,,,,,2.803,4.482,0.019,207,,
3,cand,idle,1,,omarchy,67549.612,,,,,,,,0,0,0,0,,,,,2.74,4.371,0.005,207,,
3,cand,idle,2,,omarchy,69049.817,,,,,,,,0,0,0,0,,,,,2.744,4.477,0.017,207,,
3,cand,idle,3,,omarchy,70550.065,,,,,,,,0,0,0,0,,,,,2.726,4.404,0.013,207,,
3,cand,idle,4,,omarchy,72049.965,,,,,,,,0,0,0,0,,,,,2.986,4.882,0.007,206,,
4,cand,warmup,0,catppuccin-latte,omarchy,0.0,,0.205,3.773,255.011,262.953,262.953,262.953,1,1,1,1,0.092,,7.205,,9.343,11.399,0.054,212,6,5293
4,cand,warmup,1,tokyo-night,omarchy,1499.963,,0.207,3.819,255.12,263.692,263.692,263.692,1,1,1,1,0.067,,7.366,,9.655,11.751,0.009,212,6,5300
4,cand,warmup,2,catppuccin-latte,omarchy,2999.938,,0.204,4.516,255.919,265.103,265.103,265.103,1,1,1,1,0.09,,7.683,,9.842,12.214,0.021,212,6,5300
4,cand,warmup,3,tokyo-night,omarchy,4499.68,,0.209,5.218,256.543,265.667,265.667,265.667,1,1,1,1,0.066,,7.35,,9.468,11.781,0.011,212,2,5300
4,cand,recorded,0,catppuccin-latte,omarchy,6023.695,,0.21,3.898,254.77,263.832,263.832,263.832,1,1,1,1,0.092,,7.586,,9.789,12.198,0.013,212,2,5246
4,cand,recorded,1,tokyo-night,omarchy,7524.179,,0.26,3.13,253.991,263.27,263.27,263.27,1,1,1,1,0.062,,7.197,,9.387,12.128,0.043,211,2,5300
4,cand,recorded,2,catppuccin-latte,omarchy,9023.601,,0.206,4.149,255.433,264.589,264.589,264.589,1,1,1,1,0.088,,7.59,,9.837,12.045,0.016,212,2,5300
4,cand,recorded,3,tokyo-night,omarchy,10524.119,,0.299,3.989,254.843,263.561,263.561,263.561,1,1,1,1,0.06,,7.382,,9.588,11.834,0.056,212,2,5301
4,cand,recorded,4,catppuccin-latte,omarchy,12024.204,,0.213,3.945,254.974,264.895,264.895,264.895,1,1,1,1,0.094,,8.402,,10.794,12.965,0.02,211,2,5267
4,cand,recorded,5,tokyo-night,omarchy,13523.976,,0.215,4.389,255.537,264.473,264.473,264.473,1,1,1,1,0.075,,7.365,,9.647,12.318,0.105,212,6,5298
4,cand,recorded,6,catppuccin-latte,omarchy,15024.181,,0.251,4.565,255.832,265.124,265.124,265.124,1,1,1,1,0.092,,7.763,,10.009,12.584,0.038,212,0,5300
4,cand,recorded,7,tokyo-night,omarchy,16524.185,,0.268,5.271,256.366,265.37,265.37,265.37,1,1,1,1,0.067,,7.358,,9.728,12.482,0.093,212,0,5300
4,cand,recorded,8,catppuccin-latte,omarchy,18023.975,,0.205,5.458,256.773,265.873,265.873,265.873,1,1,1,1,0.087,,7.687,,9.908,12.174,0.067,212,0,5300
4,cand,recorded,9,tokyo-night,omarchy,19523.543,,0.206,7.166,258.008,266.657,266.657,266.657,1,1,1,1,0.07,,7.392,,9.667,12.251,0.016,211,7,5300
4,cand,recorded,10,catppuccin-latte,omarchy,21023.661,,0.205,6.815,258.242,267.28,267.28,267.28,1,1,1,1,0.09,,7.668,,10.035,12.134,0.009,211,7,5300
4,cand,recorded,11,tokyo-night,omarchy,22523.517,,0.212,7.275,258.314,267.5,267.5,267.5,1,1,1,1,0.064,,7.344,,9.516,11.713,0.064,211,7,5300
4,cand,recorded,12,catppuccin-latte,omarchy,24023.554,,0.207,0.503,251.344,260.398,260.398,260.398,1,1,1,1,0.126,,7.515,,9.673,11.764,0.01,213,6,5300
4,cand,recorded,13,tokyo-night,omarchy,25524.189,,0.214,7.697,258.659,267.758,267.758,267.758,1,1,1,1,0.062,,7.399,,9.792,12.366,0.04,212,0,5300
4,cand,recorded,14,catppuccin-latte,omarchy,27023.97,,0.207,0.527,251.845,260.507,260.507,260.507,1,1,1,1,0.121,,7.653,,9.894,12.48,0.026,212,0,5277
4,cand,recorded,15,tokyo-night,omarchy,28524.135,,0.266,0.356,251.495,260.384,260.384,260.384,1,1,1,1,0.063,,7.338,,9.616,11.894,0.059,212,0,5290
4,cand,recorded,16,catppuccin-latte,omarchy,30023.56,,0.21,1.556,252.458,261.37,261.37,261.37,1,1,1,1,0.1,,7.779,,10.156,12.996,0.026,212,0,5300
4,cand,recorded,17,tokyo-night,omarchy,31523.833,,0.207,1.372,252.607,261.162,261.162,261.162,1,1,1,1,0.061,,7.575,,9.92,12.604,0.064,212,0,5300
4,cand,recorded,18,catppuccin-latte,omarchy,33024.214,,0.221,1.973,252.784,261.471,261.471,261.471,1,1,1,1,0.093,,7.496,,9.855,11.969,0.052,211,0,5300
4,cand,recorded,19,tokyo-night,omarchy,34523.751,,0.204,1.995,253.326,261.757,261.757,261.757,1,1,1,1,0.059,,7.249,,9.613,11.93,0.014,212,6,5300
4,cand,recorded,20,catppuccin-latte,omarchy,36024.165,,0.214,2.436,253.766,262.221,262.221,262.221,1,1,1,1,0.087,,7.658,,10.017,12.173,0.028,213,0,5300
4,cand,recorded,21,tokyo-night,omarchy,37523.931,,0.208,2.545,253.711,262.259,262.259,262.259,1,1,1,1,0.06,,7.207,,9.543,11.36,0.016,212,6,5300
4,cand,recorded,22,catppuccin-latte,omarchy,39024.16,,0.207,3.424,254.514,263.209,263.209,263.209,1,1,1,1,0.092,,7.793,,10.129,13.473,0.045,211,0,5300
4,cand,recorded,23,tokyo-night,omarchy,40524.169,,0.246,3.784,254.838,263.09,263.09,263.09,1,1,1,1,0.085,,7.19,,9.546,12.712,0.06,212,6,5300
4,cand,recorded,24,catppuccin-latte,omarchy,42024.156,,0.255,3.931,254.823,263.346,263.346,263.346,1,1,1,1,0.091,,7.415,,9.705,12.666,0.033,212,0,5153
4,cand,recorded,25,tokyo-night,omarchy,43523.651,,0.217,4.204,255.362,263.938,263.938,263.938,1,1,1,1,0.059,,7.263,,9.735,12.326,0.027,212,0,5300
4,cand,recorded,26,catppuccin-latte,omarchy,45024.158,,0.252,4.116,255.245,263.931,263.931,263.931,1,1,1,1,0.091,,7.561,,9.93,12.424,0.028,212,0,5300
4,cand,recorded,27,tokyo-night,omarchy,46524.167,,0.255,4.781,255.86,264.164,264.164,264.164,1,1,1,1,0.06,,7.224,,9.633,11.944,0.056,212,6,5300
4,cand,recorded,28,catppuccin-latte,omarchy,48024.171,,0.216,5.068,255.871,263.986,263.986,263.986,1,1,1,1,0.092,,7.458,,9.79,12.034,0.027,212,0,5302
4,cand,recorded,29,tokyo-night,omarchy,49523.895,,0.206,6.199,257.091,266.465,266.465,266.465,1,1,1,1,0.06,,7.736,,10.181,12.401,0.025,211,0,5228
4,cand,recorded,30,catppuccin-latte,omarchy,51023.849,,0.203,6.24,256.916,265.363,265.363,265.363,1,1,1,1,0.101,,7.705,,10.119,12.097,0.022,213,0,5285
4,cand,recorded,31,tokyo-night,omarchy,52524.172,,0.252,6.058,256.995,265.844,265.844,265.844,1,1,1,1,0.059,,7.454,,10.013,11.759,0.046,213,6,5300
4,cand,recorded,32,catppuccin-latte,omarchy,54024.157,,0.256,6.104,257.205,265.3,265.3,265.3,1,1,1,1,0.085,,7.403,,10.545,13.004,0.019,213,5,5300
4,cand,recorded,33,tokyo-night,omarchy,55523.896,,0.202,7.052,258.222,267.397,267.397,267.397,1,1,1,1,0.085,,7.17,,9.917,12.408,0.017,212,5,5300
4,cand,recorded,34,catppuccin-latte,omarchy,57024.146,,0.21,7.109,258.427,267.571,267.571,267.571,1,1,1,1,0.092,,7.602,,10.34,13.457,0.036,212,0,5300
4,cand,recorded,35,tokyo-night,omarchy,58524.034,,0.208,0.234,251.26,260.023,260.023,260.023,1,1,1,1,0.059,,7.445,,9.945,11.837,0.028,211,0,5300
4,cand,recorded,36,catppuccin-latte,omarchy,60024.072,,0.217,0.517,251.894,261.133,261.133,261.133,1,1,1,1,0.144,,7.676,,11.017,13.471,0.082,211,0,5300
4,cand,recorded,37,tokyo-night,omarchy,61524.02,,0.207,0.544,251.799,261.018,261.018,261.018,1,1,1,1,0.08,,7.767,,10.183,12.473,0.04,212,0,5180
4,cand,recorded,38,catppuccin-latte,omarchy,63023.758,,0.285,2.085,253.048,262.313,262.313,262.313,1,1,1,1,0.088,,7.615,,10.262,12.517,0.051,212,0,5300
4,cand,recorded,39,tokyo-night,omarchy,64523.52,,0.207,2.163,252.973,262.265,262.265,262.265,1,1,1,1,0.06,,7.347,,9.941,12.541,0.034,212,0,5300
4,cand,idle,0,,omarchy,66047.657,,,,,,,,0,0,0,0,,,,,2.628,4.664,0.011,207,,
4,cand,idle,1,,omarchy,67549.742,,,,,,,,0,0,0,0,,,,,2.545,4.657,0.009,207,,
4,cand,idle,2,,omarchy,69049.557,,,,,,,,0,0,0,0,,,,,3.582,5.876,0.032,207,,
4,cand,idle,3,,omarchy,70549.432,,,,,,,,0,0,0,0,,,,,2.53,4.584,0.006,207,,
4,cand,idle,4,,omarchy,72049.772,,,,,,,,0,0,0,0,,,,,2.708,4.719,0.034,207,,
5,base,warmup,0,catppuccin-latte,omarchy,0.0,,0.202,5.352,256.926,264.817,264.817,264.817,1,1,1,1,0.441,,6.911,,10.265,14.03,0.03,214,7,5300
5,base,warmup,1,tokyo-night,omarchy,1499.994,,0.208,6.521,257.261,266.385,266.385,266.385,1,1,1,1,0.167,,7.23,,9.529,12.178,0.066,212,7,5100
5,base,warmup,2,catppuccin-latte,omarchy,2999.987,,0.205,6.069,257.265,265.38,265.38,265.38,1,1,1,1,0.432,,6.98,,9.663,13.448,0.023,212,1,5287
5,base,warmup,3,tokyo-night,omarchy,4499.996,,0.222,7.002,257.822,266.956,266.956,266.956,1,1,1,1,0.147,,7.342,,9.915,12.774,0.009,212,1,5100
5,base,recorded,0,catppuccin-latte,omarchy,6022.724,,0.21,5.983,257.206,266.376,266.376,266.376,1,1,1,1,0.446,,7.079,,9.637,12.729,0.006,212,3,5300
5,base,recorded,1,tokyo-night,omarchy,7523.368,,0.24,5.653,256.475,265.647,265.647,265.647,1,1,1,1,0.145,,7.665,,10.141,12.451,0.041,213,2,5098
5,base,recorded,2,catppuccin-latte,omarchy,9023.471,,0.211,5.982,257.371,266.996,266.996,266.996,1,1,1,1,0.436,,7.34,,9.713,12.568,0.038,212,1,5300
5,base,recorded,3,tokyo-night,omarchy,10522.87,,0.213,6.86,258.015,267.495,267.495,267.495,1,1,1,1,0.147,,7.351,,9.507,11.238,0.032,212,3,5100
5,base,recorded,4,catppuccin-latte,omarchy,12023.568,,0.201,6.488,257.778,266.884,266.884,266.884,1,1,1,1,0.435,,7.022,,9.285,11.915,0.008,212,3,5317
5,base,recorded,5,tokyo-night,omarchy,13522.917,,0.306,7.377,258.617,268.76,268.76,268.76,1,1,1,1,0.149,,8.058,,10.266,12.849,0.024,210,3,5096
5,base,recorded,6,catppuccin-latte,omarchy,15023.08,,0.21,7.15,258.797,268.022,268.022,268.022,1,1,1,1,0.436,,7.064,,9.23,11.33,0.006,212,3,5300
5,base,recorded,7,tokyo-night,omarchy,16523.211,,0.206,0.165,251.424,260.443,260.443,260.443,1,1,1,1,0.148,,7.296,,9.439,11.278,0.014,211,2,5100
5,base,recorded,8,catppuccin-latte,omarchy,18023.458,,0.259,0.147,251.61,261.201,261.201,261.201,1,1,1,1,0.475,,7.295,,9.434,12.577,0.014,211,2,5300
5,base,recorded,9,tokyo-night,omarchy,19523.321,,0.244,0.641,251.984,261.068,261.068,261.068,1,1,1,1,0.155,,7.329,,9.479,12.672,0.007,212,2,5100
5,base,recorded,10,catppuccin-latte,omarchy,21023.075,,0.202,1.088,252.786,262.322,262.322,262.322,1,1,1,1,0.471,,7.167,,9.393,13.037,0.01,212,2,5292
5,base,recorded,11,tokyo-night,omarchy,22523.07,,0.206,2.058,252.911,262.301,262.301,262.301,1,1,1,1,0.146,,7.301,,9.359,12.901,0.015,211,2,5105
5,base,recorded,12,catppuccin-latte,omarchy,24023.075,,0.204,1.545,253.249,262.683,262.683,262.683,1,1,1,1,0.436,,7.252,,9.313,12.629,0.01,212,2,5268
5,base,recorded,13,tokyo-night,omarchy,25523.342,,0.264,2.206,253.32,262.881,262.881,262.881,1,1,1,1,0.152,,7.202,,9.209,12.473,0.012,212,3,5100
5,base,recorded,14,catppuccin-latte,omarchy,27023.466,,0.257,2.15,253.529,262.9,262.9,262.9,1,1,1,1,0.467,,6.969,,9.035,12.414,0.018,212,3,5302
5,base,recorded,15,tokyo-night,omarchy,28523.178,,0.205,3.408,254.669,263.858,263.858,263.858,1,1,1,1,0.144,,7.196,,9.199,12.188,0.022,212,3,5100
5,base,recorded,16,catppuccin-latte,omarchy,30023.465,,0.209,3.041,254.209,263.758,263.758,263.758,1,1,1,1,0.425,,7.294,,9.478,12.575,0.021,212,3,5214
5,base,recorded,17,tokyo-night,omarchy,31523.151,,0.238,3.891,254.852,264.226,264.226,264.226,1,1,1,1,0.147,,7.078,,9.202,11.638,0.06,212,2,5099
5,base,recorded,18,catppuccin-latte,omarchy,33023.505,,0.216,4.108,255.49,264.505,264.505,264.505,1,1,1,1,0.479,,7.096,,9.238,12.332,0.082,213,3,5268
5,base,recorded,19,tokyo-night,omarchy,34523.485,,0.213,4.386,255.633,264.473,264.473,264.473,1,1,1,1,0.149,,7.092,,9.258,11.877,0.058,212,4,5100
5,base,recorded,20,catppuccin-latte,omarchy,36023.45,,0.257,4.289,255.542,264.961,264.961,264.961,1,1,1,1,0.431,,7.254,,9.449,12.46,0.064,212,4,5286
5,base,recorded,21,tokyo-night,omarchy,37523.462,,0.21,5.046,255.852,264.951,264.951,264.951,1,1,1,1,0.151,,7.923,,10.133,12.505,0.052,212,3,5094
5,base,recorded,22,catppuccin-latte,omarchy,39023.461,,0.263,5.089,256.777,265.354,265.354,265.354,1,1,1,1,0.426,,7.091,,9.185,12.629,0.049,212,3,5300
5,base,recorded,23,tokyo-night,omarchy,40523.461,,0.257,5.212,256.619,265.245,265.245,265.245,1,1,1,1,0.136,,7.249,,9.284,11.237,0.259,212,5,5297
5,base,recorded,24,catppuccin-latte,omarchy,42023.481,,0.21,6.18,257.482,266.52,266.52,266.52,1,1,1,1,0.492,,7.15,,9.453,12.492,0.037,212,3,5300
5,base,recorded,25,tokyo-night,omarchy,43523.465,,0.256,6.783,257.652,266.687,266.687,266.687,1,1,1,1,0.148,,7.313,,9.527,12.411,0.011,212,7,5100
5,base,recorded,26,catppuccin-latte,omarchy,45023.283,,0.204,7.315,258.389,267.329,267.329,267.329,1,1,1,1,0.426,,7.113,,9.392,12.312,0.005,212,7,5298
5,base,recorded,27,tokyo-night,omarchy,46523.049,,0.204,7.441,258.618,267.613,267.613,267.613,1,1,1,1,0.154,,7.264,,9.405,11.39,0.037,213,3,5100
5,base,recorded,28,catppuccin-latte,omarchy,48023.457,,0.256,7.371,258.846,267.691,267.691,267.691,1,1,1,1,0.431,,6.959,,9.187,11.828,0.037,212,3,5300
5,base,recorded,29,tokyo-night,omarchy,49522.994,,0.227,1.391,252.187,261.146,261.146,261.146,1,1,1,1,0.139,,7.027,,9.309,12.006,0.058,212,3,5222
5,base,recorded,30,catppuccin-latte,omarchy,51023.182,,0.222,0.452,251.939,260.333,260.333,260.333,1,1,1,1,0.431,,6.998,,9.238,12.501,0.021,212,3,5306
5,base,recorded,31,tokyo-night,omarchy,52523.318,,0.335,1.755,252.663,261.659,261.659,261.659,1,1,1,1,0.151,,7.253,,9.413,11.457,0.009,212,5,5100
5,base,recorded,32,catppuccin-latte,omarchy,54022.971,,0.202,1.639,253.292,261.614,261.614,261.614,1,1,1,1,0.476,,7.133,,9.258,11.551,0.021,211,5,5300
5,base,recorded,33,tokyo-night,omarchy,55523.469,,0.21,1.813,252.774,261.361,261.361,261.361,1,1,1,1,0.144,,7.153,,9.398,12.587,0.03,212,3,5136
5,base,recorded,34,catppuccin-latte,omarchy,57023.46,,0.215,1.808,253.667,262.389,262.389,262.389,1,1,1,1,0.43,,7.101,,9.255,12.059,0.011,211,3,5300
5,base,recorded,35,tokyo-night,omarchy,58523.478,,0.219,2.331,253.288,261.908,261.908,261.908,1,1,1,1,0.147,,7.256,,9.534,11.903,0.029,212,6,5100
5,base,recorded,36,catppuccin-latte,omarchy,60023.484,,0.23,2.268,253.759,262.279,262.279,262.279,1,1,1,1,0.509,,7.055,,9.396,12.338,0.011,212,6,5300
5,base,recorded,37,tokyo-night,omarchy,61523.273,,0.203,3.016,254.164,263.041,263.041,263.041,1,1,1,1,0.154,,7.174,,9.404,11.572,0.01,212,6,5100
5,base,recorded,38,catppuccin-latte,omarchy,63023.04,,0.203,3.022,254.73,263.255,263.255,263.255,1,1,1,1,0.43,,6.996,,9.197,11.925,0.025,212,6,5300
5,base,recorded,39,tokyo-night,omarchy,64522.936,,0.209,3.852,255.311,263.733,263.733,263.733,1,1,1,1,0.146,,7.03,,9.204,11.559,0.018,212,6,5247
5,base,idle,0,,omarchy,66046.47,,,,,,,,0,0,0,0,,,,,2.565,5.018,0.02,208,,
5,base,idle,1,,omarchy,67548.187,,,,,,,,0,0,0,0,,,,,2.602,4.197,0.013,207,,
5,base,idle,2,,omarchy,69047.755,,,,,,,,0,0,0,0,,,,,2.79,4.876,0.066,206,,
5,base,idle,3,,omarchy,70547.933,,,,,,,,0,0,0,0,,,,,2.761,5.036,0.005,207,,
5,base,idle,4,,omarchy,72047.846,,,,,,,,0,0,0,0,,,,,2.81,4.95,0.006,207,,
6,base,warmup,0,catppuccin-latte,omarchy,0.0,,0.206,7.108,258.776,267.163,267.163,267.163,1,1,1,1,0.431,,6.976,,9.145,11.97,0.013,212,4,5300
6,base,warmup,1,tokyo-night,omarchy,1499.736,,0.212,1.688,252.697,261.449,261.449,261.449,1,1,1,1,0.139,,6.948,,9.137,11.43,0.006,212,4,5300
6,base,warmup,2,catppuccin-latte,omarchy,2999.664,,0.243,1.804,253.026,261.382,261.382,261.382,1,1,1,1,0.436,,7.12,,9.186,12.237,0.014,212,4,5300
6,base,warmup,3,tokyo-night,omarchy,4499.528,,0.216,1.815,253.061,262.325,262.325,262.325,1,1,1,1,0.138,,7.474,,9.686,11.878,0.012,211,4,5285
6,base,recorded,0,catppuccin-latte,omarchy,6023.091,,0.218,6.98,258.73,267.585,267.585,267.585,1,1,1,1,0.429,,6.949,,9.078,11.397,0.002,212,4,5300
6,base,recorded,1,tokyo-night,omarchy,7523.117,,0.21,0.31,251.758,261.546,261.546,261.546,1,1,1,1,0.142,,7.9,,10.144,12.111,0.083,212,4,5275
6,base,recorded,2,catppuccin-latte,omarchy,9022.973,,0.207,1.472,252.664,261.721,261.721,261.721,1,1,1,1,0.475,,7.212,,9.458,11.965,0.01,212,4,5300
6,base,recorded,3,tokyo-night,omarchy,10522.771,,0.233,1.94,252.822,261.577,261.577,261.577,1,1,1,1,0.144,,7.242,,9.417,11.34,0.042,212,4,5300
6,base,recorded,4,catppuccin-latte,omarchy,12023.412,,0.21,1.874,253.097,261.642,261.642,261.642,1,1,1,1,0.431,,7.192,,9.348,12.542,0.013,211,2,5300
6,base,recorded,5,tokyo-night,omarchy,13522.799,,0.228,2.024,253.465,261.876,261.876,261.876,1,1,1,1,0.142,,7.048,,9.229,11.807,0.021,212,2,5171
6,base,recorded,6,catppuccin-latte,omarchy,15022.99,,0.214,2.15,253.618,262.341,262.341,262.341,1,1,1,1,0.491,,7.278,,9.465,12.156,0.015,212,2,5300
6,base,recorded,7,tokyo-night,omarchy,16523.404,,0.213,3.086,254.117,263.141,263.141,263.141,1,1,1,1,0.137,,7.255,,9.715,11.59,0.049,212,2,5300
6,base,recorded,8,catppuccin-latte,omarchy,18022.82,,0.309,2.604,254.452,263.308,263.308,263.308,1,1,1,1,0.43,,7.314,,9.391,12.721,0.113,213,2,5300
6,base,recorded,9,tokyo-night,omarchy,19523.202,,0.211,2.896,254.413,262.705,262.705,262.705,1,1,1,1,0.142,,7.008,,9.332,12.452,0.027,212,2,5293
6,base,recorded,10,catppuccin-latte,omarchy,21022.916,,0.253,3.923,255.561,264.505,264.505,264.505,1,1,1,1,0.477,,7.35,,9.614,12.513,0.065,212,2,5300
6,base,recorded,11,tokyo-night,omarchy,22522.909,,0.223,4.764,255.687,264.748,264.748,264.748,1,1,1,1,0.138,,7.228,,9.481,11.448,0.083,212,2,5300
6,base,recorded,12,catppuccin-latte,omarchy,24022.828,,0.291,4.454,256.392,265.03,265.03,265.03,1,1,1,1,0.43,,7.101,,9.305,11.752,0.053,212,5,5300
6,base,recorded,13,tokyo-night,omarchy,25522.808,,0.284,4.754,256.156,265.604,265.604,265.604,1,1,1,1,0.151,,7.323,,9.46,12.088,0.02,212,5,5300
6,base,recorded,14,catppuccin-latte,omarchy,27023.082,,0.21,5.1,256.52,265.272,265.272,265.272,1,1,1,1,0.429,,7.013,,9.083,12.762,0.02,212,5,5299
6,base,recorded,15,tokyo-night,omarchy,28523.216,,0.21,5.641,257.013,266.043,266.043,266.043,1,1,1,1,0.142,,7.174,,9.352,11.676,0.006,212,5,5300
6,base,recorded,16,catppuccin-latte,omarchy,30023.426,,0.209,5.761,257.165,265.596,265.596,265.596,1,1,1,1,0.437,,7.079,,9.16,11.889,0.013,212,4,5300
6,base,recorded,17,tokyo-night,omarchy,31522.88,,0.257,6.763,258.019,266.932,266.932,266.932,1,1,1,1,0.153,,7.156,,9.263,11.6,0.018,213,5,5263
6,base,recorded,18,catppuccin-latte,omarchy,33023.412,,0.216,6.101,257.382,266.008,266.008,266.008,1,1,1,1,0.431,,7.052,,9.138,11.896,0.02,212,5,5300
6,base,recorded,19,tokyo-night,omarchy,34522.798,,0.233,7.858,258.776,267.802,267.802,267.802,1,1,1,1,0.146,,7.164,,9.339,11.774,0.023,212,4,5300
6,base,recorded,20,catppuccin-latte,omarchy,36023.077,,0.212,6.842,258.359,267.331,267.331,267.331,1,1,1,1,0.427,,7.194,,9.348,11.802,0.028,212,4,5287
6,base,recorded,21,tokyo-night,omarchy,37522.954,,0.283,0.328,251.414,260.303,260.303,260.303,1,1,1,1,0.161,,7.369,,9.534,12.021,0.015,212,5,5314
6,base,recorded,22,catppuccin-latte,omarchy,39023.441,,0.229,7.501,259.137,267.478,267.478,267.478,1,1,1,1,0.432,,6.997,,9.112,12.151,0.002,212,5,5300
6,base,recorded,23,tokyo-night,omarchy,40522.803,,0.227,1.961,252.858,261.527,261.527,261.527,1,1,1,1,0.14,,7.001,,9.348,12.104,0.084,211,5,5304
6,base,recorded,24,catppuccin-latte,omarchy,42022.904,,0.221,0.851,252.476,260.879,260.879,260.879,1,1,1,1,0.439,,7.212,,9.313,11.938,0.05,212,4,5289
6,base,recorded,25,tokyo-night,omarchy,43523.459,,0.224,1.259,252.598,261.377,261.377,261.377,1,1,1,1,0.138,,7.241,,9.505,11.758,0.011,212,4,5285
6,base,recorded,26,catppuccin-latte,omarchy,45023.418,,0.213,2.016,253.21,262.005,262.005,262.005,1,1,1,1,0.437,,7.196,,9.367,11.682,0.066,211,4,5300
6,base,recorded,27,tokyo-night,omarchy,46522.966,,0.23,2.048,253.423,262.514,262.514,262.514,1,1,1,1,0.138,,7.387,,9.523,11.575,0.063,212,5,5136
6,base,recorded,28,catppuccin-latte,omarchy,48023.407,,0.212,2.303,253.941,263.083,263.083,263.083,1,1,1,1,0.434,,7.264,,9.533,12.348,0.002,212,5,5300
6,base,recorded,29,tokyo-night,omarchy,49523.451,,0.229,2.249,253.609,262.363,262.363,262.363,1,1,1,1,0.141,,7.069,,9.519,12.243,0.012,212,5,5300
6,base,recorded,30,catppuccin-latte,omarchy,51023.403,,0.21,2.345,253.994,262.373,262.373,262.373,1,1,1,1,0.435,,7.25,,9.486,12.143,0.072,211,5,5295
6,base,recorded,31,tokyo-night,omarchy,52522.987,,0.209,4.455,255.369,263.886,263.886,263.886,1,1,1,1,0.135,,7.255,,9.505,11.82,0.014,212,5,5300
6,base,recorded,32,catppuccin-latte,omarchy,54023.409,,0.211,4.038,255.231,264.349,264.349,264.349,1,1,1,1,0.436,,7.17,,9.388,12.225,0.028,212,5,5300
6,base,recorded,33,tokyo-night,omarchy,55523.103,,0.207,4.132,255.3,263.607,263.607,263.607,1,1,1,1,0.137,,6.987,,9.281,11.863,0.019,212,5,5297
6,base,recorded,34,catppuccin-latte,omarchy,57023.394,,0.238,4.586,256.016,264.436,264.436,264.436,1,1,1,1,0.427,,7.171,,9.469,12.073,0.012,212,5,5300
6,base,recorded,35,tokyo-night,omarchy,58523.217,,0.211,4.558,255.89,264.852,264.852,264.852,1,1,1,1,0.14,,7.452,,9.76,11.624,0.01,212,5,5270
6,base,recorded,36,catppuccin-latte,omarchy,60023.399,,0.209,5.092,256.521,265.49,265.49,265.49,1,1,1,1,0.426,,7.218,,9.594,12.245,0.008,212,5,5300
6,base,recorded,37,tokyo-night,omarchy,61523.402,,0.211,5.132,256.484,265.781,265.781,265.781,1,1,1,1,0.135,,7.206,,9.743,11.809,0.006,212,5,5300
6,base,recorded,38,catppuccin-latte,omarchy,63023.204,,0.216,6.375,257.502,266.545,266.545,266.545,1,1,1,1,0.487,,7.08,,9.234,11.822,0.042,212,5,5300
6,base,recorded,39,tokyo-night,omarchy,64523.405,,0.209,6.428,257.246,265.905,265.905,265.905,1,1,1,1,0.141,,7.042,,9.281,11.728,0.075,212,5,5303
6,base,idle,0,,omarchy,66045.699,,,,,,,,0,0,0,0,,,,,2.583,4.28,0.012,207,,
6,base,idle,1,,omarchy,67547.733,,,,,,,,0,0,0,0,,,,,2.843,4.622,0.016,207,,
6,base,idle,2,,omarchy,69047.568,,,,,,,,0,0,0,0,,,,,2.766,4.426,0.083,207,,
6,base,idle,3,,omarchy,70547.282,,,,,,,,0,0,0,0,,,,,2.673,4.479,0.145,207,,
6,base,idle,4,,omarchy,72047.921,,,,,,,,0,0,0,0,,,,,2.644,4.255,0.056,207,,
7,cand,warmup,0,catppuccin-latte,omarchy,0.0,,0.264,4.646,255.879,264.986,264.986,264.986,1,1,1,1,0.094,,7.702,,10.0,12.718,0.013,211,2,5300
7,cand,warmup,1,tokyo-night,omarchy,1499.613,,0.205,5.328,256.282,265.382,265.382,265.382,1,1,1,1,0.06,,7.358,,9.566,11.742,0.015,212,2,5300
7,cand,warmup,2,catppuccin-latte,omarchy,2999.345,,0.209,5.791,256.769,265.448,265.448,265.448,1,1,1,1,0.094,,7.45,,9.623,12.363,0.008,212,2,5300
7,cand,warmup,3,tokyo-night,omarchy,4499.499,,0.208,6.337,257.272,265.997,265.997,265.997,1,1,1,1,0.069,,7.474,,9.743,12.191,0.006,212,2,5253
7,cand,recorded,0,catppuccin-latte,omarchy,6022.987,,0.227,4.027,255.435,264.545,264.545,264.545,1,1,1,1,0.124,,7.933,,10.127,12.585,0.171,213,3,5000
7,cand,recorded,1,tokyo-night,omarchy,7523.14,,0.263,4.933,256.273,265.154,265.154,265.154,1,1,1,1,0.061,,7.208,,9.447,13.252,0.009,212,2,5288
7,cand,recorded,2,catppuccin-latte,omarchy,9022.926,,0.206,4.946,256.225,265.244,265.244,265.244,1,1,1,1,0.086,,7.594,,9.811,12.651,0.002,212,2,5300
7,cand,recorded,3,tokyo-night,omarchy,10522.55,,0.208,5.954,257.16,266.211,266.211,266.211,1,1,1,1,0.067,,7.254,,9.516,11.946,0.026,212,2,5300
7,cand,recorded,4,catppuccin-latte,omarchy,12022.585,,0.205,6.833,257.799,266.847,266.847,266.847,1,1,1,1,0.096,,7.613,,9.787,12.184,0.066,212,2,5300
7,cand,recorded,5,tokyo-night,omarchy,13522.462,,0.208,6.75,257.976,266.984,266.984,266.984,1,1,1,1,0.064,,7.221,,9.394,11.982,0.011,211,5,5300
7,cand,recorded,6,catppuccin-latte,omarchy,15023.129,,0.213,6.663,257.683,267.786,267.786,267.786,1,1,1,1,0.09,,8.527,,10.671,13.272,0.014,211,4,5258
7,cand,recorded,7,tokyo-night,omarchy,16523.112,,0.258,6.619,257.909,267.112,267.112,267.112,1,1,1,1,0.064,,7.343,,9.742,13.168,0.008,212,5,5270
7,cand,recorded,8,catppuccin-latte,omarchy,18022.664,,0.226,0.564,251.763,260.487,260.487,260.487,1,1,1,1,0.087,,7.564,,9.899,13.116,0.013,212,4,5300
7,cand,recorded,9,tokyo-night,omarchy,19522.545,,0.226,0.391,251.678,260.644,260.644,260.644,1,1,1,1,0.061,,7.161,,9.363,12.098,0.012,212,4,5300
7,cand,recorded,10,catppuccin-latte,omarchy,21022.915,,0.221,0.515,251.806,260.331,260.331,260.331,1,1,1,1,0.089,,7.499,,9.771,12.503,0.016,211,4,5313
7,cand,recorded,11,tokyo-night,omarchy,22522.593,,0.199,1.682,252.934,261.575,261.575,261.575,1,1,1,1,0.061,,7.232,,9.469,11.441,0.014,212,4,5300
7,cand,recorded,12,catppuccin-latte,omarchy,24022.461,,0.212,1.884,252.793,261.2,261.2,261.2,1,1,1,1,0.097,,7.478,,9.712,11.608,0.041,212,5,5300
7,cand,recorded,13,tokyo-night,omarchy,25523.079,,0.264,1.835,252.818,261.614,261.614,261.614,1,1,1,1,0.061,,7.259,,9.504,12.079,0.003,212,4,5256
7,cand,recorded,14,catppuccin-latte,omarchy,27023.108,,0.26,2.0,253.412,261.911,261.911,261.911,1,1,1,1,0.084,,7.36,,9.487,11.599,0.008,212,5,5300
7,cand,recorded,15,tokyo-night,omarchy,28523.099,,0.259,1.83,253.12,261.466,261.466,261.466,1,1,1,1,0.061,,7.204,,9.513,11.93,0.058,211,4,5300
7,cand,recorded,16,catppuccin-latte,omarchy,30023.117,,0.25,2.423,253.439,262.386,262.386,262.386,1,1,1,1,0.087,,7.681,,9.951,12.456,0.022,212,7,5298
7,cand,recorded,17,tokyo-night,omarchy,31523.099,,0.258,3.359,254.199,263.284,263.284,263.284,1,1,1,1,0.059,,7.309,,9.492,11.111,0.022,212,5,5300
7,cand,recorded,18,catppuccin-latte,omarchy,33023.108,,0.252,2.789,254.118,263.129,263.129,263.129,1,1,1,1,0.093,,7.481,,9.798,11.812,0.026,212,5,5300
7,cand,recorded,19,tokyo-night,omarchy,34523.11,,0.256,3.52,254.915,263.832,263.832,263.832,1,1,1,1,0.061,,7.197,,9.481,12.234,0.035,212,7,5299
7,cand,recorded,20,catppuccin-latte,omarchy,36022.841,,0.211,3.851,255.12,264.187,264.187,264.187,1,1,1,1,0.092,,8.054,,10.356,12.425,0.079,212,7,5000
7,cand,recorded,21,tokyo-night,omarchy,37523.102,,0.215,4.471,255.287,264.053,264.053,264.053,1,1,1,1,0.064,,7.696,,9.905,12.466,0.012,212,7,5288
7,cand,recorded,22,catppuccin-latte,omarchy,39022.757,,0.209,5.3,256.122,265.043,265.043,265.043,1,1,1,1,0.086,,7.494,,9.906,12.135,0.057,212,5,5300
7,cand,recorded,23,tokyo-night,omarchy,40523.125,,0.22,5.627,256.463,265.1,265.1,265.1,1,1,1,1,0.057,,7.222,,9.568,11.631,0.008,212,6,5300
7,cand,recorded,24,catppuccin-latte,omarchy,42023.02,,0.247,5.219,256.227,265.028,265.028,265.028,1,1,1,1,0.088,,7.506,,9.813,12.782,0.016,212,7,5300
7,cand,recorded,25,tokyo-night,omarchy,43522.757,,0.21,6.235,257.296,265.918,265.918,265.918,1,1,1,1,0.063,,7.427,,9.814,12.058,0.041,212,7,5300
7,cand,recorded,26,catppuccin-latte,omarchy,45023.107,,0.253,5.921,257.014,265.562,265.562,265.562,1,1,1,1,0.087,,7.606,,10.051,12.794,0.012,212,6,5302
7,cand,recorded,27,tokyo-night,omarchy,46522.56,,0.211,7.372,258.145,266.986,266.986,266.986,1,1,1,1,0.066,,7.468,,10.021,12.448,0.026,212,7,5300
7,cand,recorded,28,catppuccin-latte,omarchy,48023.102,,0.21,7.209,258.223,267.653,267.653,267.653,1,1,1,1,0.086,,7.705,,10.063,12.793,0.048,211,7,5300
7,cand,recorded,29,tokyo-night,omarchy,49523.105,,0.275,6.536,257.861,266.119,266.119,266.119,1,1,1,1,0.067,,7.27,,9.506,12.608,0.036,212,2,5300
7,cand,recorded,30,catppuccin-latte,omarchy,51023.106,,0.255,0.539,251.433,260.948,260.948,260.948,1,1,1,1,0.086,,7.737,,10.269,14.194,0.006,211,2,5278
7,cand,recorded,31,tokyo-night,omarchy,52523.013,,0.242,0.263,251.374,260.08,260.08,260.08,1,1,1,1,0.058,,7.485,,9.825,13.057,0.047,212,2,5263
7,cand,recorded,32,catppuccin-latte,omarchy,54022.6,,0.211,0.761,252.123,260.895,260.895,260.895,1,1,1,1,0.085,,7.62,,10.115,12.748,0.083,212,2,5299
7,cand,recorded,33,tokyo-night,omarchy,55522.622,,0.207,1.651,252.999,262.532,262.532,262.532,1,1,1,1,0.067,,7.531,,10.182,12.671,0.009,211,2,5300
7,cand,recorded,34,catppuccin-latte,omarchy,57022.962,,0.213,0.997,252.391,261.915,261.915,261.915,1,1,1,1,0.123,,7.736,,10.281,13.39,0.013,212,7,5300
7,cand,recorded,35,tokyo-night,omarchy,58523.176,,0.217,1.402,252.768,262.13,262.13,262.13,1,1,1,1,0.059,,7.512,,9.951,12.708,0.023,213,2,5300
7,cand,recorded,36,catppuccin-latte,omarchy,60023.14,,0.262,2.243,253.62,262.915,262.915,262.915,1,1,1,1,0.091,,7.8,,10.457,13.348,0.06,210,7,5300
7,cand,recorded,37,tokyo-night,omarchy,61523.161,,0.275,1.883,253.252,262.357,262.357,262.357,1,1,1,1,0.064,,7.433,,9.842,12.661,0.114,212,0,5234
7,cand,recorded,38,catppuccin-latte,omarchy,63023.138,,0.218,3.184,254.062,263.504,263.504,263.504,1,1,1,1,0.086,,7.713,,9.994,12.692,0.018,212,0,5300
7,cand,recorded,39,tokyo-night,omarchy,64522.448,,0.211,3.699,254.583,263.677,263.677,263.677,1,1,1,1,0.082,,7.32,,9.587,12.349,0.027,212,0,5302
7,cand,idle,0,,omarchy,66046.303,,,,,,,,0,0,0,0,,,,,2.772,5.157,0.056,207,,
7,cand,idle,1,,omarchy,67548.504,,,,,,,,0,0,0,0,,,,,2.741,4.914,0.016,207,,
7,cand,idle,2,,omarchy,69048.52,,,,,,,,0,0,0,0,,,,,2.733,4.503,0.011,207,,
7,cand,idle,3,,omarchy,70548.636,,,,,,,,0,0,0,0,,,,,2.713,4.777,0.01,207,,
7,cand,idle,4,,omarchy,72048.136,,,,,,,,0,0,0,0,,,,,2.658,4.436,0.04,207,,
